2026-08-20 00:24:52,825 [INFO] Start training
2026-08-20 00:24:53,167 [INFO] number of trainable parameters: 81918306
Not using distributed mode
['ipiqa']
Position interpolate from 7x7 to 16x16
Freezing <class 'clip.model.Transformer'> ...
use qa-token, unfreeze wte ...
Freezing <class 'clip.model.LayerNorm'> ...
Freezing <class 'torch.nn.parameter.Parameter'> ...
Freezing <class 'torch.nn.parameter.Parameter'> ...
head scale: 10.0
2026-08-20 00:24:53,747 [INFO] Start training epoch 0, 74 iters per inner epoch.
2026-08-20 00:25:17,861 [INFO] Averaged stats: lr: 0.000005  loss: 2.938354
2026-08-20 00:25:17,961 [INFO] Evaluating on val.
Train: data epoch: [0]  [ 0/74]  eta: 0:04:35  lr: 0.000000  loss: 6.7037  time: 3.7234  data: 0.0001  max mem: 9367
Train: data epoch: [0]  [20/74]  eta: 0:00:24  lr: 0.000003  loss: 6.2580  time: 0.2824  data: 0.0000  max mem: 9987
Train: data epoch: [0]  [40/74]  eta: 0:00:12  lr: 0.000005  loss: 0.7494  time: 0.2806  data: 0.0000  max mem: 9987
Train: data epoch: [0]  [60/74]  eta: 0:00:04  lr: 0.000008  loss: 0.7500  time: 0.2774  data: 0.0000  max mem: 9987
Train: data epoch: [0]  [73/74]  eta: 0:00:00  lr: 0.000010  loss: 0.5353  time: 0.2753  data: 0.0000  max mem: 9987
Train: data epoch: [0] Total time: 0:00:24 (0.3259 s / it)
2026-08-20 00:25:22,129 [INFO] Qual: EPOCH[0] -> PLCC: 0.745489, SROCC: 0.682276, KROCC: 0.489076, LOSS: 0.706914
2026-08-20 00:25:22,129 [INFO] Align: EPOCH[0] -> PLCC: 0.650937, SROCC: 0.556619, KROCC: 0.381693, LOSS: 0.644455
2026-08-20 00:25:22,138 [INFO] Saving checkpoint at epoch 0 to ../run/20260820002_A0_ipqa/checkpoint_best.pth.
2026-08-20 00:25:23,253 [INFO] Start training
2026-08-20 00:25:23,567 [INFO] Start training epoch 1, 74 iters per inner epoch.
2026-08-20 00:25:44,779 [INFO] Averaged stats: lr: 0.000010  loss: 0.427524
2026-08-20 00:25:44,883 [INFO] Evaluating on val.
Train: data epoch: [1]  [ 0/74]  eta: 0:01:08  lr: 0.000010  loss: 0.5676  time: 0.9210  data: 0.0001  max mem: 9987
Train: data epoch: [1]  [20/74]  eta: 0:00:16  lr: 0.000010  loss: 0.4084  time: 0.2792  data: 0.0000  max mem: 9987
Train: data epoch: [1]  [40/74]  eta: 0:00:09  lr: 0.000010  loss: 0.2917  time: 0.2775  data: 0.0000  max mem: 9987
Train: data epoch: [1]  [60/74]  eta: 0:00:04  lr: 0.000010  loss: 0.3250  time: 0.2780  data: 0.0000  max mem: 9987
Train: data epoch: [1]  [73/74]  eta: 0:00:00  lr: 0.000010  loss: 0.3722  time: 0.2764  data: 0.0000  max mem: 9987
Train: data epoch: [1] Total time: 0:00:21 (0.2867 s / it)
2026-08-20 00:25:49,096 [INFO] Qual: EPOCH[1] -> PLCC: 0.844485, SROCC: 0.770626, KROCC: 0.580285, LOSS: 0.287833
2026-08-20 00:25:49,096 [INFO] Align: EPOCH[1] -> PLCC: 0.773736, SROCC: 0.623802, KROCC: 0.443710, LOSS: 0.404625
2026-08-20 00:25:49,114 [INFO] Saving checkpoint at epoch 1 to ../run/20260820002_A0_ipqa/checkpoint_best.pth.
2026-08-20 00:25:51,113 [INFO] Start training
2026-08-20 00:25:51,486 [INFO] Start training epoch 2, 74 iters per inner epoch.
2026-08-20 00:26:13,184 [INFO] Averaged stats: lr: 0.000010  loss: 0.307283
2026-08-20 00:26:13,283 [INFO] Evaluating on val.
Train: data epoch: [2]  [ 0/74]  eta: 0:01:43  lr: 0.000010  loss: 0.3614  time: 1.4032  data: 0.0001  max mem: 9987
Train: data epoch: [2]  [20/74]  eta: 0:00:17  lr: 0.000010  loss: 0.2323  time: 0.2798  data: 0.0000  max mem: 9987
Train: data epoch: [2]  [40/74]  eta: 0:00:10  lr: 0.000010  loss: 0.3005  time: 0.2777  data: 0.0000  max mem: 9987
Train: data epoch: [2]  [60/74]  eta: 0:00:04  lr: 0.000010  loss: 0.2945  time: 0.2764  data: 0.0000  max mem: 9987
Train: data epoch: [2]  [73/74]  eta: 0:00:00  lr: 0.000010  loss: 0.3797  time: 0.2773  data: 0.0000  max mem: 9987
Train: data epoch: [2] Total time: 0:00:21 (0.2932 s / it)
2026-08-20 00:26:17,768 [INFO] Qual: EPOCH[2] -> PLCC: 0.860794, SROCC: 0.795021, KROCC: 0.602459, LOSS: 0.255975
2026-08-20 00:26:17,769 [INFO] Align: EPOCH[2] -> PLCC: 0.803551, SROCC: 0.639687, KROCC: 0.462097, LOSS: 0.344455
2026-08-20 00:26:17,777 [INFO] Saving checkpoint at epoch 2 to ../run/20260820002_A0_ipqa/checkpoint_best.pth.
2026-08-20 00:26:19,801 [INFO] Start training
2026-08-20 00:26:20,164 [INFO] Start training epoch 3, 74 iters per inner epoch.
2026-08-20 00:26:41,811 [INFO] Averaged stats: lr: 0.000010  loss: 0.277647
2026-08-20 00:26:41,909 [INFO] Evaluating on val.
Train: data epoch: [3]  [ 0/74]  eta: 0:01:38  lr: 0.000010  loss: 0.2183  time: 1.3299  data: 0.0001  max mem: 9987
Train: data epoch: [3]  [20/74]  eta: 0:00:17  lr: 0.000010  loss: 0.3224  time: 0.2786  data: 0.0000  max mem: 9987
Train: data epoch: [3]  [40/74]  eta: 0:00:10  lr: 0.000010  loss: 0.2785  time: 0.2789  data: 0.0000  max mem: 9987
Train: data epoch: [3]  [60/74]  eta: 0:00:04  lr: 0.000010  loss: 0.2379  time: 0.2779  data: 0.0000  max mem: 9987
Train: data epoch: [3]  [73/74]  eta: 0:00:00  lr: 0.000010  loss: 0.2325  time: 0.2769  data: 0.0000  max mem: 9987
Train: data epoch: [3] Total time: 0:00:21 (0.2925 s / it)
2026-08-20 00:26:46,081 [INFO] Qual: EPOCH[3] -> PLCC: 0.860993, SROCC: 0.799662, KROCC: 0.609508, LOSS: 0.260637
2026-08-20 00:26:46,081 [INFO] Align: EPOCH[3] -> PLCC: 0.791406, SROCC: 0.635051, KROCC: 0.458533, LOSS: 0.423494
2026-08-20 00:26:46,092 [INFO] Saving checkpoint at epoch 3 to ../run/20260820002_A0_ipqa/checkpoint_best.pth.
2026-08-20 00:26:48,356 [INFO] Start training
2026-08-20 00:26:48,712 [INFO] Start training epoch 4, 74 iters per inner epoch.
2026-08-20 00:27:09,947 [INFO] Averaged stats: lr: 0.000010  loss: 0.242462
2026-08-20 00:27:10,047 [INFO] Evaluating on val.
Train: data epoch: [4]  [ 0/74]  eta: 0:01:07  lr: 0.000010  loss: 0.3039  time: 0.9085  data: 0.0001  max mem: 9987
Train: data epoch: [4]  [20/74]  eta: 0:00:16  lr: 0.000010  loss: 0.2578  time: 0.2803  data: 0.0000  max mem: 9987
Train: data epoch: [4]  [40/74]  eta: 0:00:09  lr: 0.000010  loss: 0.1903  time: 0.2772  data: 0.0000  max mem: 9987
Train: data epoch: [4]  [60/74]  eta: 0:00:04  lr: 0.000010  loss: 0.2533  time: 0.2783  data: 0.0000  max mem: 9987
Train: data epoch: [4]  [73/74]  eta: 0:00:00  lr: 0.000010  loss: 0.2011  time: 0.2778  data: 0.0000  max mem: 9987
Train: data epoch: [4] Total time: 0:00:21 (0.2869 s / it)
2026-08-20 00:27:14,347 [INFO] Qual: EPOCH[4] -> PLCC: 0.864502, SROCC: 0.798732, KROCC: 0.608469, LOSS: 0.248508
2026-08-20 00:27:14,347 [INFO] Align: EPOCH[4] -> PLCC: 0.804471, SROCC: 0.644779, KROCC: 0.469838, LOSS: 0.345163
2026-08-20 00:27:14,356 [INFO] Saving checkpoint at epoch 4 to ../run/20260820002_A0_ipqa/checkpoint_best.pth.
2026-08-20 00:27:16,259 [INFO] Start training
2026-08-20 00:27:16,578 [INFO] Start training epoch 5, 74 iters per inner epoch.
2026-08-20 00:27:37,746 [INFO] Averaged stats: lr: 0.000010  loss: 0.211224
2026-08-20 00:27:37,849 [INFO] Evaluating on val.
Train: data epoch: [5]  [ 0/74]  eta: 0:01:02  lr: 0.000010  loss: 0.2572  time: 0.8476  data: 0.0001  max mem: 9987
Train: data epoch: [5]  [20/74]  eta: 0:00:16  lr: 0.000010  loss: 0.1932  time: 0.2795  data: 0.0000  max mem: 9987
Train: data epoch: [5]  [40/74]  eta: 0:00:09  lr: 0.000010  loss: 0.2091  time: 0.2776  data: 0.0000  max mem: 9987
Train: data epoch: [5]  [60/74]  eta: 0:00:04  lr: 0.000010  loss: 0.2231  time: 0.2782  data: 0.0000  max mem: 9987
Train: data epoch: [5]  [73/74]  eta: 0:00:00  lr: 0.000010  loss: 0.1945  time: 0.2780  data: 0.0000  max mem: 9987
Train: data epoch: [5] Total time: 0:00:21 (0.2860 s / it)
2026-08-20 00:27:42,184 [INFO] Qual: EPOCH[5] -> PLCC: 0.863158, SROCC: 0.802881, KROCC: 0.614479, LOSS: 0.300776
2026-08-20 00:27:42,185 [INFO] Align: EPOCH[5] -> PLCC: 0.791018, SROCC: 0.619546, KROCC: 0.447821, LOSS: 0.562970
2026-08-20 00:27:42,194 [INFO] Saving checkpoint at epoch 5 to ../run/20260820002_A0_ipqa/checkpoint_best.pth.
2026-08-20 00:27:44,116 [INFO] Start training
2026-08-20 00:27:44,476 [INFO] Start training epoch 6, 74 iters per inner epoch.
2026-08-20 00:28:06,188 [INFO] Averaged stats: lr: 0.000010  loss: 0.198446
2026-08-20 00:28:06,296 [INFO] Evaluating on val.
Train: data epoch: [6]  [ 0/74]  eta: 0:01:36  lr: 0.000010  loss: 0.2257  time: 1.3108  data: 0.0001  max mem: 9987
Train: data epoch: [6]  [20/74]  eta: 0:00:17  lr: 0.000010  loss: 0.1729  time: 0.2804  data: 0.0000  max mem: 9987
Train: data epoch: [6]  [40/74]  eta: 0:00:10  lr: 0.000010  loss: 0.2582  time: 0.2794  data: 0.0000  max mem: 9987
Train: data epoch: [6]  [60/74]  eta: 0:00:04  lr: 0.000010  loss: 0.1373  time: 0.2789  data: 0.0000  max mem: 9987
Train: data epoch: [6]  [73/74]  eta: 0:00:00  lr: 0.000010  loss: 0.2710  time: 0.2785  data: 0.0000  max mem: 9987
Train: data epoch: [6] Total time: 0:00:21 (0.2934 s / it)
2026-08-20 00:28:10,582 [INFO] Qual: EPOCH[6] -> PLCC: 0.864941, SROCC: 0.793907, KROCC: 0.606347, LOSS: 0.252269
2026-08-20 00:28:10,582 [INFO] Align: EPOCH[6] -> PLCC: 0.789534, SROCC: 0.611565, KROCC: 0.440192, LOSS: 0.389469
2026-08-20 00:28:10,583 [INFO] Start training
2026-08-20 00:28:10,932 [INFO] Start training epoch 7, 74 iters per inner epoch.
2026-08-20 00:28:32,810 [INFO] Averaged stats: lr: 0.000010  loss: 0.178805
2026-08-20 00:28:32,913 [INFO] Evaluating on val.
Train: data epoch: [7]  [ 0/74]  eta: 0:01:40  lr: 0.000010  loss: 0.2492  time: 1.3559  data: 0.0001  max mem: 9987
Train: data epoch: [7]  [20/74]  eta: 0:00:18  lr: 0.000010  loss: 0.1099  time: 0.2829  data: 0.0000  max mem: 9987
Train: data epoch: [7]  [40/74]  eta: 0:00:10  lr: 0.000010  loss: 0.1872  time: 0.2814  data: 0.0000  max mem: 9987
Train: data epoch: [7]  [60/74]  eta: 0:00:04  lr: 0.000010  loss: 0.1491  time: 0.2791  data: 0.0000  max mem: 9987
Train: data epoch: [7]  [73/74]  eta: 0:00:00  lr: 0.000010  loss: 0.1347  time: 0.2797  data: 0.0000  max mem: 9987
Train: data epoch: [7] Total time: 0:00:21 (0.2956 s / it)
2026-08-20 00:28:37,330 [INFO] Qual: EPOCH[7] -> PLCC: 0.865815, SROCC: 0.795103, KROCC: 0.604928, LOSS: 0.249825
2026-08-20 00:28:37,330 [INFO] Align: EPOCH[7] -> PLCC: 0.792305, SROCC: 0.617698, KROCC: 0.445531, LOSS: 0.375875
2026-08-20 00:28:37,331 [INFO] Start training
2026-08-20 00:28:37,673 [INFO] Start training epoch 8, 74 iters per inner epoch.
2026-08-20 00:28:59,502 [INFO] Averaged stats: lr: 0.000010  loss: 0.171059
2026-08-20 00:28:59,608 [INFO] Evaluating on val.
Train: data epoch: [8]  [ 0/74]  eta: 0:01:41  lr: 0.000010  loss: 0.2033  time: 1.3770  data: 0.0001  max mem: 9987
Train: data epoch: [8]  [20/74]  eta: 0:00:17  lr: 0.000010  loss: 0.1299  time: 0.2805  data: 0.0000  max mem: 9987
Train: data epoch: [8]  [40/74]  eta: 0:00:10  lr: 0.000010  loss: 0.1937  time: 0.2799  data: 0.0000  max mem: 9987
Train: data epoch: [8]  [60/74]  eta: 0:00:04  lr: 0.000010  loss: 0.1400  time: 0.2806  data: 0.0000  max mem: 9987
Train: data epoch: [8]  [73/74]  eta: 0:00:00  lr: 0.000010  loss: 0.2614  time: 0.2792  data: 0.0000  max mem: 9987
Train: data epoch: [8] Total time: 0:00:21 (0.2950 s / it)
2026-08-20 00:29:03,804 [INFO] Qual: EPOCH[8] -> PLCC: 0.869355, SROCC: 0.811603, KROCC: 0.624008, LOSS: 0.334725
2026-08-20 00:29:03,804 [INFO] Align: EPOCH[8] -> PLCC: 0.778477, SROCC: 0.618994, KROCC: 0.448480, LOSS: 0.627616
2026-08-20 00:29:03,816 [INFO] Saving checkpoint at epoch 8 to ../run/20260820002_A0_ipqa/checkpoint_best.pth.
2026-08-20 00:29:05,293 [INFO] Start training
2026-08-20 00:29:05,622 [INFO] Start training epoch 9, 74 iters per inner epoch.
2026-08-20 00:29:27,077 [INFO] Averaged stats: lr: 0.000010  loss: 0.147364
2026-08-20 00:29:27,154 [INFO] Evaluating on val.
Train: data epoch: [9]  [ 0/74]  eta: 0:01:08  lr: 0.000010  loss: 0.1424  time: 0.9194  data: 0.0001  max mem: 9987
Train: data epoch: [9]  [20/74]  eta: 0:00:16  lr: 0.000010  loss: 0.1015  time: 0.2836  data: 0.0000  max mem: 9987
Train: data epoch: [9]  [40/74]  eta: 0:00:10  lr: 0.000010  loss: 0.1183  time: 0.2795  data: 0.0000  max mem: 9987
Train: data epoch: [9]  [60/74]  eta: 0:00:04  lr: 0.000010  loss: 0.1306  time: 0.2814  data: 0.0000  max mem: 9987
Train: data epoch: [9]  [73/74]  eta: 0:00:00  lr: 0.000010  loss: 0.2305  time: 0.2804  data: 0.0000  max mem: 9987
Train: data epoch: [9] Total time: 0:00:21 (0.2899 s / it)
2026-08-20 00:29:31,479 [INFO] Qual: EPOCH[9] -> PLCC: 0.869862, SROCC: 0.812815, KROCC: 0.625739, LOSS: 0.283549
2026-08-20 00:29:31,480 [INFO] Align: EPOCH[9] -> PLCC: 0.788996, SROCC: 0.627113, KROCC: 0.453909, LOSS: 0.466796
2026-08-20 00:29:31,492 [INFO] Saving checkpoint at epoch 9 to ../run/20260820002_A0_ipqa/checkpoint_best.pth.
2026-08-20 00:29:33,829 [INFO] Start training
2026-08-20 00:29:34,198 [INFO] Start training epoch 10, 74 iters per inner epoch.
2026-08-20 00:29:55,851 [INFO] Averaged stats: lr: 0.000010  loss: 0.134836
2026-08-20 00:29:55,970 [INFO] Evaluating on val.
Train: data epoch: [10]  [ 0/74]  eta: 0:01:22  lr: 0.000010  loss: 0.1708  time: 1.1111  data: 0.0001  max mem: 9987
Train: data epoch: [10]  [20/74]  eta: 0:00:17  lr: 0.000010  loss: 0.1409  time: 0.2807  data: 0.0000  max mem: 9987
Train: data epoch: [10]  [40/74]  eta: 0:00:10  lr: 0.000010  loss: 0.1082  time: 0.2803  data: 0.0000  max mem: 9987
Train: data epoch: [10]  [60/74]  eta: 0:00:04  lr: 0.000010  loss: 0.1403  time: 0.2816  data: 0.0000  max mem: 9987
Train: data epoch: [10]  [73/74]  eta: 0:00:00  lr: 0.000010  loss: 0.1105  time: 0.2832  data: 0.0000  max mem: 9987
Train: data epoch: [10] Total time: 0:00:21 (0.2926 s / it)
2026-08-20 00:30:00,296 [INFO] Qual: EPOCH[10] -> PLCC: 0.876866, SROCC: 0.816409, KROCC: 0.630464, LOSS: 0.236063
2026-08-20 00:30:00,297 [INFO] Align: EPOCH[10] -> PLCC: 0.790663, SROCC: 0.632931, KROCC: 0.459081, LOSS: 0.372141
2026-08-20 00:30:00,308 [INFO] Saving checkpoint at epoch 10 to ../run/20260820002_A0_ipqa/checkpoint_best.pth.
2026-08-20 00:30:02,544 [INFO] Start training
2026-08-20 00:30:02,899 [INFO] Start training epoch 11, 74 iters per inner epoch.
2026-08-20 00:30:24,723 [INFO] Averaged stats: lr: 0.000010  loss: 0.117664
2026-08-20 00:30:24,806 [INFO] Evaluating on val.
Train: data epoch: [11]  [ 0/74]  eta: 0:01:34  lr: 0.000010  loss: 0.0758  time: 1.2823  data: 0.0001  max mem: 9987
Train: data epoch: [11]  [20/74]  eta: 0:00:17  lr: 0.000010  loss: 0.1001  time: 0.2817  data: 0.0000  max mem: 9987
Train: data epoch: [11]  [40/74]  eta: 0:00:10  lr: 0.000010  loss: 0.0969  time: 0.2813  data: 0.0000  max mem: 9987
Train: data epoch: [11]  [60/74]  eta: 0:00:04  lr: 0.000010  loss: 0.0980  time: 0.2821  data: 0.0000  max mem: 9987
Train: data epoch: [11]  [73/74]  eta: 0:00:00  lr: 0.000010  loss: 0.0981  time: 0.2805  data: 0.0000  max mem: 9987
Train: data epoch: [11] Total time: 0:00:21 (0.2949 s / it)
2026-08-20 00:30:29,248 [INFO] Qual: EPOCH[11] -> PLCC: 0.876671, SROCC: 0.813350, KROCC: 0.626365, LOSS: 0.242839
2026-08-20 00:30:29,248 [INFO] Align: EPOCH[11] -> PLCC: 0.795086, SROCC: 0.624558, KROCC: 0.453205, LOSS: 0.381046
2026-08-20 00:30:29,249 [INFO] Start training
2026-08-20 00:30:29,590 [INFO] Start training epoch 12, 74 iters per inner epoch.
2026-08-20 00:30:51,043 [INFO] Averaged stats: lr: 0.000010  loss: 0.115163
2026-08-20 00:30:51,144 [INFO] Evaluating on val.
Train: data epoch: [12]  [ 0/74]  eta: 0:01:03  lr: 0.000010  loss: 0.1478  time: 0.8523  data: 0.0001  max mem: 9987
Train: data epoch: [12]  [20/74]  eta: 0:00:16  lr: 0.000010  loss: 0.1556  time: 0.2837  data: 0.0000  max mem: 9987
Train: data epoch: [12]  [40/74]  eta: 0:00:10  lr: 0.000010  loss: 0.1140  time: 0.2805  data: 0.0000  max mem: 9987
Train: data epoch: [12]  [60/74]  eta: 0:00:04  lr: 0.000010  loss: 0.1040  time: 0.2827  data: 0.0000  max mem: 9987
Train: data epoch: [12]  [73/74]  eta: 0:00:00  lr: 0.000010  loss: 0.1132  time: 0.2817  data: 0.0000  max mem: 9987
Train: data epoch: [12] Total time: 0:00:21 (0.2899 s / it)
2026-08-20 00:30:55,640 [INFO] Qual: EPOCH[12] -> PLCC: 0.873296, SROCC: 0.815497, KROCC: 0.628431, LOSS: 0.240930
2026-08-20 00:30:55,640 [INFO] Align: EPOCH[12] -> PLCC: 0.784550, SROCC: 0.623506, KROCC: 0.452177, LOSS: 0.395440
2026-08-20 00:30:55,641 [INFO] Start training
2026-08-20 00:30:55,982 [INFO] Start training epoch 13, 74 iters per inner epoch.
2026-08-20 00:31:19,188 [INFO] Averaged stats: lr: 0.000010  loss: 0.109382
2026-08-20 00:31:19,277 [INFO] Evaluating on val.
Train: data epoch: [13]  [ 0/74]  eta: 0:01:55  lr: 0.000010  loss: 0.1052  time: 1.5576  data: 0.0001  max mem: 9987
Train: data epoch: [13]  [20/74]  eta: 0:00:20  lr: 0.000010  loss: 0.1541  time: 0.3140  data: 0.0000  max mem: 9987
Train: data epoch: [13]  [40/74]  eta: 0:00:11  lr: 0.000010  loss: 0.0806  time: 0.2801  data: 0.0000  max mem: 9987
Train: data epoch: [13]  [60/74]  eta: 0:00:04  lr: 0.000010  loss: 0.0821  time: 0.3048  data: 0.0000  max mem: 9987
Train: data epoch: [13]  [73/74]  eta: 0:00:00  lr: 0.000010  loss: 0.1314  time: 0.2858  data: 0.0000  max mem: 9987
Train: data epoch: [13] Total time: 0:00:23 (0.3136 s / it)
2026-08-20 00:31:23,567 [INFO] Qual: EPOCH[13] -> PLCC: 0.866379, SROCC: 0.795775, KROCC: 0.607028, LOSS: 0.275727
2026-08-20 00:31:23,567 [INFO] Align: EPOCH[13] -> PLCC: 0.773973, SROCC: 0.606679, KROCC: 0.435031, LOSS: 0.385568
2026-08-20 00:31:23,568 [INFO] Start training
2026-08-20 00:31:23,913 [INFO] Start training epoch 14, 74 iters per inner epoch.
2026-08-20 00:31:45,847 [INFO] Averaged stats: lr: 0.000010  loss: 0.106362
2026-08-20 00:31:45,947 [INFO] Evaluating on val.
Train: data epoch: [14]  [ 0/74]  eta: 0:01:44  lr: 0.000010  loss: 0.0971  time: 1.4057  data: 0.0001  max mem: 9987
Train: data epoch: [14]  [20/74]  eta: 0:00:18  lr: 0.000010  loss: 0.1105  time: 0.2814  data: 0.0000  max mem: 9987
Train: data epoch: [14]  [40/74]  eta: 0:00:10  lr: 0.000010  loss: 0.0924  time: 0.2802  data: 0.0000  max mem: 9987
Train: data epoch: [14]  [60/74]  eta: 0:00:04  lr: 0.000010  loss: 0.0859  time: 0.2811  data: 0.0000  max mem: 9987
Train: data epoch: [14]  [73/74]  eta: 0:00:00  lr: 0.000010  loss: 0.1652  time: 0.2823  data: 0.0000  max mem: 9987
Train: data epoch: [14] Total time: 0:00:21 (0.2964 s / it)
2026-08-20 00:31:50,489 [INFO] Qual: EPOCH[14] -> PLCC: 0.873424, SROCC: 0.812345, KROCC: 0.625907, LOSS: 0.232259
2026-08-20 00:31:50,489 [INFO] Align: EPOCH[14] -> PLCC: 0.789802, SROCC: 0.615886, KROCC: 0.445911, LOSS: 0.382824
2026-08-20 00:31:50,490 [INFO] Start training
2026-08-20 00:31:50,808 [INFO] Start training epoch 15, 74 iters per inner epoch.
2026-08-20 00:32:12,464 [INFO] Averaged stats: lr: 0.000010  loss: 0.100436
2026-08-20 00:32:12,553 [INFO] Evaluating on val.
Train: data epoch: [15]  [ 0/74]  eta: 0:01:23  lr: 0.000010  loss: 0.1036  time: 1.1224  data: 0.0001  max mem: 9987
Train: data epoch: [15]  [20/74]  eta: 0:00:17  lr: 0.000010  loss: 0.0889  time: 0.2789  data: 0.0000  max mem: 9987
Train: data epoch: [15]  [40/74]  eta: 0:00:10  lr: 0.000010  loss: 0.0659  time: 0.2825  data: 0.0000  max mem: 9987
Train: data epoch: [15]  [60/74]  eta: 0:00:04  lr: 0.000010  loss: 0.1296  time: 0.2819  data: 0.0000  max mem: 9987
Train: data epoch: [15]  [73/74]  eta: 0:00:00  lr: 0.000010  loss: 0.0922  time: 0.2816  data: 0.0000  max mem: 9987
Train: data epoch: [15] Total time: 0:00:21 (0.2927 s / it)
2026-08-20 00:32:16,770 [INFO] Qual: EPOCH[15] -> PLCC: 0.864066, SROCC: 0.808801, KROCC: 0.621193, LOSS: 0.263235
2026-08-20 00:32:16,770 [INFO] Align: EPOCH[15] -> PLCC: 0.778809, SROCC: 0.613750, KROCC: 0.444850, LOSS: 0.399131
2026-08-20 00:32:16,782 [INFO] Saving checkpoint at epoch 15 to ../run/20260820002_A0_ipqa/checkpoint_latest.pth.
2026-08-20 00:32:18,083 [INFO] Start training
2026-08-20 00:32:18,380 [INFO] Start training epoch 16, 74 iters per inner epoch.
2026-08-20 00:32:39,875 [INFO] Averaged stats: lr: 0.000009  loss: 0.091905
2026-08-20 00:32:39,977 [INFO] Evaluating on val.
Train: data epoch: [16]  [ 0/74]  eta: 0:01:09  lr: 0.000009  loss: 0.0688  time: 0.9411  data: 0.0001  max mem: 9987
Train: data epoch: [16]  [20/74]  eta: 0:00:16  lr: 0.000009  loss: 0.1153  time: 0.2829  data: 0.0000  max mem: 9987
Train: data epoch: [16]  [40/74]  eta: 0:00:10  lr: 0.000009  loss: 0.1452  time: 0.2844  data: 0.0000  max mem: 9987
Train: data epoch: [16]  [60/74]  eta: 0:00:04  lr: 0.000009  loss: 0.0967  time: 0.2797  data: 0.0000  max mem: 9987
Train: data epoch: [16]  [73/74]  eta: 0:00:00  lr: 0.000009  loss: 0.0867  time: 0.2781  data: 0.0000  max mem: 9987
Train: data epoch: [16] Total time: 0:00:21 (0.2905 s / it)
2026-08-20 00:32:44,359 [INFO] Qual: EPOCH[16] -> PLCC: 0.873782, SROCC: 0.817461, KROCC: 0.631995, LOSS: 0.255510
2026-08-20 00:32:44,360 [INFO] Align: EPOCH[16] -> PLCC: 0.786291, SROCC: 0.604871, KROCC: 0.436282, LOSS: 0.429927
2026-08-20 00:32:44,361 [INFO] Start training
2026-08-20 00:32:44,674 [INFO] Start training epoch 17, 74 iters per inner epoch.
2026-08-20 00:33:06,005 [INFO] Averaged stats: lr: 0.000009  loss: 0.083274
2026-08-20 00:33:06,096 [INFO] Evaluating on val.
Train: data epoch: [17]  [ 0/74]  eta: 0:01:04  lr: 0.000009  loss: 0.1013  time: 0.8724  data: 0.0001  max mem: 9987
Train: data epoch: [17]  [20/74]  eta: 0:00:16  lr: 0.000009  loss: 0.0927  time: 0.2821  data: 0.0000  max mem: 9987
Train: data epoch: [17]  [40/74]  eta: 0:00:10  lr: 0.000009  loss: 0.0925  time: 0.2806  data: 0.0000  max mem: 9987
Train: data epoch: [17]  [60/74]  eta: 0:00:04  lr: 0.000009  loss: 0.0803  time: 0.2802  data: 0.0000  max mem: 9987
Train: data epoch: [17]  [73/74]  eta: 0:00:00  lr: 0.000009  loss: 0.0638  time: 0.2779  data: 0.0000  max mem: 9987
Train: data epoch: [17] Total time: 0:00:21 (0.2882 s / it)
2026-08-20 00:33:10,429 [INFO] Qual: EPOCH[17] -> PLCC: 0.875078, SROCC: 0.814616, KROCC: 0.629582, LOSS: 0.243125
2026-08-20 00:33:10,429 [INFO] Align: EPOCH[17] -> PLCC: 0.792406, SROCC: 0.616732, KROCC: 0.445687, LOSS: 0.367248
2026-08-20 00:33:10,430 [INFO] Start training
2026-08-20 00:33:10,761 [INFO] Start training epoch 18, 74 iters per inner epoch.
2026-08-20 00:33:32,524 [INFO] Averaged stats: lr: 0.000009  loss: 0.081133
2026-08-20 00:33:32,616 [INFO] Evaluating on val.
Train: data epoch: [18]  [ 0/74]  eta: 0:01:43  lr: 0.000009  loss: 0.0903  time: 1.4052  data: 0.0001  max mem: 9987
Train: data epoch: [18]  [20/74]  eta: 0:00:18  lr: 0.000009  loss: 0.0547  time: 0.2800  data: 0.0000  max mem: 9987
Train: data epoch: [18]  [40/74]  eta: 0:00:10  lr: 0.000009  loss: 0.0727  time: 0.2804  data: 0.0000  max mem: 9987
Train: data epoch: [18]  [60/74]  eta: 0:00:04  lr: 0.000009  loss: 0.0652  time: 0.2773  data: 0.0000  max mem: 9987
Train: data epoch: [18]  [73/74]  eta: 0:00:00  lr: 0.000009  loss: 0.0812  time: 0.2765  data: 0.0000  max mem: 9987
Train: data epoch: [18] Total time: 0:00:21 (0.2941 s / it)
2026-08-20 00:33:36,902 [INFO] Qual: EPOCH[18] -> PLCC: 0.876744, SROCC: 0.820578, KROCC: 0.635614, LOSS: 0.228276
2026-08-20 00:33:36,902 [INFO] Align: EPOCH[18] -> PLCC: 0.791459, SROCC: 0.630778, KROCC: 0.457539, LOSS: 0.379452
2026-08-20 00:33:36,913 [INFO] Saving checkpoint at epoch 18 to ../run/20260820002_A0_ipqa/checkpoint_best.pth.
2026-08-20 00:33:39,222 [INFO] Start training
2026-08-20 00:33:39,654 [INFO] Start training epoch 19, 74 iters per inner epoch.
2026-08-20 00:34:01,265 [INFO] Averaged stats: lr: 0.000009  loss: 0.077871
2026-08-20 00:34:01,374 [INFO] Evaluating on val.
Train: data epoch: [19]  [ 0/74]  eta: 0:01:37  lr: 0.000009  loss: 0.0529  time: 1.3147  data: 0.0001  max mem: 9987
Train: data epoch: [19]  [20/74]  eta: 0:00:17  lr: 0.000009  loss: 0.1245  time: 0.2795  data: 0.0000  max mem: 9987
Train: data epoch: [19]  [40/74]  eta: 0:00:10  lr: 0.000009  loss: 0.1075  time: 0.2782  data: 0.0000  max mem: 9987
Train: data epoch: [19]  [60/74]  eta: 0:00:04  lr: 0.000009  loss: 0.0472  time: 0.2773  data: 0.0000  max mem: 9987
Train: data epoch: [19]  [73/74]  eta: 0:00:00  lr: 0.000009  loss: 0.0551  time: 0.2763  data: 0.0000  max mem: 9987
Train: data epoch: [19] Total time: 0:00:21 (0.2920 s / it)
2026-08-20 00:34:05,667 [INFO] Qual: EPOCH[19] -> PLCC: 0.877987, SROCC: 0.825600, KROCC: 0.640414, LOSS: 0.228384
2026-08-20 00:34:05,667 [INFO] Align: EPOCH[19] -> PLCC: 0.780083, SROCC: 0.608416, KROCC: 0.439700, LOSS: 0.396490
2026-08-20 00:34:05,679 [INFO] Saving checkpoint at epoch 19 to ../run/20260820002_A0_ipqa/checkpoint_best.pth.
2026-08-20 00:34:07,741 [INFO] Start training
2026-08-20 00:34:08,135 [INFO] Start training epoch 20, 74 iters per inner epoch.
2026-08-20 00:34:29,635 [INFO] Averaged stats: lr: 0.000009  loss: 0.072760
2026-08-20 00:34:29,740 [INFO] Evaluating on val.
Train: data epoch: [20]  [ 0/74]  eta: 0:01:25  lr: 0.000009  loss: 0.0527  time: 1.1534  data: 0.0001  max mem: 9987
Train: data epoch: [20]  [20/74]  eta: 0:00:17  lr: 0.000009  loss: 0.0693  time: 0.2808  data: 0.0000  max mem: 9987
Train: data epoch: [20]  [40/74]  eta: 0:00:10  lr: 0.000009  loss: 0.0725  time: 0.2782  data: 0.0000  max mem: 9987
Train: data epoch: [20]  [60/74]  eta: 0:00:04  lr: 0.000009  loss: 0.0566  time: 0.2777  data: 0.0000  max mem: 9987
Train: data epoch: [20]  [73/74]  eta: 0:00:00  lr: 0.000009  loss: 0.0698  time: 0.2775  data: 0.0000  max mem: 9987
Train: data epoch: [20] Total time: 0:00:21 (0.2905 s / it)
2026-08-20 00:34:33,957 [INFO] Qual: EPOCH[20] -> PLCC: 0.880832, SROCC: 0.821824, KROCC: 0.636887, LOSS: 0.225386
2026-08-20 00:34:33,957 [INFO] Align: EPOCH[20] -> PLCC: 0.791587, SROCC: 0.625105, KROCC: 0.451976, LOSS: 0.446954
2026-08-20 00:34:33,966 [INFO] Saving checkpoint at epoch 20 to ../run/20260820002_A0_ipqa/checkpoint_latest.pth.
2026-08-20 00:34:36,201 [INFO] Start training
2026-08-20 00:34:36,633 [INFO] Start training epoch 21, 74 iters per inner epoch.
2026-08-20 00:34:58,313 [INFO] Averaged stats: lr: 0.000009  loss: 0.080753
2026-08-20 00:34:58,411 [INFO] Evaluating on val.
Train: data epoch: [21]  [ 0/74]  eta: 0:01:44  lr: 0.000009  loss: 0.0714  time: 1.4175  data: 0.0001  max mem: 9987
Train: data epoch: [21]  [20/74]  eta: 0:00:18  lr: 0.000009  loss: 0.0765  time: 0.2792  data: 0.0000  max mem: 9987
Train: data epoch: [21]  [40/74]  eta: 0:00:10  lr: 0.000009  loss: 0.0506  time: 0.2768  data: 0.0000  max mem: 9987
Train: data epoch: [21]  [60/74]  eta: 0:00:04  lr: 0.000009  loss: 0.0682  time: 0.2766  data: 0.0000  max mem: 9987
Train: data epoch: [21]  [73/74]  eta: 0:00:00  lr: 0.000009  loss: 0.1046  time: 0.2770  data: 0.0000  max mem: 9987
Train: data epoch: [21] Total time: 0:00:21 (0.2930 s / it)
2026-08-20 00:35:02,590 [INFO] Qual: EPOCH[21] -> PLCC: 0.877733, SROCC: 0.818949, KROCC: 0.633793, LOSS: 0.232965
2026-08-20 00:35:02,590 [INFO] Align: EPOCH[21] -> PLCC: 0.786233, SROCC: 0.628202, KROCC: 0.456165, LOSS: 0.413830
2026-08-20 00:35:02,591 [INFO] Start training
2026-08-20 00:35:02,948 [INFO] Start training epoch 22, 74 iters per inner epoch.
2026-08-20 00:35:24,175 [INFO] Averaged stats: lr: 0.000009  loss: 0.069057
2026-08-20 00:35:24,269 [INFO] Evaluating on val.
Train: data epoch: [22]  [ 0/74]  eta: 0:01:04  lr: 0.000009  loss: 0.0747  time: 0.8769  data: 0.0001  max mem: 9987
Train: data epoch: [22]  [20/74]  eta: 0:00:16  lr: 0.000009  loss: 0.0515  time: 0.2787  data: 0.0000  max mem: 9987
Train: data epoch: [22]  [40/74]  eta: 0:00:09  lr: 0.000009  loss: 0.0717  time: 0.2791  data: 0.0000  max mem: 9987
Train: data epoch: [22]  [60/74]  eta: 0:00:04  lr: 0.000009  loss: 0.0519  time: 0.2792  data: 0.0000  max mem: 9987
Train: data epoch: [22]  [73/74]  eta: 0:00:00  lr: 0.000009  loss: 0.0786  time: 0.2772  data: 0.0000  max mem: 9987
Train: data epoch: [22] Total time: 0:00:21 (0.2868 s / it)
2026-08-20 00:35:28,588 [INFO] Qual: EPOCH[22] -> PLCC: 0.869664, SROCC: 0.809079, KROCC: 0.622600, LOSS: 0.319254
2026-08-20 00:35:28,588 [INFO] Align: EPOCH[22] -> PLCC: 0.774726, SROCC: 0.604759, KROCC: 0.437556, LOSS: 0.496757
2026-08-20 00:35:28,589 [INFO] Start training
2026-08-20 00:35:28,949 [INFO] Start training epoch 23, 74 iters per inner epoch.
2026-08-20 00:35:50,425 [INFO] Averaged stats: lr: 0.000009  loss: 0.064688
2026-08-20 00:35:50,510 [INFO] Evaluating on val.
Train: data epoch: [23]  [ 0/74]  eta: 0:01:04  lr: 0.000009  loss: 0.0677  time: 0.8766  data: 0.0001  max mem: 9987
Train: data epoch: [23]  [20/74]  eta: 0:00:17  lr: 0.000009  loss: 0.0733  time: 0.2931  data: 0.0000  max mem: 9987
Train: data epoch: [23]  [40/74]  eta: 0:00:10  lr: 0.000009  loss: 0.0527  time: 0.2783  data: 0.0000  max mem: 9987
Train: data epoch: [23]  [60/74]  eta: 0:00:04  lr: 0.000009  loss: 0.0754  time: 0.2775  data: 0.0000  max mem: 9987
Train: data epoch: [23]  [73/74]  eta: 0:00:00  lr: 0.000009  loss: 0.0570  time: 0.2779  data: 0.0000  max mem: 9987
Train: data epoch: [23] Total time: 0:00:21 (0.2902 s / it)
2026-08-20 00:35:54,929 [INFO] Qual: EPOCH[23] -> PLCC: 0.865323, SROCC: 0.804013, KROCC: 0.618422, LOSS: 0.266959
2026-08-20 00:35:54,930 [INFO] Align: EPOCH[23] -> PLCC: 0.786938, SROCC: 0.619545, KROCC: 0.448614, LOSS: 0.401363
2026-08-20 00:35:54,930 [INFO] Start training
2026-08-20 00:35:55,308 [INFO] Start training epoch 24, 74 iters per inner epoch.
2026-08-20 00:36:16,872 [INFO] Averaged stats: lr: 0.000009  loss: 0.066436
2026-08-20 00:36:16,966 [INFO] Evaluating on val.
Train: data epoch: [24]  [ 0/74]  eta: 0:01:22  lr: 0.000009  loss: 0.0659  time: 1.1203  data: 0.0001  max mem: 9987
Train: data epoch: [24]  [20/74]  eta: 0:00:17  lr: 0.000009  loss: 0.0384  time: 0.2798  data: 0.0000  max mem: 9987
Train: data epoch: [24]  [40/74]  eta: 0:00:10  lr: 0.000009  loss: 0.0725  time: 0.2800  data: 0.0000  max mem: 9987
Train: data epoch: [24]  [60/74]  eta: 0:00:04  lr: 0.000009  loss: 0.0755  time: 0.2794  data: 0.0000  max mem: 9987
Train: data epoch: [24]  [73/74]  eta: 0:00:00  lr: 0.000009  loss: 0.0526  time: 0.2805  data: 0.0000  max mem: 9987
Train: data epoch: [24] Total time: 0:00:21 (0.2914 s / it)
2026-08-20 00:36:21,408 [INFO] Qual: EPOCH[24] -> PLCC: 0.866634, SROCC: 0.809466, KROCC: 0.622220, LOSS: 0.290735
2026-08-20 00:36:21,409 [INFO] Align: EPOCH[24] -> PLCC: 0.786057, SROCC: 0.617524, KROCC: 0.446592, LOSS: 0.405617
2026-08-20 00:36:21,410 [INFO] Start training
2026-08-20 00:36:21,828 [INFO] Start training epoch 25, 74 iters per inner epoch.
2026-08-20 00:36:43,356 [INFO] Averaged stats: lr: 0.000009  loss: 0.060773
2026-08-20 00:36:43,433 [INFO] Evaluating on val.
Train: data epoch: [25]  [ 0/74]  eta: 0:01:10  lr: 0.000009  loss: 0.0620  time: 0.9540  data: 0.0001  max mem: 9987
Train: data epoch: [25]  [20/74]  eta: 0:00:17  lr: 0.000009  loss: 0.0683  time: 0.2833  data: 0.0000  max mem: 9987
Train: data epoch: [25]  [40/74]  eta: 0:00:10  lr: 0.000009  loss: 0.0611  time: 0.2821  data: 0.0000  max mem: 9987
Train: data epoch: [25]  [60/74]  eta: 0:00:04  lr: 0.000009  loss: 0.0678  time: 0.2809  data: 0.0000  max mem: 9987
Train: data epoch: [25]  [73/74]  eta: 0:00:00  lr: 0.000009  loss: 0.0564  time: 0.2797  data: 0.0000  max mem: 9987
Train: data epoch: [25] Total time: 0:00:21 (0.2909 s / it)
2026-08-20 00:36:47,698 [INFO] Qual: EPOCH[25] -> PLCC: 0.872216, SROCC: 0.816856, KROCC: 0.627493, LOSS: 0.262376
2026-08-20 00:36:47,698 [INFO] Align: EPOCH[25] -> PLCC: 0.785023, SROCC: 0.613916, KROCC: 0.444112, LOSS: 0.387387
2026-08-20 00:36:47,710 [INFO] Saving checkpoint at epoch 25 to ../run/20260820002_A0_ipqa/checkpoint_latest.pth.
2026-08-20 00:36:49,189 [INFO] Start training
2026-08-20 00:36:49,597 [INFO] Start training epoch 26, 74 iters per inner epoch.
2026-08-20 00:37:11,271 [INFO] Averaged stats: lr: 0.000009  loss: 0.061142
2026-08-20 00:37:11,361 [INFO] Evaluating on val.
Train: data epoch: [26]  [ 0/74]  eta: 0:01:05  lr: 0.000009  loss: 0.0690  time: 0.8842  data: 0.0001  max mem: 9987
Train: data epoch: [26]  [20/74]  eta: 0:00:17  lr: 0.000009  loss: 0.0422  time: 0.2939  data: 0.0000  max mem: 9987
Train: data epoch: [26]  [40/74]  eta: 0:00:10  lr: 0.000009  loss: 0.0587  time: 0.2821  data: 0.0000  max mem: 9987
Train: data epoch: [26]  [60/74]  eta: 0:00:04  lr: 0.000009  loss: 0.0764  time: 0.2808  data: 0.0000  max mem: 9987
Train: data epoch: [26]  [73/74]  eta: 0:00:00  lr: 0.000009  loss: 0.0496  time: 0.2806  data: 0.0000  max mem: 9987
Train: data epoch: [26] Total time: 0:00:21 (0.2929 s / it)
2026-08-20 00:37:15,587 [INFO] Qual: EPOCH[26] -> PLCC: 0.871514, SROCC: 0.805248, KROCC: 0.619193, LOSS: 0.241685
2026-08-20 00:37:15,587 [INFO] Align: EPOCH[26] -> PLCC: 0.785154, SROCC: 0.612595, KROCC: 0.442057, LOSS: 0.405137
2026-08-20 00:37:15,588 [INFO] Start training
2026-08-20 00:37:16,005 [INFO] Start training epoch 27, 74 iters per inner epoch.
2026-08-20 00:37:37,779 [INFO] Averaged stats: lr: 0.000008  loss: 0.063665
2026-08-20 00:37:37,874 [INFO] Evaluating on val.
Train: data epoch: [27]  [ 0/74]  eta: 0:01:39  lr: 0.000008  loss: 0.0590  time: 1.3460  data: 0.0001  max mem: 9987
Train: data epoch: [27]  [20/74]  eta: 0:00:17  lr: 0.000008  loss: 0.0556  time: 0.2822  data: 0.0000  max mem: 9987
Train: data epoch: [27]  [40/74]  eta: 0:00:10  lr: 0.000008  loss: 0.1678  time: 0.2791  data: 0.0000  max mem: 9987
Train: data epoch: [27]  [60/74]  eta: 0:00:04  lr: 0.000008  loss: 0.0813  time: 0.2789  data: 0.0000  max mem: 9987
Train: data epoch: [27]  [73/74]  eta: 0:00:00  lr: 0.000008  loss: 0.0948  time: 0.2783  data: 0.0000  max mem: 9987
Train: data epoch: [27] Total time: 0:00:21 (0.2942 s / it)
2026-08-20 00:37:42,380 [INFO] Qual: EPOCH[27] -> PLCC: 0.874104, SROCC: 0.821312, KROCC: 0.636284, LOSS: 0.242023
2026-08-20 00:37:42,380 [INFO] Align: EPOCH[27] -> PLCC: 0.773486, SROCC: 0.610162, KROCC: 0.439857, LOSS: 0.489595
2026-08-20 00:37:42,381 [INFO] Start training
2026-08-20 00:37:42,776 [INFO] Start training epoch 28, 74 iters per inner epoch.
2026-08-20 00:38:04,302 [INFO] Averaged stats: lr: 0.000008  loss: 0.056027
2026-08-20 00:38:04,387 [INFO] Evaluating on val.
Train: data epoch: [28]  [ 0/74]  eta: 0:01:05  lr: 0.000008  loss: 0.0831  time: 0.8879  data: 0.0001  max mem: 9987
Train: data epoch: [28]  [20/74]  eta: 0:00:17  lr: 0.000008  loss: 0.0496  time: 0.2930  data: 0.0000  max mem: 9987
Train: data epoch: [28]  [40/74]  eta: 0:00:10  lr: 0.000008  loss: 0.0415  time: 0.2801  data: 0.0000  max mem: 9987
Train: data epoch: [28]  [60/74]  eta: 0:00:04  lr: 0.000008  loss: 0.0663  time: 0.2780  data: 0.0000  max mem: 9987
Train: data epoch: [28]  [73/74]  eta: 0:00:00  lr: 0.000008  loss: 0.0610  time: 0.2780  data: 0.0000  max mem: 9987
Train: data epoch: [28] Total time: 0:00:21 (0.2909 s / it)
2026-08-20 00:38:08,673 [INFO] Qual: EPOCH[28] -> PLCC: 0.875268, SROCC: 0.815694, KROCC: 0.629626, LOSS: 0.234578
2026-08-20 00:38:08,673 [INFO] Align: EPOCH[28] -> PLCC: 0.785107, SROCC: 0.613294, KROCC: 0.441175, LOSS: 0.391100
2026-08-20 00:38:08,674 [INFO] Start training
2026-08-20 00:38:09,081 [INFO] Start training epoch 29, 74 iters per inner epoch.
2026-08-20 00:38:30,735 [INFO] Averaged stats: lr: 0.000008  loss: 0.056677
2026-08-20 00:38:30,849 [INFO] Evaluating on val.
Train: data epoch: [29]  [ 0/74]  eta: 0:01:27  lr: 0.000008  loss: 0.0663  time: 1.1873  data: 0.0001  max mem: 9987
Train: data epoch: [29]  [20/74]  eta: 0:00:17  lr: 0.000008  loss: 0.0331  time: 0.2818  data: 0.0000  max mem: 9987
Train: data epoch: [29]  [40/74]  eta: 0:00:10  lr: 0.000008  loss: 0.0746  time: 0.2808  data: 0.0000  max mem: 9987
Train: data epoch: [29]  [60/74]  eta: 0:00:04  lr: 0.000008  loss: 0.0468  time: 0.2795  data: 0.0000  max mem: 9987
Train: data epoch: [29]  [73/74]  eta: 0:00:00  lr: 0.000008  loss: 0.0900  time: 0.2783  data: 0.0000  max mem: 9987
Train: data epoch: [29] Total time: 0:00:21 (0.2926 s / it)
2026-08-20 00:38:35,496 [INFO] Qual: EPOCH[29] -> PLCC: 0.873359, SROCC: 0.817370, KROCC: 0.629828, LOSS: 0.276078
2026-08-20 00:38:35,496 [INFO] Align: EPOCH[29] -> PLCC: 0.789923, SROCC: 0.623287, KROCC: 0.451038, LOSS: 0.380570
2026-08-20 00:38:35,497 [INFO] Start training
2026-08-20 00:38:35,863 [INFO] Start training epoch 30, 74 iters per inner epoch.
2026-08-20 00:38:57,088 [INFO] Averaged stats: lr: 0.000008  loss: 0.055451
2026-08-20 00:38:57,197 [INFO] Evaluating on val.
Train: data epoch: [30]  [ 0/74]  eta: 0:00:58  lr: 0.000008  loss: 0.0557  time: 0.7947  data: 0.0001  max mem: 9987
Train: data epoch: [30]  [20/74]  eta: 0:00:16  lr: 0.000008  loss: 0.0465  time: 0.2809  data: 0.0000  max mem: 9987
Train: data epoch: [30]  [40/74]  eta: 0:00:09  lr: 0.000008  loss: 0.0339  time: 0.2793  data: 0.0000  max mem: 9987
Train: data epoch: [30]  [60/74]  eta: 0:00:04  lr: 0.000008  loss: 0.0312  time: 0.2788  data: 0.0000  max mem: 9987
Train: data epoch: [30]  [73/74]  eta: 0:00:00  lr: 0.000008  loss: 0.0589  time: 0.2799  data: 0.0000  max mem: 9987
Train: data epoch: [30] Total time: 0:00:21 (0.2868 s / it)
2026-08-20 00:39:01,750 [INFO] Qual: EPOCH[30] -> PLCC: 0.876429, SROCC: 0.818659, KROCC: 0.633633, LOSS: 0.238576
2026-08-20 00:39:01,750 [INFO] Align: EPOCH[30] -> PLCC: 0.789576, SROCC: 0.628433, KROCC: 0.456757, LOSS: 0.397520
2026-08-20 00:39:01,759 [INFO] Saving checkpoint at epoch 30 to ../run/20260820002_A0_ipqa/checkpoint_latest.pth.
2026-08-20 00:39:03,796 [INFO] Start training
2026-08-20 00:39:04,218 [INFO] Start training epoch 31, 74 iters per inner epoch.
2026-08-20 00:39:25,616 [INFO] Averaged stats: lr: 0.000008  loss: 0.050187
2026-08-20 00:39:25,716 [INFO] Evaluating on val.
Train: data epoch: [31]  [ 0/74]  eta: 0:01:18  lr: 0.000008  loss: 0.0350  time: 1.0566  data: 0.0001  max mem: 9987
Train: data epoch: [31]  [20/74]  eta: 0:00:17  lr: 0.000008  loss: 0.0371  time: 0.2788  data: 0.0000  max mem: 9987
Train: data epoch: [31]  [40/74]  eta: 0:00:10  lr: 0.000008  loss: 0.0387  time: 0.2790  data: 0.0000  max mem: 9987
Train: data epoch: [31]  [60/74]  eta: 0:00:04  lr: 0.000008  loss: 0.0454  time: 0.2790  data: 0.0000  max mem: 9987
Train: data epoch: [31]  [73/74]  eta: 0:00:00  lr: 0.000008  loss: 0.0527  time: 0.2774  data: 0.0000  max mem: 9987
Train: data epoch: [31] Total time: 0:00:21 (0.2892 s / it)
2026-08-20 00:39:30,117 [INFO] Qual: EPOCH[31] -> PLCC: 0.869822, SROCC: 0.813094, KROCC: 0.626834, LOSS: 0.314221
2026-08-20 00:39:30,117 [INFO] Align: EPOCH[31] -> PLCC: 0.792302, SROCC: 0.621472, KROCC: 0.449184, LOSS: 0.394753
2026-08-20 00:39:30,118 [INFO] Start training
2026-08-20 00:39:30,499 [INFO] Start training epoch 32, 74 iters per inner epoch.
2026-08-20 00:39:51,828 [INFO] Averaged stats: lr: 0.000008  loss: 0.055432
2026-08-20 00:39:51,942 [INFO] Evaluating on val.
Train: data epoch: [32]  [ 0/74]  eta: 0:01:08  lr: 0.000008  loss: 0.1115  time: 0.9305  data: 0.0001  max mem: 9987
Train: data epoch: [32]  [20/74]  eta: 0:00:16  lr: 0.000008  loss: 0.0705  time: 0.2810  data: 0.0000  max mem: 9987
Train: data epoch: [32]  [40/74]  eta: 0:00:10  lr: 0.000008  loss: 0.1257  time: 0.2798  data: 0.0000  max mem: 9987
Train: data epoch: [32]  [60/74]  eta: 0:00:04  lr: 0.000008  loss: 0.0464  time: 0.2785  data: 0.0000  max mem: 9987
Train: data epoch: [32]  [73/74]  eta: 0:00:00  lr: 0.000008  loss: 0.0385  time: 0.2775  data: 0.0000  max mem: 9987
Train: data epoch: [32] Total time: 0:00:21 (0.2882 s / it)
2026-08-20 00:39:56,264 [INFO] Qual: EPOCH[32] -> PLCC: 0.874249, SROCC: 0.811831, KROCC: 0.626119, LOSS: 0.240585
2026-08-20 00:39:56,264 [INFO] Align: EPOCH[32] -> PLCC: 0.786603, SROCC: 0.619890, KROCC: 0.449977, LOSS: 0.425811
2026-08-20 00:39:56,265 [INFO] Start training
2026-08-20 00:39:56,627 [INFO] Start training epoch 33, 74 iters per inner epoch.
2026-08-20 00:40:18,419 [INFO] Averaged stats: lr: 0.000008  loss: 0.053764
2026-08-20 00:40:18,535 [INFO] Evaluating on val.
Train: data epoch: [33]  [ 0/74]  eta: 0:01:38  lr: 0.000008  loss: 0.0482  time: 1.3286  data: 0.0001  max mem: 9987
Train: data epoch: [33]  [20/74]  eta: 0:00:17  lr: 0.000008  loss: 0.0339  time: 0.2831  data: 0.0000  max mem: 9987
Train: data epoch: [33]  [40/74]  eta: 0:00:10  lr: 0.000008  loss: 0.0469  time: 0.2799  data: 0.0000  max mem: 9987
Train: data epoch: [33]  [60/74]  eta: 0:00:04  lr: 0.000008  loss: 0.0518  time: 0.2793  data: 0.0000  max mem: 9987
Train: data epoch: [33]  [73/74]  eta: 0:00:00  lr: 0.000008  loss: 0.0474  time: 0.2782  data: 0.0000  max mem: 9987
Train: data epoch: [33] Total time: 0:00:21 (0.2945 s / it)
2026-08-20 00:40:22,790 [INFO] Qual: EPOCH[33] -> PLCC: 0.876372, SROCC: 0.818388, KROCC: 0.633827, LOSS: 0.234858
2026-08-20 00:40:22,790 [INFO] Align: EPOCH[33] -> PLCC: 0.795209, SROCC: 0.629431, KROCC: 0.456634, LOSS: 0.421621
2026-08-20 00:40:22,791 [INFO] Start training
2026-08-20 00:40:23,141 [INFO] Start training epoch 34, 74 iters per inner epoch.
2026-08-20 00:40:44,531 [INFO] Averaged stats: lr: 0.000008  loss: 0.052865
2026-08-20 00:40:44,636 [INFO] Evaluating on val.
Train: data epoch: [34]  [ 0/74]  eta: 0:01:12  lr: 0.000008  loss: 0.0427  time: 0.9840  data: 0.0001  max mem: 9987
Train: data epoch: [34]  [20/74]  eta: 0:00:16  lr: 0.000008  loss: 0.0567  time: 0.2813  data: 0.0000  max mem: 9987
Train: data epoch: [34]  [40/74]  eta: 0:00:10  lr: 0.000008  loss: 0.0540  time: 0.2800  data: 0.0000  max mem: 9987
Train: data epoch: [34]  [60/74]  eta: 0:00:04  lr: 0.000008  loss: 0.0536  time: 0.2785  data: 0.0000  max mem: 9987
Train: data epoch: [34]  [73/74]  eta: 0:00:00  lr: 0.000008  loss: 0.0391  time: 0.2775  data: 0.0000  max mem: 9987
Train: data epoch: [34] Total time: 0:00:21 (0.2890 s / it)
2026-08-20 00:40:48,890 [INFO] Qual: EPOCH[34] -> PLCC: 0.870432, SROCC: 0.816468, KROCC: 0.631704, LOSS: 0.277163
2026-08-20 00:40:48,890 [INFO] Align: EPOCH[34] -> PLCC: 0.793881, SROCC: 0.632052, KROCC: 0.459639, LOSS: 0.385027
2026-08-20 00:40:48,891 [INFO] Start training
2026-08-20 00:40:49,287 [INFO] Start training epoch 35, 74 iters per inner epoch.
2026-08-20 00:41:10,607 [INFO] Averaged stats: lr: 0.000008  loss: 0.046850
2026-08-20 00:41:10,702 [INFO] Evaluating on val.
Train: data epoch: [35]  [ 0/74]  eta: 0:01:06  lr: 0.000008  loss: 0.0386  time: 0.8953  data: 0.0001  max mem: 9987
Train: data epoch: [35]  [20/74]  eta: 0:00:16  lr: 0.000008  loss: 0.0559  time: 0.2809  data: 0.0000  max mem: 9987
Train: data epoch: [35]  [40/74]  eta: 0:00:10  lr: 0.000008  loss: 0.0596  time: 0.2793  data: 0.0000  max mem: 9987
Train: data epoch: [35]  [60/74]  eta: 0:00:04  lr: 0.000008  loss: 0.0289  time: 0.2800  data: 0.0000  max mem: 9987
Train: data epoch: [35]  [73/74]  eta: 0:00:00  lr: 0.000008  loss: 0.0524  time: 0.2781  data: 0.0000  max mem: 9987
Train: data epoch: [35] Total time: 0:00:21 (0.2881 s / it)
2026-08-20 00:41:15,154 [INFO] Qual: EPOCH[35] -> PLCC: 0.877284, SROCC: 0.820496, KROCC: 0.637234, LOSS: 0.232337
2026-08-20 00:41:15,154 [INFO] Align: EPOCH[35] -> PLCC: 0.795664, SROCC: 0.625065, KROCC: 0.453239, LOSS: 0.394049
2026-08-20 00:41:15,165 [INFO] Saving checkpoint at epoch 35 to ../run/20260820002_A0_ipqa/checkpoint_latest.pth.
2026-08-20 00:41:17,423 [INFO] Start training
2026-08-20 00:41:17,845 [INFO] Start training epoch 36, 74 iters per inner epoch.
2026-08-20 00:41:39,536 [INFO] Averaged stats: lr: 0.000007  loss: 0.048136
2026-08-20 00:41:39,628 [INFO] Evaluating on val.
Train: data epoch: [36]  [ 0/74]  eta: 0:01:36  lr: 0.000007  loss: 0.0356  time: 1.3013  data: 0.0001  max mem: 9987
Train: data epoch: [36]  [20/74]  eta: 0:00:17  lr: 0.000007  loss: 0.0465  time: 0.2823  data: 0.0000  max mem: 9987
Train: data epoch: [36]  [40/74]  eta: 0:00:10  lr: 0.000007  loss: 0.0468  time: 0.2781  data: 0.0000  max mem: 9987
Train: data epoch: [36]  [60/74]  eta: 0:00:04  lr: 0.000007  loss: 0.0531  time: 0.2784  data: 0.0000  max mem: 9987
Train: data epoch: [36]  [73/74]  eta: 0:00:00  lr: 0.000007  loss: 0.0529  time: 0.2780  data: 0.0000  max mem: 9987
Train: data epoch: [36] Total time: 0:00:21 (0.2931 s / it)
2026-08-20 00:41:44,003 [INFO] Qual: EPOCH[36] -> PLCC: 0.878076, SROCC: 0.817519, KROCC: 0.632162, LOSS: 0.225449
2026-08-20 00:41:44,003 [INFO] Align: EPOCH[36] -> PLCC: 0.798527, SROCC: 0.634342, KROCC: 0.461069, LOSS: 0.395364
2026-08-20 00:41:44,004 [INFO] Start training
2026-08-20 00:41:44,401 [INFO] Start training epoch 37, 74 iters per inner epoch.
2026-08-20 00:42:05,938 [INFO] Averaged stats: lr: 0.000007  loss: 0.046512
2026-08-20 00:42:06,042 [INFO] Evaluating on val.
Train: data epoch: [37]  [ 0/74]  eta: 0:01:12  lr: 0.000007  loss: 0.0764  time: 0.9780  data: 0.0001  max mem: 9987
Train: data epoch: [37]  [20/74]  eta: 0:00:17  lr: 0.000007  loss: 0.0273  time: 0.2900  data: 0.0000  max mem: 9987
Train: data epoch: [37]  [40/74]  eta: 0:00:10  lr: 0.000007  loss: 0.0393  time: 0.2785  data: 0.0000  max mem: 9987
Train: data epoch: [37]  [60/74]  eta: 0:00:04  lr: 0.000007  loss: 0.0294  time: 0.2783  data: 0.0000  max mem: 9987
Train: data epoch: [37]  [73/74]  eta: 0:00:00  lr: 0.000007  loss: 0.0386  time: 0.2783  data: 0.0000  max mem: 9987
Train: data epoch: [37] Total time: 0:00:21 (0.2910 s / it)
2026-08-20 00:42:10,296 [INFO] Qual: EPOCH[37] -> PLCC: 0.874126, SROCC: 0.816885, KROCC: 0.631983, LOSS: 0.266984
2026-08-20 00:42:10,296 [INFO] Align: EPOCH[37] -> PLCC: 0.785051, SROCC: 0.618666, KROCC: 0.447754, LOSS: 0.417430
2026-08-20 00:42:10,297 [INFO] Start training
2026-08-20 00:42:10,660 [INFO] Start training epoch 38, 74 iters per inner epoch.
2026-08-20 00:42:32,258 [INFO] Averaged stats: lr: 0.000007  loss: 0.047416
2026-08-20 00:42:32,353 [INFO] Evaluating on val.
Train: data epoch: [38]  [ 0/74]  eta: 0:01:35  lr: 0.000007  loss: 0.0336  time: 1.2971  data: 0.0001  max mem: 9987
Train: data epoch: [38]  [20/74]  eta: 0:00:17  lr: 0.000007  loss: 0.0410  time: 0.2782  data: 0.0000  max mem: 9987
Train: data epoch: [38]  [40/74]  eta: 0:00:10  lr: 0.000007  loss: 0.0563  time: 0.2784  data: 0.0000  max mem: 9987
Train: data epoch: [38]  [60/74]  eta: 0:00:04  lr: 0.000007  loss: 0.0427  time: 0.2778  data: 0.0000  max mem: 9987
Train: data epoch: [38]  [73/74]  eta: 0:00:00  lr: 0.000007  loss: 0.0309  time: 0.2776  data: 0.0000  max mem: 9987
Train: data epoch: [38] Total time: 0:00:21 (0.2919 s / it)
2026-08-20 00:42:36,666 [INFO] Qual: EPOCH[38] -> PLCC: 0.869139, SROCC: 0.809030, KROCC: 0.622332, LOSS: 0.276902
2026-08-20 00:42:36,666 [INFO] Align: EPOCH[38] -> PLCC: 0.795158, SROCC: 0.635898, KROCC: 0.462599, LOSS: 0.365765
2026-08-20 00:42:36,667 [INFO] Start training
2026-08-20 00:42:37,054 [INFO] Start training epoch 39, 74 iters per inner epoch.
2026-08-20 00:42:58,336 [INFO] Averaged stats: lr: 0.000007  loss: 0.047888
2026-08-20 00:42:58,432 [INFO] Evaluating on val.
Train: data epoch: [39]  [ 0/74]  eta: 0:01:05  lr: 0.000007  loss: 0.0407  time: 0.8796  data: 0.0001  max mem: 9987
Train: data epoch: [39]  [20/74]  eta: 0:00:16  lr: 0.000007  loss: 0.0581  time: 0.2848  data: 0.0000  max mem: 9987
Train: data epoch: [39]  [40/74]  eta: 0:00:10  lr: 0.000007  loss: 0.0403  time: 0.2781  data: 0.0000  max mem: 9987
Train: data epoch: [39]  [60/74]  eta: 0:00:04  lr: 0.000007  loss: 0.0625  time: 0.2773  data: 0.0000  max mem: 9987
Train: data epoch: [39]  [73/74]  eta: 0:00:00  lr: 0.000007  loss: 0.0355  time: 0.2766  data: 0.0000  max mem: 9987
Train: data epoch: [39] Total time: 0:00:21 (0.2876 s / it)
2026-08-20 00:43:02,587 [INFO] Qual: EPOCH[39] -> PLCC: 0.873437, SROCC: 0.814818, KROCC: 0.630062, LOSS: 0.260173
2026-08-20 00:43:02,587 [INFO] Align: EPOCH[39] -> PLCC: 0.789541, SROCC: 0.623926, KROCC: 0.453250, LOSS: 0.408822
2026-08-20 00:43:02,587 [INFO] Start training
2026-08-20 00:43:02,955 [INFO] Start training epoch 40, 74 iters per inner epoch.
2026-08-20 00:43:24,343 [INFO] Averaged stats: lr: 0.000007  loss: 0.044490
2026-08-20 00:43:24,447 [INFO] Evaluating on val.
Train: data epoch: [40]  [ 0/74]  eta: 0:01:07  lr: 0.000007  loss: 0.0582  time: 0.9095  data: 0.0001  max mem: 9987
Train: data epoch: [40]  [20/74]  eta: 0:00:16  lr: 0.000007  loss: 0.0423  time: 0.2813  data: 0.0000  max mem: 9987
Train: data epoch: [40]  [40/74]  eta: 0:00:10  lr: 0.000007  loss: 0.0528  time: 0.2822  data: 0.0000  max mem: 9987
Train: data epoch: [40]  [60/74]  eta: 0:00:04  lr: 0.000007  loss: 0.0471  time: 0.2798  data: 0.0000  max mem: 9987
Train: data epoch: [40]  [73/74]  eta: 0:00:00  lr: 0.000007  loss: 0.0308  time: 0.2778  data: 0.0000  max mem: 9987
Train: data epoch: [40] Total time: 0:00:21 (0.2890 s / it)
2026-08-20 00:43:28,628 [INFO] Qual: EPOCH[40] -> PLCC: 0.874519, SROCC: 0.818195, KROCC: 0.631447, LOSS: 0.262041
2026-08-20 00:43:28,628 [INFO] Align: EPOCH[40] -> PLCC: 0.789005, SROCC: 0.629800, KROCC: 0.455785, LOSS: 0.396933
2026-08-20 00:43:28,637 [INFO] Saving checkpoint at epoch 40 to ../run/20260820002_A0_ipqa/checkpoint_latest.pth.
2026-08-20 00:43:29,739 [INFO] Start training
2026-08-20 00:43:30,100 [INFO] Start training epoch 41, 74 iters per inner epoch.
2026-08-20 00:43:51,331 [INFO] Averaged stats: lr: 0.000007  loss: 0.042167
2026-08-20 00:43:51,456 [INFO] Evaluating on val.
Train: data epoch: [41]  [ 0/74]  eta: 0:01:04  lr: 0.000007  loss: 0.0302  time: 0.8674  data: 0.0001  max mem: 9987
Train: data epoch: [41]  [20/74]  eta: 0:00:16  lr: 0.000007  loss: 0.0401  time: 0.2798  data: 0.0000  max mem: 9987
Train: data epoch: [41]  [40/74]  eta: 0:00:09  lr: 0.000007  loss: 0.0334  time: 0.2789  data: 0.0000  max mem: 9987
Train: data epoch: [41]  [60/74]  eta: 0:00:04  lr: 0.000007  loss: 0.0426  time: 0.2787  data: 0.0000  max mem: 9987
Train: data epoch: [41]  [73/74]  eta: 0:00:00  lr: 0.000007  loss: 0.0379  time: 0.2777  data: 0.0000  max mem: 9987
Train: data epoch: [41] Total time: 0:00:21 (0.2869 s / it)
2026-08-20 00:43:55,798 [INFO] Qual: EPOCH[41] -> PLCC: 0.878075, SROCC: 0.818137, KROCC: 0.633536, LOSS: 0.235862
2026-08-20 00:43:55,798 [INFO] Align: EPOCH[41] -> PLCC: 0.795981, SROCC: 0.630176, KROCC: 0.457271, LOSS: 0.391131
2026-08-20 00:43:55,799 [INFO] Start training
2026-08-20 00:43:56,196 [INFO] Start training epoch 42, 74 iters per inner epoch.
2026-08-20 00:44:17,632 [INFO] Averaged stats: lr: 0.000007  loss: 0.046400
2026-08-20 00:44:17,738 [INFO] Evaluating on val.
Train: data epoch: [42]  [ 0/74]  eta: 0:01:19  lr: 0.000007  loss: 0.0562  time: 1.0742  data: 0.0001  max mem: 9987
Train: data epoch: [42]  [20/74]  eta: 0:00:17  lr: 0.000007  loss: 0.0624  time: 0.2795  data: 0.0000  max mem: 9987
Train: data epoch: [42]  [40/74]  eta: 0:00:10  lr: 0.000007  loss: 0.0372  time: 0.2787  data: 0.0000  max mem: 9987
Train: data epoch: [42]  [60/74]  eta: 0:00:04  lr: 0.000007  loss: 0.0306  time: 0.2787  data: 0.0000  max mem: 9987
Train: data epoch: [42]  [73/74]  eta: 0:00:00  lr: 0.000007  loss: 0.0371  time: 0.2783  data: 0.0000  max mem: 9987
Train: data epoch: [42] Total time: 0:00:21 (0.2897 s / it)
2026-08-20 00:44:22,000 [INFO] Qual: EPOCH[42] -> PLCC: 0.879679, SROCC: 0.822852, KROCC: 0.638507, LOSS: 0.239142
2026-08-20 00:44:22,000 [INFO] Align: EPOCH[42] -> PLCC: 0.798003, SROCC: 0.630904, KROCC: 0.456768, LOSS: 0.367210
2026-08-20 00:44:22,001 [INFO] Start training
2026-08-20 00:44:22,374 [INFO] Start training epoch 43, 74 iters per inner epoch.
2026-08-20 00:44:43,692 [INFO] Averaged stats: lr: 0.000006  loss: 0.041190
2026-08-20 00:44:43,805 [INFO] Evaluating on val.
Train: data epoch: [43]  [ 0/74]  eta: 0:01:01  lr: 0.000006  loss: 0.0274  time: 0.8255  data: 0.0001  max mem: 9987
Train: data epoch: [43]  [20/74]  eta: 0:00:16  lr: 0.000006  loss: 0.0479  time: 0.2888  data: 0.0000  max mem: 9987
Train: data epoch: [43]  [40/74]  eta: 0:00:10  lr: 0.000006  loss: 0.0462  time: 0.2773  data: 0.0000  max mem: 9987
Train: data epoch: [43]  [60/74]  eta: 0:00:04  lr: 0.000006  loss: 0.0464  time: 0.2781  data: 0.0000  max mem: 9987
Train: data epoch: [43]  [73/74]  eta: 0:00:00  lr: 0.000006  loss: 0.0301  time: 0.2774  data: 0.0000  max mem: 9987
Train: data epoch: [43] Total time: 0:00:21 (0.2881 s / it)
2026-08-20 00:44:48,074 [INFO] Qual: EPOCH[43] -> PLCC: 0.876749, SROCC: 0.822964, KROCC: 0.637424, LOSS: 0.235989
2026-08-20 00:44:48,074 [INFO] Align: EPOCH[43] -> PLCC: 0.792982, SROCC: 0.621221, KROCC: 0.449709, LOSS: 0.398300
2026-08-20 00:44:48,074 [INFO] Start training
2026-08-20 00:44:48,421 [INFO] Start training epoch 44, 74 iters per inner epoch.
2026-08-20 00:45:09,907 [INFO] Averaged stats: lr: 0.000006  loss: 0.042578
2026-08-20 00:45:09,997 [INFO] Evaluating on val.
Train: data epoch: [44]  [ 0/74]  eta: 0:01:26  lr: 0.000006  loss: 0.0325  time: 1.1743  data: 0.0001  max mem: 9987
Train: data epoch: [44]  [20/74]  eta: 0:00:17  lr: 0.000006  loss: 0.0547  time: 0.2792  data: 0.0000  max mem: 9987
Train: data epoch: [44]  [40/74]  eta: 0:00:10  lr: 0.000006  loss: 0.0311  time: 0.2780  data: 0.0000  max mem: 9987
Train: data epoch: [44]  [60/74]  eta: 0:00:04  lr: 0.000006  loss: 0.0337  time: 0.2779  data: 0.0000  max mem: 9987
Train: data epoch: [44]  [73/74]  eta: 0:00:00  lr: 0.000006  loss: 0.0368  time: 0.2775  data: 0.0000  max mem: 9987
Train: data epoch: [44] Total time: 0:00:21 (0.2903 s / it)
2026-08-20 00:45:14,264 [INFO] Qual: EPOCH[44] -> PLCC: 0.876685, SROCC: 0.815940, KROCC: 0.629403, LOSS: 0.229013
2026-08-20 00:45:14,265 [INFO] Align: EPOCH[44] -> PLCC: 0.789785, SROCC: 0.615253, KROCC: 0.444101, LOSS: 0.367022
2026-08-20 00:45:14,265 [INFO] Start training
2026-08-20 00:45:14,669 [INFO] Start training epoch 45, 74 iters per inner epoch.
2026-08-20 00:45:36,085 [INFO] Averaged stats: lr: 0.000006  loss: 0.040540
2026-08-20 00:45:36,197 [INFO] Evaluating on val.
Train: data epoch: [45]  [ 0/74]  eta: 0:01:19  lr: 0.000006  loss: 0.0377  time: 1.0715  data: 0.0001  max mem: 9987
Train: data epoch: [45]  [20/74]  eta: 0:00:17  lr: 0.000006  loss: 0.0346  time: 0.2793  data: 0.0000  max mem: 9987
Train: data epoch: [45]  [40/74]  eta: 0:00:10  lr: 0.000006  loss: 0.0592  time: 0.2789  data: 0.0000  max mem: 9987
Train: data epoch: [45]  [60/74]  eta: 0:00:04  lr: 0.000006  loss: 0.0383  time: 0.2781  data: 0.0000  max mem: 9987
Train: data epoch: [45]  [73/74]  eta: 0:00:00  lr: 0.000006  loss: 0.0422  time: 0.2779  data: 0.0000  max mem: 9987
Train: data epoch: [45] Total time: 0:00:21 (0.2894 s / it)
2026-08-20 00:45:40,505 [INFO] Qual: EPOCH[45] -> PLCC: 0.879424, SROCC: 0.821409, KROCC: 0.636407, LOSS: 0.226667
2026-08-20 00:45:40,505 [INFO] Align: EPOCH[45] -> PLCC: 0.790295, SROCC: 0.621047, KROCC: 0.446816, LOSS: 0.379508
2026-08-20 00:45:40,518 [INFO] Saving checkpoint at epoch 45 to ../run/20260820002_A0_ipqa/checkpoint_latest.pth.
2026-08-20 00:45:41,626 [INFO] Start training
2026-08-20 00:45:41,980 [INFO] Start training epoch 46, 74 iters per inner epoch.
2026-08-20 00:46:03,441 [INFO] Averaged stats: lr: 0.000006  loss: 0.037866
2026-08-20 00:46:03,542 [INFO] Evaluating on val.
Train: data epoch: [46]  [ 0/74]  eta: 0:01:19  lr: 0.000006  loss: 0.0390  time: 1.0795  data: 0.0001  max mem: 9987
Train: data epoch: [46]  [20/74]  eta: 0:00:17  lr: 0.000006  loss: 0.0375  time: 0.2811  data: 0.0000  max mem: 9987
Train: data epoch: [46]  [40/74]  eta: 0:00:10  lr: 0.000006  loss: 0.0300  time: 0.2782  data: 0.0000  max mem: 9987
Train: data epoch: [46]  [60/74]  eta: 0:00:04  lr: 0.000006  loss: 0.1009  time: 0.2788  data: 0.0000  max mem: 9987
Train: data epoch: [46]  [73/74]  eta: 0:00:00  lr: 0.000006  loss: 0.0351  time: 0.2778  data: 0.0000  max mem: 9987
Train: data epoch: [46] Total time: 0:00:21 (0.2900 s / it)
2026-08-20 00:46:08,134 [INFO] Qual: EPOCH[46] -> PLCC: 0.878256, SROCC: 0.824902, KROCC: 0.641680, LOSS: 0.229770
2026-08-20 00:46:08,134 [INFO] Align: EPOCH[46] -> PLCC: 0.793187, SROCC: 0.622160, KROCC: 0.449597, LOSS: 0.375258
2026-08-20 00:46:08,135 [INFO] Start training
2026-08-20 00:46:08,531 [INFO] Start training epoch 47, 74 iters per inner epoch.
2026-08-20 00:46:30,312 [INFO] Averaged stats: lr: 0.000006  loss: 0.037990
2026-08-20 00:46:30,409 [INFO] Evaluating on val.
Train: data epoch: [47]  [ 0/74]  eta: 0:01:43  lr: 0.000006  loss: 0.0330  time: 1.3944  data: 0.0001  max mem: 9987
Train: data epoch: [47]  [20/74]  eta: 0:00:18  lr: 0.000006  loss: 0.0353  time: 0.2804  data: 0.0000  max mem: 9987
Train: data epoch: [47]  [40/74]  eta: 0:00:10  lr: 0.000006  loss: 0.0469  time: 0.2787  data: 0.0000  max mem: 9987
Train: data epoch: [47]  [60/74]  eta: 0:00:04  lr: 0.000006  loss: 0.0502  time: 0.2793  data: 0.0000  max mem: 9987
Train: data epoch: [47]  [73/74]  eta: 0:00:00  lr: 0.000006  loss: 0.0374  time: 0.2783  data: 0.0000  max mem: 9987
Train: data epoch: [47] Total time: 0:00:21 (0.2943 s / it)
2026-08-20 00:46:34,788 [INFO] Qual: EPOCH[47] -> PLCC: 0.874357, SROCC: 0.814807, KROCC: 0.628565, LOSS: 0.236479
2026-08-20 00:46:34,788 [INFO] Align: EPOCH[47] -> PLCC: 0.791048, SROCC: 0.621605, KROCC: 0.451094, LOSS: 0.425818
2026-08-20 00:46:34,789 [INFO] Start training
2026-08-20 00:46:35,167 [INFO] Start training epoch 48, 74 iters per inner epoch.
2026-08-20 00:46:56,607 [INFO] Averaged stats: lr: 0.000006  loss: 0.036170
2026-08-20 00:46:56,717 [INFO] Evaluating on val.
Train: data epoch: [48]  [ 0/74]  eta: 0:01:13  lr: 0.000006  loss: 0.0245  time: 0.9872  data: 0.0001  max mem: 9987
Train: data epoch: [48]  [20/74]  eta: 0:00:17  lr: 0.000006  loss: 0.0258  time: 0.2830  data: 0.0000  max mem: 9987
Train: data epoch: [48]  [40/74]  eta: 0:00:10  lr: 0.000006  loss: 0.0292  time: 0.2796  data: 0.0000  max mem: 9987
Train: data epoch: [48]  [60/74]  eta: 0:00:04  lr: 0.000006  loss: 0.0302  time: 0.2796  data: 0.0000  max mem: 9987
Train: data epoch: [48]  [73/74]  eta: 0:00:00  lr: 0.000006  loss: 0.0230  time: 0.2773  data: 0.0000  max mem: 9987
Train: data epoch: [48] Total time: 0:00:21 (0.2897 s / it)
2026-08-20 00:47:01,037 [INFO] Qual: EPOCH[48] -> PLCC: 0.879211, SROCC: 0.822676, KROCC: 0.637044, LOSS: 0.228926
2026-08-20 00:47:01,037 [INFO] Align: EPOCH[48] -> PLCC: 0.784834, SROCC: 0.609765, KROCC: 0.438170, LOSS: 0.408883
2026-08-20 00:47:01,037 [INFO] Start training
2026-08-20 00:47:01,400 [INFO] Start training epoch 49, 74 iters per inner epoch.
2026-08-20 00:47:23,137 [INFO] Averaged stats: lr: 0.000006  loss: 0.036992
2026-08-20 00:47:23,244 [INFO] Evaluating on val.
Train: data epoch: [49]  [ 0/74]  eta: 0:01:41  lr: 0.000006  loss: 0.0342  time: 1.3733  data: 0.0001  max mem: 9987
Train: data epoch: [49]  [20/74]  eta: 0:00:18  lr: 0.000006  loss: 0.0455  time: 0.2817  data: 0.0000  max mem: 9987
Train: data epoch: [49]  [40/74]  eta: 0:00:10  lr: 0.000006  loss: 0.0250  time: 0.2779  data: 0.0000  max mem: 9987
Train: data epoch: [49]  [60/74]  eta: 0:00:04  lr: 0.000006  loss: 0.0324  time: 0.2777  data: 0.0000  max mem: 9987
Train: data epoch: [49]  [73/74]  eta: 0:00:00  lr: 0.000006  loss: 0.0596  time: 0.2778  data: 0.0000  max mem: 9987
Train: data epoch: [49] Total time: 0:00:21 (0.2937 s / it)
2026-08-20 00:47:27,552 [INFO] Qual: EPOCH[49] -> PLCC: 0.876062, SROCC: 0.815830, KROCC: 0.630084, LOSS: 0.235703
2026-08-20 00:47:27,552 [INFO] Align: EPOCH[49] -> PLCC: 0.787567, SROCC: 0.615646, KROCC: 0.445620, LOSS: 0.375312
2026-08-20 00:47:27,553 [INFO] Start training
2026-08-20 00:47:27,903 [INFO] Start training epoch 50, 74 iters per inner epoch.
2026-08-20 00:47:49,358 [INFO] Averaged stats: lr: 0.000006  loss: 0.037790
2026-08-20 00:47:49,458 [INFO] Evaluating on val.
Train: data epoch: [50]  [ 0/74]  eta: 0:01:09  lr: 0.000005  loss: 0.0327  time: 0.9391  data: 0.0001  max mem: 9987
Train: data epoch: [50]  [20/74]  eta: 0:00:17  lr: 0.000005  loss: 0.0316  time: 0.2841  data: 0.0000  max mem: 9987
Train: data epoch: [50]  [40/74]  eta: 0:00:10  lr: 0.000005  loss: 0.0446  time: 0.2815  data: 0.0000  max mem: 9987
Train: data epoch: [50]  [60/74]  eta: 0:00:04  lr: 0.000005  loss: 0.0401  time: 0.2797  data: 0.0000  max mem: 9987
Train: data epoch: [50]  [73/74]  eta: 0:00:00  lr: 0.000005  loss: 0.0450  time: 0.2778  data: 0.0000  max mem: 9987
Train: data epoch: [50] Total time: 0:00:21 (0.2899 s / it)
2026-08-20 00:47:53,831 [INFO] Qual: EPOCH[50] -> PLCC: 0.879251, SROCC: 0.821941, KROCC: 0.636575, LOSS: 0.225064
2026-08-20 00:47:53,831 [INFO] Align: EPOCH[50] -> PLCC: 0.787170, SROCC: 0.622333, KROCC: 0.451038, LOSS: 0.389880
2026-08-20 00:47:53,840 [INFO] Saving checkpoint at epoch 50 to ../run/20260820002_A0_ipqa/checkpoint_latest.pth.
2026-08-20 00:47:55,702 [INFO] Start training
2026-08-20 00:47:56,123 [INFO] Start training epoch 51, 74 iters per inner epoch.
2026-08-20 00:48:17,248 [INFO] Averaged stats: lr: 0.000005  loss: 0.033870
2026-08-20 00:48:17,357 [INFO] Evaluating on val.
Train: data epoch: [51]  [ 0/74]  eta: 0:01:01  lr: 0.000005  loss: 0.0287  time: 0.8366  data: 0.0001  max mem: 9987
Train: data epoch: [51]  [20/74]  eta: 0:00:16  lr: 0.000005  loss: 0.0461  time: 0.2772  data: 0.0000  max mem: 9987
Train: data epoch: [51]  [40/74]  eta: 0:00:09  lr: 0.000005  loss: 0.0417  time: 0.2793  data: 0.0000  max mem: 9987
Train: data epoch: [51]  [60/74]  eta: 0:00:04  lr: 0.000005  loss: 0.0335  time: 0.2778  data: 0.0000  max mem: 9987
Train: data epoch: [51]  [73/74]  eta: 0:00:00  lr: 0.000005  loss: 0.0362  time: 0.2770  data: 0.0000  max mem: 9987
Train: data epoch: [51] Total time: 0:00:21 (0.2855 s / it)
2026-08-20 00:48:21,705 [INFO] Qual: EPOCH[51] -> PLCC: 0.876974, SROCC: 0.816891, KROCC: 0.631604, LOSS: 0.238626
2026-08-20 00:48:21,705 [INFO] Align: EPOCH[51] -> PLCC: 0.790218, SROCC: 0.625693, KROCC: 0.453786, LOSS: 0.395288
2026-08-20 00:48:21,706 [INFO] Start training
2026-08-20 00:48:22,052 [INFO] Start training epoch 52, 74 iters per inner epoch.
2026-08-20 00:48:43,496 [INFO] Averaged stats: lr: 0.000005  loss: 0.037275
2026-08-20 00:48:43,592 [INFO] Evaluating on val.
Train: data epoch: [52]  [ 0/74]  eta: 0:01:24  lr: 0.000005  loss: 0.0241  time: 1.1450  data: 0.0001  max mem: 9987
Train: data epoch: [52]  [20/74]  eta: 0:00:17  lr: 0.000005  loss: 0.0437  time: 0.2788  data: 0.0000  max mem: 9987
Train: data epoch: [52]  [40/74]  eta: 0:00:10  lr: 0.000005  loss: 0.0461  time: 0.2790  data: 0.0000  max mem: 9987
Train: data epoch: [52]  [60/74]  eta: 0:00:04  lr: 0.000005  loss: 0.0442  time: 0.2769  data: 0.0000  max mem: 9987
Train: data epoch: [52]  [73/74]  eta: 0:00:00  lr: 0.000005  loss: 0.0431  time: 0.2773  data: 0.0000  max mem: 9987
Train: data epoch: [52] Total time: 0:00:21 (0.2898 s / it)
2026-08-20 00:48:47,823 [INFO] Qual: EPOCH[52] -> PLCC: 0.881839, SROCC: 0.822306, KROCC: 0.638139, LOSS: 0.221741
2026-08-20 00:48:47,823 [INFO] Align: EPOCH[52] -> PLCC: 0.799558, SROCC: 0.630212, KROCC: 0.457215, LOSS: 0.355305
2026-08-20 00:48:47,834 [INFO] Saving checkpoint at epoch 52 to ../run/20260820002_A0_ipqa/checkpoint_best.pth.
2026-08-20 00:48:50,052 [INFO] Start training
2026-08-20 00:48:50,473 [INFO] Start training epoch 53, 74 iters per inner epoch.
2026-08-20 00:49:11,993 [INFO] Averaged stats: lr: 0.000005  loss: 0.035070
2026-08-20 00:49:12,087 [INFO] Evaluating on val.
Train: data epoch: [53]  [ 0/74]  eta: 0:01:20  lr: 0.000005  loss: 0.0246  time: 1.0926  data: 0.0001  max mem: 9987
Train: data epoch: [53]  [20/74]  eta: 0:00:17  lr: 0.000005  loss: 0.0398  time: 0.2810  data: 0.0000  max mem: 9987
Train: data epoch: [53]  [40/74]  eta: 0:00:10  lr: 0.000005  loss: 0.0393  time: 0.2807  data: 0.0000  max mem: 9987
Train: data epoch: [53]  [60/74]  eta: 0:00:04  lr: 0.000005  loss: 0.0341  time: 0.2791  data: 0.0000  max mem: 9987
Train: data epoch: [53]  [73/74]  eta: 0:00:00  lr: 0.000005  loss: 0.0422  time: 0.2779  data: 0.0000  max mem: 9987
Train: data epoch: [53] Total time: 0:00:21 (0.2908 s / it)
2026-08-20 00:49:16,437 [INFO] Qual: EPOCH[53] -> PLCC: 0.881302, SROCC: 0.825724, KROCC: 0.641635, LOSS: 0.219249
2026-08-20 00:49:16,437 [INFO] Align: EPOCH[53] -> PLCC: 0.800878, SROCC: 0.632676, KROCC: 0.459166, LOSS: 0.359055
2026-08-20 00:49:16,448 [INFO] Saving checkpoint at epoch 53 to ../run/20260820002_A0_ipqa/checkpoint_best.pth.
2026-08-20 00:49:18,635 [INFO] Start training
2026-08-20 00:49:19,053 [INFO] Start training epoch 54, 74 iters per inner epoch.
2026-08-20 00:49:40,552 [INFO] Averaged stats: lr: 0.000005  loss: 0.034409
2026-08-20 00:49:40,665 [INFO] Evaluating on val.
Train: data epoch: [54]  [ 0/74]  eta: 0:01:25  lr: 0.000005  loss: 0.0307  time: 1.1618  data: 0.0001  max mem: 9987
Train: data epoch: [54]  [20/74]  eta: 0:00:17  lr: 0.000005  loss: 0.0437  time: 0.2804  data: 0.0000  max mem: 9987
Train: data epoch: [54]  [40/74]  eta: 0:00:10  lr: 0.000005  loss: 0.0303  time: 0.2778  data: 0.0000  max mem: 9987
Train: data epoch: [54]  [60/74]  eta: 0:00:04  lr: 0.000005  loss: 0.0290  time: 0.2782  data: 0.0000  max mem: 9987
Train: data epoch: [54]  [73/74]  eta: 0:00:00  lr: 0.000005  loss: 0.0272  time: 0.2774  data: 0.0000  max mem: 9987
Train: data epoch: [54] Total time: 0:00:21 (0.2905 s / it)
2026-08-20 00:49:45,176 [INFO] Qual: EPOCH[54] -> PLCC: 0.876917, SROCC: 0.816179, KROCC: 0.630777, LOSS: 0.243380
2026-08-20 00:49:45,176 [INFO] Align: EPOCH[54] -> PLCC: 0.797144, SROCC: 0.632490, KROCC: 0.461348, LOSS: 0.381739
2026-08-20 00:49:45,177 [INFO] Start training
2026-08-20 00:49:45,579 [INFO] Start training epoch 55, 74 iters per inner epoch.
2026-08-20 00:50:07,035 [INFO] Averaged stats: lr: 0.000005  loss: 0.034367
2026-08-20 00:50:07,129 [INFO] Evaluating on val.
Train: data epoch: [55]  [ 0/74]  eta: 0:01:20  lr: 0.000005  loss: 0.0337  time: 1.0836  data: 0.0001  max mem: 9987
Train: data epoch: [55]  [20/74]  eta: 0:00:17  lr: 0.000005  loss: 0.0330  time: 0.2801  data: 0.0000  max mem: 9987
Train: data epoch: [55]  [40/74]  eta: 0:00:10  lr: 0.000005  loss: 0.0264  time: 0.2791  data: 0.0000  max mem: 9987
Train: data epoch: [55]  [60/74]  eta: 0:00:04  lr: 0.000005  loss: 0.0266  time: 0.2785  data: 0.0000  max mem: 9987
Train: data epoch: [55]  [73/74]  eta: 0:00:00  lr: 0.000005  loss: 0.0264  time: 0.2781  data: 0.0000  max mem: 9987
Train: data epoch: [55] Total time: 0:00:21 (0.2899 s / it)
2026-08-20 00:50:11,329 [INFO] Qual: EPOCH[55] -> PLCC: 0.881685, SROCC: 0.821962, KROCC: 0.636396, LOSS: 0.217762
2026-08-20 00:50:11,329 [INFO] Align: EPOCH[55] -> PLCC: 0.800884, SROCC: 0.633527, KROCC: 0.460577, LOSS: 0.350083
2026-08-20 00:50:11,338 [INFO] Saving checkpoint at epoch 55 to ../run/20260820002_A0_ipqa/checkpoint_latest.pth.
2026-08-20 00:50:13,200 [INFO] Start training
2026-08-20 00:50:13,614 [INFO] Start training epoch 56, 74 iters per inner epoch.
2026-08-20 00:50:35,089 [INFO] Averaged stats: lr: 0.000005  loss: 0.031659
2026-08-20 00:50:35,184 [INFO] Evaluating on val.
Train: data epoch: [56]  [ 0/74]  eta: 0:01:26  lr: 0.000005  loss: 0.0312  time: 1.1749  data: 0.0001  max mem: 9987
Train: data epoch: [56]  [20/74]  eta: 0:00:17  lr: 0.000005  loss: 0.0240  time: 0.2779  data: 0.0000  max mem: 9987
Train: data epoch: [56]  [40/74]  eta: 0:00:10  lr: 0.000005  loss: 0.0429  time: 0.2782  data: 0.0000  max mem: 9987
Train: data epoch: [56]  [60/74]  eta: 0:00:04  lr: 0.000005  loss: 0.0302  time: 0.2786  data: 0.0000  max mem: 9987
Train: data epoch: [56]  [73/74]  eta: 0:00:00  lr: 0.000005  loss: 0.0378  time: 0.2773  data: 0.0000  max mem: 9987
Train: data epoch: [56] Total time: 0:00:21 (0.2902 s / it)
2026-08-20 00:50:39,361 [INFO] Qual: EPOCH[56] -> PLCC: 0.878351, SROCC: 0.817107, KROCC: 0.630643, LOSS: 0.227787
2026-08-20 00:50:39,361 [INFO] Align: EPOCH[56] -> PLCC: 0.797784, SROCC: 0.631179, KROCC: 0.459338, LOSS: 0.364514
2026-08-20 00:50:39,362 [INFO] Start training
2026-08-20 00:50:39,734 [INFO] Start training epoch 57, 74 iters per inner epoch.
2026-08-20 00:51:01,335 [INFO] Averaged stats: lr: 0.000005  loss: 0.032150
2026-08-20 00:51:01,427 [INFO] Evaluating on val.
Train: data epoch: [57]  [ 0/74]  eta: 0:01:30  lr: 0.000005  loss: 0.0201  time: 1.2264  data: 0.0001  max mem: 9987
Train: data epoch: [57]  [20/74]  eta: 0:00:17  lr: 0.000005  loss: 0.0402  time: 0.2782  data: 0.0000  max mem: 9987
Train: data epoch: [57]  [40/74]  eta: 0:00:10  lr: 0.000005  loss: 0.0472  time: 0.2802  data: 0.0000  max mem: 9987
Train: data epoch: [57]  [60/74]  eta: 0:00:04  lr: 0.000005  loss: 0.0380  time: 0.2795  data: 0.0000  max mem: 9987
Train: data epoch: [57]  [73/74]  eta: 0:00:00  lr: 0.000005  loss: 0.0206  time: 0.2782  data: 0.0000  max mem: 9987
Train: data epoch: [57] Total time: 0:00:21 (0.2919 s / it)
2026-08-20 00:51:05,705 [INFO] Qual: EPOCH[57] -> PLCC: 0.878432, SROCC: 0.821888, KROCC: 0.635670, LOSS: 0.235568
2026-08-20 00:51:05,705 [INFO] Align: EPOCH[57] -> PLCC: 0.796564, SROCC: 0.628191, KROCC: 0.456824, LOSS: 0.371192
2026-08-20 00:51:05,706 [INFO] Start training
2026-08-20 00:51:06,102 [INFO] Start training epoch 58, 74 iters per inner epoch.
2026-08-20 00:51:27,485 [INFO] Averaged stats: lr: 0.000004  loss: 0.032226
2026-08-20 00:51:27,578 [INFO] Evaluating on val.
Train: data epoch: [58]  [ 0/74]  eta: 0:01:13  lr: 0.000004  loss: 0.0310  time: 0.9950  data: 0.0001  max mem: 9987
Train: data epoch: [58]  [20/74]  eta: 0:00:17  lr: 0.000004  loss: 0.0302  time: 0.2809  data: 0.0000  max mem: 9987
Train: data epoch: [58]  [40/74]  eta: 0:00:10  lr: 0.000004  loss: 0.0578  time: 0.2788  data: 0.0000  max mem: 9987
Train: data epoch: [58]  [60/74]  eta: 0:00:04  lr: 0.000004  loss: 0.0414  time: 0.2785  data: 0.0000  max mem: 9987
Train: data epoch: [58]  [73/74]  eta: 0:00:00  lr: 0.000004  loss: 0.0378  time: 0.2784  data: 0.0000  max mem: 9987
Train: data epoch: [58] Total time: 0:00:21 (0.2889 s / it)
2026-08-20 00:51:32,042 [INFO] Qual: EPOCH[58] -> PLCC: 0.880064, SROCC: 0.823031, KROCC: 0.636653, LOSS: 0.228056
2026-08-20 00:51:32,042 [INFO] Align: EPOCH[58] -> PLCC: 0.795263, SROCC: 0.629904, KROCC: 0.457763, LOSS: 0.428946
2026-08-20 00:51:32,043 [INFO] Start training
2026-08-20 00:51:32,438 [INFO] Start training epoch 59, 74 iters per inner epoch.
2026-08-20 00:51:54,193 [INFO] Averaged stats: lr: 0.000004  loss: 0.031773
2026-08-20 00:51:54,305 [INFO] Evaluating on val.
Train: data epoch: [59]  [ 0/74]  eta: 0:01:40  lr: 0.000004  loss: 0.0382  time: 1.3640  data: 0.0001  max mem: 9987
Train: data epoch: [59]  [20/74]  eta: 0:00:17  lr: 0.000004  loss: 0.0331  time: 0.2807  data: 0.0000  max mem: 9987
Train: data epoch: [59]  [40/74]  eta: 0:00:10  lr: 0.000004  loss: 0.0255  time: 0.2789  data: 0.0000  max mem: 9987
Train: data epoch: [59]  [60/74]  eta: 0:00:04  lr: 0.000004  loss: 0.0300  time: 0.2787  data: 0.0000  max mem: 9987
Train: data epoch: [59]  [73/74]  eta: 0:00:00  lr: 0.000004  loss: 0.0457  time: 0.2786  data: 0.0000  max mem: 9987
Train: data epoch: [59] Total time: 0:00:21 (0.2940 s / it)
2026-08-20 00:51:58,863 [INFO] Qual: EPOCH[59] -> PLCC: 0.882225, SROCC: 0.823620, KROCC: 0.639099, LOSS: 0.224617
2026-08-20 00:51:58,863 [INFO] Align: EPOCH[59] -> PLCC: 0.805547, SROCC: 0.633004, KROCC: 0.460242, LOSS: 0.349054
2026-08-20 00:51:58,864 [INFO] Start training
2026-08-20 00:51:59,256 [INFO] Start training epoch 60, 74 iters per inner epoch.
2026-08-20 00:52:21,107 [INFO] Averaged stats: lr: 0.000004  loss: 0.031241
2026-08-20 00:52:21,210 [INFO] Evaluating on val.
Train: data epoch: [60]  [ 0/74]  eta: 0:01:49  lr: 0.000004  loss: 0.0382  time: 1.4790  data: 0.0001  max mem: 9987
Train: data epoch: [60]  [20/74]  eta: 0:00:18  lr: 0.000004  loss: 0.0213  time: 0.2809  data: 0.0000  max mem: 9987
Train: data epoch: [60]  [40/74]  eta: 0:00:10  lr: 0.000004  loss: 0.0387  time: 0.2785  data: 0.0000  max mem: 9987
Train: data epoch: [60]  [60/74]  eta: 0:00:04  lr: 0.000004  loss: 0.0224  time: 0.2782  data: 0.0000  max mem: 9987
Train: data epoch: [60]  [73/74]  eta: 0:00:00  lr: 0.000004  loss: 0.0339  time: 0.2780  data: 0.0000  max mem: 9987
Train: data epoch: [60] Total time: 0:00:21 (0.2953 s / it)
2026-08-20 00:52:25,457 [INFO] Qual: EPOCH[60] -> PLCC: 0.877682, SROCC: 0.816654, KROCC: 0.630989, LOSS: 0.237726
2026-08-20 00:52:25,458 [INFO] Align: EPOCH[60] -> PLCC: 0.797026, SROCC: 0.626096, KROCC: 0.454423, LOSS: 0.363028
2026-08-20 00:52:25,469 [INFO] Saving checkpoint at epoch 60 to ../run/20260820002_A0_ipqa/checkpoint_latest.pth.
2026-08-20 00:52:26,661 [INFO] Start training
2026-08-20 00:52:27,017 [INFO] Start training epoch 61, 74 iters per inner epoch.
2026-08-20 00:52:48,521 [INFO] Averaged stats: lr: 0.000004  loss: 0.032374
2026-08-20 00:52:48,626 [INFO] Evaluating on val.
Train: data epoch: [61]  [ 0/74]  eta: 0:01:21  lr: 0.000004  loss: 0.0185  time: 1.0957  data: 0.0001  max mem: 9987
Train: data epoch: [61]  [20/74]  eta: 0:00:17  lr: 0.000004  loss: 0.0248  time: 0.2797  data: 0.0000  max mem: 9987
Train: data epoch: [61]  [40/74]  eta: 0:00:10  lr: 0.000004  loss: 0.0252  time: 0.2813  data: 0.0000  max mem: 9987
Train: data epoch: [61]  [60/74]  eta: 0:00:04  lr: 0.000004  loss: 0.0497  time: 0.2793  data: 0.0000  max mem: 9987
Train: data epoch: [61]  [73/74]  eta: 0:00:00  lr: 0.000004  loss: 0.0352  time: 0.2768  data: 0.0000  max mem: 9987
Train: data epoch: [61] Total time: 0:00:21 (0.2906 s / it)
2026-08-20 00:52:53,155 [INFO] Qual: EPOCH[61] -> PLCC: 0.882859, SROCC: 0.826015, KROCC: 0.640764, LOSS: 0.223390
2026-08-20 00:52:53,156 [INFO] Align: EPOCH[61] -> PLCC: 0.801323, SROCC: 0.632023, KROCC: 0.458947, LOSS: 0.352422
2026-08-20 00:52:53,167 [INFO] Saving checkpoint at epoch 61 to ../run/20260820002_A0_ipqa/checkpoint_best.pth.
2026-08-20 00:52:55,008 [INFO] Start training
2026-08-20 00:52:55,420 [INFO] Start training epoch 62, 74 iters per inner epoch.
2026-08-20 00:53:17,095 [INFO] Averaged stats: lr: 0.000004  loss: 0.031916
2026-08-20 00:53:17,215 [INFO] Evaluating on val.
Train: data epoch: [62]  [ 0/74]  eta: 0:01:42  lr: 0.000004  loss: 0.0310  time: 1.3806  data: 0.0001  max mem: 9987
Train: data epoch: [62]  [20/74]  eta: 0:00:17  lr: 0.000004  loss: 0.0384  time: 0.2789  data: 0.0000  max mem: 9987
Train: data epoch: [62]  [40/74]  eta: 0:00:10  lr: 0.000004  loss: 0.0355  time: 0.2784  data: 0.0000  max mem: 9987
Train: data epoch: [62]  [60/74]  eta: 0:00:04  lr: 0.000004  loss: 0.0297  time: 0.2775  data: 0.0000  max mem: 9987
Train: data epoch: [62]  [73/74]  eta: 0:00:00  lr: 0.000004  loss: 0.0255  time: 0.2765  data: 0.0000  max mem: 9987
Train: data epoch: [62] Total time: 0:00:21 (0.2929 s / it)
2026-08-20 00:53:21,534 [INFO] Qual: EPOCH[62] -> PLCC: 0.881642, SROCC: 0.825630, KROCC: 0.639624, LOSS: 0.240397
2026-08-20 00:53:21,534 [INFO] Align: EPOCH[62] -> PLCC: 0.795798, SROCC: 0.633333, KROCC: 0.460041, LOSS: 0.377845
2026-08-20 00:53:21,535 [INFO] Start training
2026-08-20 00:53:21,931 [INFO] Start training epoch 63, 74 iters per inner epoch.
2026-08-20 00:53:43,291 [INFO] Averaged stats: lr: 0.000004  loss: 0.030873
2026-08-20 00:53:43,393 [INFO] Evaluating on val.
Train: data epoch: [63]  [ 0/74]  eta: 0:01:03  lr: 0.000004  loss: 0.0273  time: 0.8578  data: 0.0001  max mem: 9987
Train: data epoch: [63]  [20/74]  eta: 0:00:16  lr: 0.000004  loss: 0.0322  time: 0.2848  data: 0.0000  max mem: 9987
Train: data epoch: [63]  [40/74]  eta: 0:00:10  lr: 0.000004  loss: 0.0379  time: 0.2806  data: 0.0000  max mem: 9987
Train: data epoch: [63]  [60/74]  eta: 0:00:04  lr: 0.000004  loss: 0.0465  time: 0.2783  data: 0.0000  max mem: 9987
Train: data epoch: [63]  [73/74]  eta: 0:00:00  lr: 0.000004  loss: 0.0297  time: 0.2783  data: 0.0000  max mem: 9987
Train: data epoch: [63] Total time: 0:00:21 (0.2886 s / it)
2026-08-20 00:53:47,753 [INFO] Qual: EPOCH[63] -> PLCC: 0.881994, SROCC: 0.824149, KROCC: 0.638932, LOSS: 0.239456
2026-08-20 00:53:47,753 [INFO] Align: EPOCH[63] -> PLCC: 0.801496, SROCC: 0.636879, KROCC: 0.463448, LOSS: 0.367245
2026-08-20 00:53:47,754 [INFO] Start training
2026-08-20 00:53:48,146 [INFO] Start training epoch 64, 74 iters per inner epoch.
2026-08-20 00:54:09,727 [INFO] Averaged stats: lr: 0.000004  loss: 0.029017
2026-08-20 00:54:09,828 [INFO] Evaluating on val.
Train: data epoch: [64]  [ 0/74]  eta: 0:01:24  lr: 0.000004  loss: 0.0363  time: 1.1402  data: 0.0001  max mem: 9987
Train: data epoch: [64]  [20/74]  eta: 0:00:17  lr: 0.000004  loss: 0.0286  time: 0.2821  data: 0.0000  max mem: 9987
Train: data epoch: [64]  [40/74]  eta: 0:00:10  lr: 0.000004  loss: 0.0429  time: 0.2801  data: 0.0000  max mem: 9987
Train: data epoch: [64]  [60/74]  eta: 0:00:04  lr: 0.000004  loss: 0.0385  time: 0.2790  data: 0.0000  max mem: 9987
Train: data epoch: [64]  [73/74]  eta: 0:00:00  lr: 0.000004  loss: 0.0195  time: 0.2779  data: 0.0000  max mem: 9987
Train: data epoch: [64] Total time: 0:00:21 (0.2916 s / it)
2026-08-20 00:54:14,105 [INFO] Qual: EPOCH[64] -> PLCC: 0.883461, SROCC: 0.826111, KROCC: 0.641914, LOSS: 0.219788
2026-08-20 00:54:14,106 [INFO] Align: EPOCH[64] -> PLCC: 0.798274, SROCC: 0.631787, KROCC: 0.459449, LOSS: 0.362900
2026-08-20 00:54:14,117 [INFO] Saving checkpoint at epoch 64 to ../run/20260820002_A0_ipqa/checkpoint_best.pth.
2026-08-20 00:54:16,193 [INFO] Start training
2026-08-20 00:54:16,576 [INFO] Start training epoch 65, 74 iters per inner epoch.
2026-08-20 00:54:38,094 [INFO] Averaged stats: lr: 0.000003  loss: 0.029690
2026-08-20 00:54:38,190 [INFO] Evaluating on val.
Train: data epoch: [65]  [ 0/74]  eta: 0:01:27  lr: 0.000003  loss: 0.0279  time: 1.1834  data: 0.0001  max mem: 9987
Train: data epoch: [65]  [20/74]  eta: 0:00:17  lr: 0.000003  loss: 0.0375  time: 0.2784  data: 0.0000  max mem: 9987
Train: data epoch: [65]  [40/74]  eta: 0:00:10  lr: 0.000003  loss: 0.0220  time: 0.2794  data: 0.0000  max mem: 9987
Train: data epoch: [65]  [60/74]  eta: 0:00:04  lr: 0.000003  loss: 0.0619  time: 0.2785  data: 0.0000  max mem: 9987
Train: data epoch: [65]  [73/74]  eta: 0:00:00  lr: 0.000003  loss: 0.0223  time: 0.2771  data: 0.0000  max mem: 9987
Train: data epoch: [65] Total time: 0:00:21 (0.2908 s / it)
2026-08-20 00:54:42,398 [INFO] Qual: EPOCH[65] -> PLCC: 0.882872, SROCC: 0.824203, KROCC: 0.640149, LOSS: 0.227023
2026-08-20 00:54:42,398 [INFO] Align: EPOCH[65] -> PLCC: 0.797988, SROCC: 0.628717, KROCC: 0.457919, LOSS: 0.367802
2026-08-20 00:54:42,407 [INFO] Saving checkpoint at epoch 65 to ../run/20260820002_A0_ipqa/checkpoint_latest.pth.
2026-08-20 00:54:43,896 [INFO] Start training
2026-08-20 00:54:44,294 [INFO] Start training epoch 66, 74 iters per inner epoch.
2026-08-20 00:55:05,621 [INFO] Averaged stats: lr: 0.000003  loss: 0.029715
2026-08-20 00:55:05,741 [INFO] Evaluating on val.
Train: data epoch: [66]  [ 0/74]  eta: 0:01:12  lr: 0.000003  loss: 0.0250  time: 0.9808  data: 0.0002  max mem: 9987
Train: data epoch: [66]  [20/74]  eta: 0:00:16  lr: 0.000003  loss: 0.0370  time: 0.2807  data: 0.0000  max mem: 9987
Train: data epoch: [66]  [40/74]  eta: 0:00:10  lr: 0.000003  loss: 0.0362  time: 0.2781  data: 0.0000  max mem: 9987
Train: data epoch: [66]  [60/74]  eta: 0:00:04  lr: 0.000003  loss: 0.0210  time: 0.2781  data: 0.0000  max mem: 9987
Train: data epoch: [66]  [73/74]  eta: 0:00:00  lr: 0.000003  loss: 0.0315  time: 0.2775  data: 0.0000  max mem: 9987
Train: data epoch: [66] Total time: 0:00:21 (0.2882 s / it)
2026-08-20 00:55:10,014 [INFO] Qual: EPOCH[66] -> PLCC: 0.883169, SROCC: 0.825664, KROCC: 0.640551, LOSS: 0.220057
2026-08-20 00:55:10,015 [INFO] Align: EPOCH[66] -> PLCC: 0.805159, SROCC: 0.639397, KROCC: 0.465012, LOSS: 0.374470
2026-08-20 00:55:10,015 [INFO] Start training
2026-08-20 00:55:10,401 [INFO] Start training epoch 67, 74 iters per inner epoch.
2026-08-20 00:55:31,648 [INFO] Averaged stats: lr: 0.000003  loss: 0.028965
2026-08-20 00:55:31,765 [INFO] Evaluating on val.
Train: data epoch: [67]  [ 0/74]  eta: 0:01:05  lr: 0.000003  loss: 0.0289  time: 0.8843  data: 0.0001  max mem: 9987
Train: data epoch: [67]  [20/74]  eta: 0:00:16  lr: 0.000003  loss: 0.0266  time: 0.2823  data: 0.0000  max mem: 9987
Train: data epoch: [67]  [40/74]  eta: 0:00:10  lr: 0.000003  loss: 0.0282  time: 0.2782  data: 0.0000  max mem: 9987
Train: data epoch: [67]  [60/74]  eta: 0:00:04  lr: 0.000003  loss: 0.0279  time: 0.2769  data: 0.0000  max mem: 9987
Train: data epoch: [67]  [73/74]  eta: 0:00:00  lr: 0.000003  loss: 0.0231  time: 0.2774  data: 0.0000  max mem: 9987
Train: data epoch: [67] Total time: 0:00:21 (0.2871 s / it)
2026-08-20 00:55:36,031 [INFO] Qual: EPOCH[67] -> PLCC: 0.879736, SROCC: 0.820744, KROCC: 0.635715, LOSS: 0.229290
2026-08-20 00:55:36,032 [INFO] Align: EPOCH[67] -> PLCC: 0.800955, SROCC: 0.634033, KROCC: 0.459673, LOSS: 0.356672
2026-08-20 00:55:36,032 [INFO] Start training
2026-08-20 00:55:36,386 [INFO] Start training epoch 68, 74 iters per inner epoch.
2026-08-20 00:55:57,747 [INFO] Averaged stats: lr: 0.000003  loss: 0.028777
2026-08-20 00:55:57,856 [INFO] Evaluating on val.
Train: data epoch: [68]  [ 0/74]  eta: 0:01:00  lr: 0.000003  loss: 0.0405  time: 0.8186  data: 0.0001  max mem: 9987
Train: data epoch: [68]  [20/74]  eta: 0:00:17  lr: 0.000003  loss: 0.0381  time: 0.2898  data: 0.0000  max mem: 9987
Train: data epoch: [68]  [40/74]  eta: 0:00:10  lr: 0.000003  loss: 0.0282  time: 0.2786  data: 0.0000  max mem: 9987
Train: data epoch: [68]  [60/74]  eta: 0:00:04  lr: 0.000003  loss: 0.0198  time: 0.2781  data: 0.0000  max mem: 9987
Train: data epoch: [68]  [73/74]  eta: 0:00:00  lr: 0.000003  loss: 0.0240  time: 0.2774  data: 0.0000  max mem: 9987
Train: data epoch: [68] Total time: 0:00:21 (0.2887 s / it)
2026-08-20 00:56:02,265 [INFO] Qual: EPOCH[68] -> PLCC: 0.880172, SROCC: 0.820177, KROCC: 0.635625, LOSS: 0.223595
2026-08-20 00:56:02,266 [INFO] Align: EPOCH[68] -> PLCC: 0.804395, SROCC: 0.638436, KROCC: 0.464554, LOSS: 0.349028
2026-08-20 00:56:02,266 [INFO] Start training
2026-08-20 00:56:02,660 [INFO] Start training epoch 69, 74 iters per inner epoch.
2026-08-20 00:56:24,488 [INFO] Averaged stats: lr: 0.000003  loss: 0.028222
2026-08-20 00:56:24,588 [INFO] Evaluating on val.
Train: data epoch: [69]  [ 0/74]  eta: 0:01:43  lr: 0.000003  loss: 0.0218  time: 1.4000  data: 0.0001  max mem: 9987
Train: data epoch: [69]  [20/74]  eta: 0:00:18  lr: 0.000003  loss: 0.0230  time: 0.2803  data: 0.0000  max mem: 9987
Train: data epoch: [69]  [40/74]  eta: 0:00:10  lr: 0.000003  loss: 0.0292  time: 0.2806  data: 0.0000  max mem: 9987
Train: data epoch: [69]  [60/74]  eta: 0:00:04  lr: 0.000003  loss: 0.0246  time: 0.2794  data: 0.0000  max mem: 9987
Train: data epoch: [69]  [73/74]  eta: 0:00:00  lr: 0.000003  loss: 0.0205  time: 0.2786  data: 0.0000  max mem: 9987
Train: data epoch: [69] Total time: 0:00:21 (0.2950 s / it)
2026-08-20 00:56:28,947 [INFO] Qual: EPOCH[69] -> PLCC: 0.879778, SROCC: 0.821311, KROCC: 0.636441, LOSS: 0.223846
2026-08-20 00:56:28,947 [INFO] Align: EPOCH[69] -> PLCC: 0.798922, SROCC: 0.633041, KROCC: 0.459874, LOSS: 0.359172
2026-08-20 00:56:28,948 [INFO] Start training
2026-08-20 00:56:29,332 [INFO] Start training epoch 70, 74 iters per inner epoch.
2026-08-20 00:56:50,647 [INFO] Averaged stats: lr: 0.000003  loss: 0.026724
2026-08-20 00:56:50,751 [INFO] Evaluating on val.
Train: data epoch: [70]  [ 0/74]  eta: 0:01:07  lr: 0.000003  loss: 0.0209  time: 0.9111  data: 0.0001  max mem: 9987
Train: data epoch: [70]  [20/74]  eta: 0:00:16  lr: 0.000003  loss: 0.0261  time: 0.2813  data: 0.0000  max mem: 9987
Train: data epoch: [70]  [40/74]  eta: 0:00:10  lr: 0.000003  loss: 0.0363  time: 0.2788  data: 0.0000  max mem: 9987
Train: data epoch: [70]  [60/74]  eta: 0:00:04  lr: 0.000003  loss: 0.0253  time: 0.2784  data: 0.0000  max mem: 9987
Train: data epoch: [70]  [73/74]  eta: 0:00:00  lr: 0.000003  loss: 0.0259  time: 0.2787  data: 0.0000  max mem: 9987
Train: data epoch: [70] Total time: 0:00:21 (0.2880 s / it)
2026-08-20 00:56:55,095 [INFO] Qual: EPOCH[70] -> PLCC: 0.880911, SROCC: 0.822302, KROCC: 0.636653, LOSS: 0.225254
2026-08-20 00:56:55,096 [INFO] Align: EPOCH[70] -> PLCC: 0.801063, SROCC: 0.638902, KROCC: 0.465258, LOSS: 0.367680
2026-08-20 00:56:55,108 [INFO] Saving checkpoint at epoch 70 to ../run/20260820002_A0_ipqa/checkpoint_latest.pth.
2026-08-20 00:56:56,939 [INFO] Start training
2026-08-20 00:56:57,346 [INFO] Start training epoch 71, 74 iters per inner epoch.
2026-08-20 00:57:18,618 [INFO] Averaged stats: lr: 0.000003  loss: 0.025454
2026-08-20 00:57:18,721 [INFO] Evaluating on val.
Train: data epoch: [71]  [ 0/74]  eta: 0:01:09  lr: 0.000003  loss: 0.0199  time: 0.9396  data: 0.0001  max mem: 9987
Train: data epoch: [71]  [20/74]  eta: 0:00:16  lr: 0.000003  loss: 0.0317  time: 0.2799  data: 0.0000  max mem: 9987
Train: data epoch: [71]  [40/74]  eta: 0:00:10  lr: 0.000003  loss: 0.0177  time: 0.2788  data: 0.0000  max mem: 9987
Train: data epoch: [71]  [60/74]  eta: 0:00:04  lr: 0.000003  loss: 0.0404  time: 0.2779  data: 0.0000  max mem: 9987
Train: data epoch: [71]  [73/74]  eta: 0:00:00  lr: 0.000003  loss: 0.0354  time: 0.2770  data: 0.0000  max mem: 9987
Train: data epoch: [71] Total time: 0:00:21 (0.2874 s / it)
2026-08-20 00:57:22,955 [INFO] Qual: EPOCH[71] -> PLCC: 0.876830, SROCC: 0.818932, KROCC: 0.633469, LOSS: 0.234548
2026-08-20 00:57:22,955 [INFO] Align: EPOCH[71] -> PLCC: 0.796668, SROCC: 0.635068, KROCC: 0.461940, LOSS: 0.394965
2026-08-20 00:57:22,955 [INFO] Start training
2026-08-20 00:57:23,327 [INFO] Start training epoch 72, 74 iters per inner epoch.
2026-08-20 00:57:44,865 [INFO] Averaged stats: lr: 0.000003  loss: 0.026713
2026-08-20 00:57:44,980 [INFO] Evaluating on val.
Train: data epoch: [72]  [ 0/74]  eta: 0:01:22  lr: 0.000003  loss: 0.0292  time: 1.1158  data: 0.0001  max mem: 9987
Train: data epoch: [72]  [20/74]  eta: 0:00:17  lr: 0.000003  loss: 0.0204  time: 0.2804  data: 0.0000  max mem: 9987
Train: data epoch: [72]  [40/74]  eta: 0:00:10  lr: 0.000003  loss: 0.0261  time: 0.2798  data: 0.0000  max mem: 9987
Train: data epoch: [72]  [60/74]  eta: 0:00:04  lr: 0.000003  loss: 0.0173  time: 0.2794  data: 0.0000  max mem: 9987
Train: data epoch: [72]  [73/74]  eta: 0:00:00  lr: 0.000003  loss: 0.0427  time: 0.2789  data: 0.0000  max mem: 9987
Train: data epoch: [72] Total time: 0:00:21 (0.2911 s / it)
2026-08-20 00:57:49,319 [INFO] Qual: EPOCH[72] -> PLCC: 0.877946, SROCC: 0.819488, KROCC: 0.633927, LOSS: 0.227522
2026-08-20 00:57:49,319 [INFO] Align: EPOCH[72] -> PLCC: 0.797743, SROCC: 0.633106, KROCC: 0.460745, LOSS: 0.359291
2026-08-20 00:57:49,320 [INFO] Start training
2026-08-20 00:57:49,733 [INFO] Start training epoch 73, 74 iters per inner epoch.
2026-08-20 00:58:11,575 [INFO] Averaged stats: lr: 0.000003  loss: 0.024156
2026-08-20 00:58:11,678 [INFO] Evaluating on val.
Train: data epoch: [73]  [ 0/74]  eta: 0:01:42  lr: 0.000003  loss: 0.0211  time: 1.3865  data: 0.0001  max mem: 9987
Train: data epoch: [73]  [20/74]  eta: 0:00:17  lr: 0.000003  loss: 0.0339  time: 0.2803  data: 0.0000  max mem: 9987
Train: data epoch: [73]  [40/74]  eta: 0:00:10  lr: 0.000003  loss: 0.0236  time: 0.2810  data: 0.0000  max mem: 9987
Train: data epoch: [73]  [60/74]  eta: 0:00:04  lr: 0.000003  loss: 0.0141  time: 0.2807  data: 0.0000  max mem: 9987
Train: data epoch: [73]  [73/74]  eta: 0:00:00  lr: 0.000003  loss: 0.0258  time: 0.2785  data: 0.0000  max mem: 9987
Train: data epoch: [73] Total time: 0:00:21 (0.2952 s / it)
2026-08-20 00:58:16,218 [INFO] Qual: EPOCH[73] -> PLCC: 0.880977, SROCC: 0.825397, KROCC: 0.640518, LOSS: 0.235490
2026-08-20 00:58:16,218 [INFO] Align: EPOCH[73] -> PLCC: 0.800649, SROCC: 0.640397, KROCC: 0.466096, LOSS: 0.370267
2026-08-20 00:58:16,219 [INFO] Start training
2026-08-20 00:58:16,603 [INFO] Start training epoch 74, 74 iters per inner epoch.
2026-08-20 00:58:38,300 [INFO] Averaged stats: lr: 0.000002  loss: 0.025865
2026-08-20 00:58:38,409 [INFO] Evaluating on val.
Train: data epoch: [74]  [ 0/74]  eta: 0:01:39  lr: 0.000002  loss: 0.0242  time: 1.3382  data: 0.0001  max mem: 9987
Train: data epoch: [74]  [20/74]  eta: 0:00:17  lr: 0.000002  loss: 0.0315  time: 0.2803  data: 0.0000  max mem: 9987
Train: data epoch: [74]  [40/74]  eta: 0:00:10  lr: 0.000002  loss: 0.0223  time: 0.2791  data: 0.0000  max mem: 9987
Train: data epoch: [74]  [60/74]  eta: 0:00:04  lr: 0.000002  loss: 0.0173  time: 0.2778  data: 0.0000  max mem: 9987
Train: data epoch: [74]  [73/74]  eta: 0:00:00  lr: 0.000002  loss: 0.0184  time: 0.2778  data: 0.0000  max mem: 9987
Train: data epoch: [74] Total time: 0:00:21 (0.2932 s / it)
2026-08-20 00:58:42,679 [INFO] Qual: EPOCH[74] -> PLCC: 0.881017, SROCC: 0.823866, KROCC: 0.638708, LOSS: 0.223773
2026-08-20 00:58:42,679 [INFO] Align: EPOCH[74] -> PLCC: 0.800681, SROCC: 0.637656, KROCC: 0.464353, LOSS: 0.359096
2026-08-20 00:58:42,680 [INFO] Start training
2026-08-20 00:58:43,098 [INFO] Start training epoch 75, 74 iters per inner epoch.
2026-08-20 00:59:04,371 [INFO] Averaged stats: lr: 0.000002  loss: 0.026652
2026-08-20 00:59:04,455 [INFO] Evaluating on val.
Train: data epoch: [75]  [ 0/74]  eta: 0:01:05  lr: 0.000002  loss: 0.0332  time: 0.8869  data: 0.0001  max mem: 9987
Train: data epoch: [75]  [20/74]  eta: 0:00:16  lr: 0.000002  loss: 0.0298  time: 0.2802  data: 0.0000  max mem: 9987
Train: data epoch: [75]  [40/74]  eta: 0:00:10  lr: 0.000002  loss: 0.0217  time: 0.2791  data: 0.0000  max mem: 9987
Train: data epoch: [75]  [60/74]  eta: 0:00:04  lr: 0.000002  loss: 0.0214  time: 0.2789  data: 0.0000  max mem: 9987
Train: data epoch: [75]  [73/74]  eta: 0:00:00  lr: 0.000002  loss: 0.0323  time: 0.2786  data: 0.0000  max mem: 9987
Train: data epoch: [75] Total time: 0:00:21 (0.2875 s / it)
2026-08-20 00:59:09,015 [INFO] Qual: EPOCH[75] -> PLCC: 0.882254, SROCC: 0.822618, KROCC: 0.637144, LOSS: 0.223471
2026-08-20 00:59:09,015 [INFO] Align: EPOCH[75] -> PLCC: 0.803834, SROCC: 0.635470, KROCC: 0.462968, LOSS: 0.353269
2026-08-20 00:59:09,026 [INFO] Saving checkpoint at epoch 75 to ../run/20260820002_A0_ipqa/checkpoint_latest.pth.
2026-08-20 00:59:10,881 [INFO] Start training
2026-08-20 00:59:11,289 [INFO] Start training epoch 76, 74 iters per inner epoch.
2026-08-20 00:59:32,488 [INFO] Averaged stats: lr: 0.000002  loss: 0.024341
2026-08-20 00:59:32,598 [INFO] Evaluating on val.
Train: data epoch: [76]  [ 0/74]  eta: 0:01:07  lr: 0.000002  loss: 0.0268  time: 0.9172  data: 0.0001  max mem: 9987
Train: data epoch: [76]  [20/74]  eta: 0:00:16  lr: 0.000002  loss: 0.0298  time: 0.2781  data: 0.0000  max mem: 9987
Train: data epoch: [76]  [40/74]  eta: 0:00:09  lr: 0.000002  loss: 0.0272  time: 0.2783  data: 0.0000  max mem: 9987
Train: data epoch: [76]  [60/74]  eta: 0:00:04  lr: 0.000002  loss: 0.0266  time: 0.2775  data: 0.0000  max mem: 9987
Train: data epoch: [76]  [73/74]  eta: 0:00:00  lr: 0.000002  loss: 0.0325  time: 0.2770  data: 0.0000  max mem: 9987
Train: data epoch: [76] Total time: 0:00:21 (0.2865 s / it)
2026-08-20 00:59:36,939 [INFO] Qual: EPOCH[76] -> PLCC: 0.882610, SROCC: 0.824591, KROCC: 0.638764, LOSS: 0.224396
2026-08-20 00:59:36,939 [INFO] Align: EPOCH[76] -> PLCC: 0.802696, SROCC: 0.639134, KROCC: 0.465124, LOSS: 0.360126
2026-08-20 00:59:36,940 [INFO] Start training
2026-08-20 00:59:37,324 [INFO] Start training epoch 77, 74 iters per inner epoch.
2026-08-20 00:59:58,642 [INFO] Averaged stats: lr: 0.000002  loss: 0.023564
2026-08-20 00:59:58,732 [INFO] Evaluating on val.
Train: data epoch: [77]  [ 0/74]  eta: 0:01:20  lr: 0.000002  loss: 0.0230  time: 1.0935  data: 0.0001  max mem: 9987
Train: data epoch: [77]  [20/74]  eta: 0:00:17  lr: 0.000002  loss: 0.0229  time: 0.2792  data: 0.0000  max mem: 9987
Train: data epoch: [77]  [40/74]  eta: 0:00:10  lr: 0.000002  loss: 0.0177  time: 0.2785  data: 0.0000  max mem: 9987
Train: data epoch: [77]  [60/74]  eta: 0:00:04  lr: 0.000002  loss: 0.0162  time: 0.2785  data: 0.0000  max mem: 9987
Train: data epoch: [77]  [73/74]  eta: 0:00:00  lr: 0.000002  loss: 0.0363  time: 0.2721  data: 0.0000  max mem: 9987
Train: data epoch: [77] Total time: 0:00:21 (0.2881 s / it)
2026-08-20 01:00:02,944 [INFO] Qual: EPOCH[77] -> PLCC: 0.881748, SROCC: 0.822605, KROCC: 0.637848, LOSS: 0.219538
2026-08-20 01:00:02,944 [INFO] Align: EPOCH[77] -> PLCC: 0.801570, SROCC: 0.638981, KROCC: 0.464449, LOSS: 0.353244
2026-08-20 01:00:02,945 [INFO] Start training
2026-08-20 01:00:03,293 [INFO] Start training epoch 78, 74 iters per inner epoch.
2026-08-20 01:00:25,011 [INFO] Averaged stats: lr: 0.000002  loss: 0.025376
2026-08-20 01:00:25,104 [INFO] Evaluating on val.
Train: data epoch: [78]  [ 0/74]  eta: 0:01:45  lr: 0.000002  loss: 0.0380  time: 1.4219  data: 0.0001  max mem: 9987
Train: data epoch: [78]  [20/74]  eta: 0:00:17  lr: 0.000002  loss: 0.0244  time: 0.2782  data: 0.0000  max mem: 9987
Train: data epoch: [78]  [40/74]  eta: 0:00:10  lr: 0.000002  loss: 0.0298  time: 0.2784  data: 0.0000  max mem: 9987
Train: data epoch: [78]  [60/74]  eta: 0:00:04  lr: 0.000002  loss: 0.0263  time: 0.2779  data: 0.0000  max mem: 9987
Train: data epoch: [78]  [73/74]  eta: 0:00:00  lr: 0.000002  loss: 0.0179  time: 0.2770  data: 0.0000  max mem: 9987
Train: data epoch: [78] Total time: 0:00:21 (0.2935 s / it)
2026-08-20 01:00:29,627 [INFO] Qual: EPOCH[78] -> PLCC: 0.880756, SROCC: 0.824079, KROCC: 0.638965, LOSS: 0.228426
2026-08-20 01:00:29,627 [INFO] Align: EPOCH[78] -> PLCC: 0.799354, SROCC: 0.638467, KROCC: 0.464420, LOSS: 0.368597
2026-08-20 01:00:29,628 [INFO] Start training
2026-08-20 01:00:29,979 [INFO] Start training epoch 79, 74 iters per inner epoch.
2026-08-20 01:00:51,467 [INFO] Averaged stats: lr: 0.000002  loss: 0.024457
2026-08-20 01:00:51,577 [INFO] Evaluating on val.
Train: data epoch: [79]  [ 0/74]  eta: 0:01:20  lr: 0.000002  loss: 0.0207  time: 1.0929  data: 0.0001  max mem: 9987
Train: data epoch: [79]  [20/74]  eta: 0:00:17  lr: 0.000002  loss: 0.0292  time: 0.2814  data: 0.0000  max mem: 9987
Train: data epoch: [79]  [40/74]  eta: 0:00:10  lr: 0.000002  loss: 0.0167  time: 0.2794  data: 0.0000  max mem: 9987
Train: data epoch: [79]  [60/74]  eta: 0:00:04  lr: 0.000002  loss: 0.0172  time: 0.2782  data: 0.0000  max mem: 9987
Train: data epoch: [79]  [73/74]  eta: 0:00:00  lr: 0.000002  loss: 0.0244  time: 0.2776  data: 0.0000  max mem: 9987
Train: data epoch: [79] Total time: 0:00:21 (0.2904 s / it)
2026-08-20 01:00:56,127 [INFO] Qual: EPOCH[79] -> PLCC: 0.881813, SROCC: 0.823576, KROCC: 0.638585, LOSS: 0.220600
2026-08-20 01:00:56,128 [INFO] Align: EPOCH[79] -> PLCC: 0.804387, SROCC: 0.639918, KROCC: 0.466967, LOSS: 0.351136
2026-08-20 01:00:56,128 [INFO] Start training
2026-08-20 01:00:56,517 [INFO] Start training epoch 80, 74 iters per inner epoch.
2026-08-20 01:01:18,123 [INFO] Averaged stats: lr: 0.000002  loss: 0.025815
2026-08-20 01:01:18,231 [INFO] Evaluating on val.
Train: data epoch: [80]  [ 0/74]  eta: 0:01:23  lr: 0.000002  loss: 0.0190  time: 1.1258  data: 0.0001  max mem: 9987
Train: data epoch: [80]  [20/74]  eta: 0:00:17  lr: 0.000002  loss: 0.0401  time: 0.2816  data: 0.0000  max mem: 9987
Train: data epoch: [80]  [40/74]  eta: 0:00:10  lr: 0.000002  loss: 0.0310  time: 0.2805  data: 0.0000  max mem: 9987
Train: data epoch: [80]  [60/74]  eta: 0:00:04  lr: 0.000002  loss: 0.0313  time: 0.2806  data: 0.0000  max mem: 9987
Train: data epoch: [80]  [73/74]  eta: 0:00:00  lr: 0.000002  loss: 0.0292  time: 0.2787  data: 0.0000  max mem: 9987
Train: data epoch: [80] Total time: 0:00:21 (0.2920 s / it)
2026-08-20 01:01:22,710 [INFO] Qual: EPOCH[80] -> PLCC: 0.880243, SROCC: 0.821868, KROCC: 0.636820, LOSS: 0.230270
2026-08-20 01:01:22,710 [INFO] Align: EPOCH[80] -> PLCC: 0.805297, SROCC: 0.644494, KROCC: 0.470150, LOSS: 0.354393
2026-08-20 01:01:22,719 [INFO] Saving checkpoint at epoch 80 to ../run/20260820002_A0_ipqa/checkpoint_latest.pth.
2026-08-20 01:01:24,896 [INFO] Start training
2026-08-20 01:01:25,314 [INFO] Start training epoch 81, 74 iters per inner epoch.
2026-08-20 01:01:46,942 [INFO] Averaged stats: lr: 0.000002  loss: 0.023434
2026-08-20 01:01:47,058 [INFO] Evaluating on val.
Train: data epoch: [81]  [ 0/74]  eta: 0:01:37  lr: 0.000002  loss: 0.0278  time: 1.3155  data: 0.0001  max mem: 9987
Train: data epoch: [81]  [20/74]  eta: 0:00:17  lr: 0.000002  loss: 0.0245  time: 0.2794  data: 0.0000  max mem: 9987
Train: data epoch: [81]  [40/74]  eta: 0:00:10  lr: 0.000002  loss: 0.0293  time: 0.2782  data: 0.0000  max mem: 9987
Train: data epoch: [81]  [60/74]  eta: 0:00:04  lr: 0.000002  loss: 0.0231  time: 0.2779  data: 0.0000  max mem: 9987
Train: data epoch: [81]  [73/74]  eta: 0:00:00  lr: 0.000002  loss: 0.0111  time: 0.2769  data: 0.0000  max mem: 9987
Train: data epoch: [81] Total time: 0:00:21 (0.2923 s / it)
2026-08-20 01:01:51,289 [INFO] Qual: EPOCH[81] -> PLCC: 0.882399, SROCC: 0.825897, KROCC: 0.640987, LOSS: 0.223589
2026-08-20 01:01:51,289 [INFO] Align: EPOCH[81] -> PLCC: 0.800634, SROCC: 0.638025, KROCC: 0.463895, LOSS: 0.369848
2026-08-20 01:01:51,290 [INFO] Start training
2026-08-20 01:01:51,657 [INFO] Start training epoch 82, 74 iters per inner epoch.
2026-08-20 01:02:13,412 [INFO] Averaged stats: lr: 0.000002  loss: 0.022092
2026-08-20 01:02:13,516 [INFO] Evaluating on val.
Train: data epoch: [82]  [ 0/74]  eta: 0:01:34  lr: 0.000002  loss: 0.0173  time: 1.2778  data: 0.0001  max mem: 9987
Train: data epoch: [82]  [20/74]  eta: 0:00:17  lr: 0.000002  loss: 0.0209  time: 0.2838  data: 0.0000  max mem: 9987
Train: data epoch: [82]  [40/74]  eta: 0:00:10  lr: 0.000002  loss: 0.0263  time: 0.2816  data: 0.0000  max mem: 9987
Train: data epoch: [82]  [60/74]  eta: 0:00:04  lr: 0.000002  loss: 0.0205  time: 0.2780  data: 0.0000  max mem: 9987
Train: data epoch: [82]  [73/74]  eta: 0:00:00  lr: 0.000002  loss: 0.0263  time: 0.2772  data: 0.0000  max mem: 9987
Train: data epoch: [82] Total time: 0:00:21 (0.2940 s / it)
2026-08-20 01:02:17,785 [INFO] Qual: EPOCH[82] -> PLCC: 0.880923, SROCC: 0.821262, KROCC: 0.636295, LOSS: 0.222884
2026-08-20 01:02:17,785 [INFO] Align: EPOCH[82] -> PLCC: 0.800146, SROCC: 0.637261, KROCC: 0.464063, LOSS: 0.357402
2026-08-20 01:02:17,786 [INFO] Start training
2026-08-20 01:02:18,142 [INFO] Start training epoch 83, 74 iters per inner epoch.
2026-08-20 01:02:39,337 [INFO] Averaged stats: lr: 0.000002  loss: 0.023380
2026-08-20 01:02:39,450 [INFO] Evaluating on val.
Train: data epoch: [83]  [ 0/74]  eta: 0:01:01  lr: 0.000002  loss: 0.0217  time: 0.8289  data: 0.0001  max mem: 9987
Train: data epoch: [83]  [20/74]  eta: 0:00:16  lr: 0.000002  loss: 0.0331  time: 0.2798  data: 0.0000  max mem: 9987
Train: data epoch: [83]  [40/74]  eta: 0:00:09  lr: 0.000002  loss: 0.0202  time: 0.2805  data: 0.0000  max mem: 9987
Train: data epoch: [83]  [60/74]  eta: 0:00:04  lr: 0.000002  loss: 0.0292  time: 0.2774  data: 0.0000  max mem: 9987
Train: data epoch: [83]  [73/74]  eta: 0:00:00  lr: 0.000002  loss: 0.0158  time: 0.2776  data: 0.0000  max mem: 9987
Train: data epoch: [83] Total time: 0:00:21 (0.2864 s / it)
2026-08-20 01:02:44,079 [INFO] Qual: EPOCH[83] -> PLCC: 0.881808, SROCC: 0.824313, KROCC: 0.638920, LOSS: 0.226413
2026-08-20 01:02:44,079 [INFO] Align: EPOCH[83] -> PLCC: 0.800711, SROCC: 0.639112, KROCC: 0.464889, LOSS: 0.369187
2026-08-20 01:02:44,080 [INFO] Start training
2026-08-20 01:02:44,471 [INFO] Start training epoch 84, 74 iters per inner epoch.
2026-08-20 01:03:06,127 [INFO] Averaged stats: lr: 0.000002  loss: 0.023270
2026-08-20 01:03:06,226 [INFO] Evaluating on val.
Train: data epoch: [84]  [ 0/74]  eta: 0:01:28  lr: 0.000002  loss: 0.0152  time: 1.1900  data: 0.0001  max mem: 9987
Train: data epoch: [84]  [20/74]  eta: 0:00:17  lr: 0.000002  loss: 0.0162  time: 0.2820  data: 0.0000  max mem: 9987
Train: data epoch: [84]  [40/74]  eta: 0:00:10  lr: 0.000002  loss: 0.0148  time: 0.2809  data: 0.0000  max mem: 9987
Train: data epoch: [84]  [60/74]  eta: 0:00:04  lr: 0.000002  loss: 0.0237  time: 0.2794  data: 0.0000  max mem: 9987
Train: data epoch: [84]  [73/74]  eta: 0:00:00  lr: 0.000002  loss: 0.0203  time: 0.2781  data: 0.0000  max mem: 9987
Train: data epoch: [84] Total time: 0:00:21 (0.2926 s / it)
2026-08-20 01:03:11,060 [INFO] Qual: EPOCH[84] -> PLCC: 0.881317, SROCC: 0.823613, KROCC: 0.638764, LOSS: 0.227281
2026-08-20 01:03:11,060 [INFO] Align: EPOCH[84] -> PLCC: 0.800395, SROCC: 0.638270, KROCC: 0.464275, LOSS: 0.365601
2026-08-20 01:03:11,061 [INFO] Start training
2026-08-20 01:03:11,444 [INFO] Start training epoch 85, 74 iters per inner epoch.
2026-08-20 01:03:33,249 [INFO] Averaged stats: lr: 0.000001  loss: 0.022902
2026-08-20 01:03:33,358 [INFO] Evaluating on val.
Train: data epoch: [85]  [ 0/74]  eta: 0:01:43  lr: 0.000001  loss: 0.0246  time: 1.3922  data: 0.0001  max mem: 9987
Train: data epoch: [85]  [20/74]  eta: 0:00:17  lr: 0.000001  loss: 0.0151  time: 0.2803  data: 0.0000  max mem: 9987
Train: data epoch: [85]  [40/74]  eta: 0:00:10  lr: 0.000001  loss: 0.0220  time: 0.2798  data: 0.0000  max mem: 9987
Train: data epoch: [85]  [60/74]  eta: 0:00:04  lr: 0.000001  loss: 0.0197  time: 0.2789  data: 0.0000  max mem: 9987
Train: data epoch: [85]  [73/74]  eta: 0:00:00  lr: 0.000001  loss: 0.0223  time: 0.2789  data: 0.0000  max mem: 9987
Train: data epoch: [85] Total time: 0:00:21 (0.2947 s / it)
2026-08-20 01:03:37,876 [INFO] Qual: EPOCH[85] -> PLCC: 0.881072, SROCC: 0.823152, KROCC: 0.637647, LOSS: 0.223358
2026-08-20 01:03:37,877 [INFO] Align: EPOCH[85] -> PLCC: 0.799476, SROCC: 0.636880, KROCC: 0.463254, LOSS: 0.369716
2026-08-20 01:03:37,888 [INFO] Saving checkpoint at epoch 85 to ../run/20260820002_A0_ipqa/checkpoint_latest.pth.
2026-08-20 01:03:39,826 [INFO] Start training
2026-08-20 01:03:40,237 [INFO] Start training epoch 86, 74 iters per inner epoch.
2026-08-20 01:04:01,906 [INFO] Averaged stats: lr: 0.000001  loss: 0.022644
2026-08-20 01:04:02,018 [INFO] Evaluating on val.
Train: data epoch: [86]  [ 0/74]  eta: 0:01:36  lr: 0.000001  loss: 0.0203  time: 1.3057  data: 0.0001  max mem: 9987
Train: data epoch: [86]  [20/74]  eta: 0:00:17  lr: 0.000001  loss: 0.0196  time: 0.2799  data: 0.0000  max mem: 9987
Train: data epoch: [86]  [40/74]  eta: 0:00:10  lr: 0.000001  loss: 0.0267  time: 0.2778  data: 0.0000  max mem: 9987
Train: data epoch: [86]  [60/74]  eta: 0:00:04  lr: 0.000001  loss: 0.0171  time: 0.2799  data: 0.0000  max mem: 9987
Train: data epoch: [86]  [73/74]  eta: 0:00:00  lr: 0.000001  loss: 0.0356  time: 0.2783  data: 0.0000  max mem: 9987
Train: data epoch: [86] Total time: 0:00:21 (0.2928 s / it)
2026-08-20 01:04:06,404 [INFO] Qual: EPOCH[86] -> PLCC: 0.880394, SROCC: 0.821402, KROCC: 0.636374, LOSS: 0.229477
2026-08-20 01:04:06,404 [INFO] Align: EPOCH[86] -> PLCC: 0.801400, SROCC: 0.635039, KROCC: 0.461449, LOSS: 0.363346
2026-08-20 01:04:06,405 [INFO] Start training
2026-08-20 01:04:06,798 [INFO] Start training epoch 87, 74 iters per inner epoch.
2026-08-20 01:04:28,243 [INFO] Averaged stats: lr: 0.000001  loss: 0.023619
2026-08-20 01:04:28,358 [INFO] Evaluating on val.
Train: data epoch: [87]  [ 0/74]  eta: 0:01:19  lr: 0.000001  loss: 0.0244  time: 1.0688  data: 0.0001  max mem: 9987
Train: data epoch: [87]  [20/74]  eta: 0:00:17  lr: 0.000001  loss: 0.0150  time: 0.2807  data: 0.0000  max mem: 9987
Train: data epoch: [87]  [40/74]  eta: 0:00:10  lr: 0.000001  loss: 0.0273  time: 0.2792  data: 0.0000  max mem: 9987
Train: data epoch: [87]  [60/74]  eta: 0:00:04  lr: 0.000001  loss: 0.0320  time: 0.2783  data: 0.0000  max mem: 9987
Train: data epoch: [87]  [73/74]  eta: 0:00:00  lr: 0.000001  loss: 0.0225  time: 0.2776  data: 0.0000  max mem: 9987
Train: data epoch: [87] Total time: 0:00:21 (0.2898 s / it)
2026-08-20 01:04:32,679 [INFO] Qual: EPOCH[87] -> PLCC: 0.882528, SROCC: 0.822123, KROCC: 0.636921, LOSS: 0.220916
2026-08-20 01:04:32,679 [INFO] Align: EPOCH[87] -> PLCC: 0.802926, SROCC: 0.637661, KROCC: 0.464565, LOSS: 0.362944
2026-08-20 01:04:32,680 [INFO] Start training
2026-08-20 01:04:33,065 [INFO] Start training epoch 88, 74 iters per inner epoch.
2026-08-20 01:04:54,889 [INFO] Averaged stats: lr: 0.000001  loss: 0.022475
2026-08-20 01:04:54,996 [INFO] Evaluating on val.
Train: data epoch: [88]  [ 0/74]  eta: 0:01:46  lr: 0.000001  loss: 0.0292  time: 1.4352  data: 0.0001  max mem: 9987
Train: data epoch: [88]  [20/74]  eta: 0:00:18  lr: 0.000001  loss: 0.0269  time: 0.2818  data: 0.0000  max mem: 9987
Train: data epoch: [88]  [40/74]  eta: 0:00:10  lr: 0.000001  loss: 0.0273  time: 0.2788  data: 0.0000  max mem: 9987
Train: data epoch: [88]  [60/74]  eta: 0:00:04  lr: 0.000001  loss: 0.0276  time: 0.2781  data: 0.0000  max mem: 9987
Train: data epoch: [88]  [73/74]  eta: 0:00:00  lr: 0.000001  loss: 0.0296  time: 0.2778  data: 0.0000  max mem: 9987
Train: data epoch: [88] Total time: 0:00:21 (0.2949 s / it)
2026-08-20 01:04:59,202 [INFO] Qual: EPOCH[88] -> PLCC: 0.881900, SROCC: 0.823442, KROCC: 0.638775, LOSS: 0.228180
2026-08-20 01:04:59,203 [INFO] Align: EPOCH[88] -> PLCC: 0.800138, SROCC: 0.632789, KROCC: 0.459539, LOSS: 0.366546
2026-08-20 01:04:59,203 [INFO] Start training
2026-08-20 01:04:59,554 [INFO] Start training epoch 89, 74 iters per inner epoch.
2026-08-20 01:05:21,191 [INFO] Averaged stats: lr: 0.000001  loss: 0.022513
2026-08-20 01:05:21,298 [INFO] Evaluating on val.
Train: data epoch: [89]  [ 0/74]  eta: 0:01:29  lr: 0.000001  loss: 0.0189  time: 1.2147  data: 0.0001  max mem: 9987
Train: data epoch: [89]  [20/74]  eta: 0:00:17  lr: 0.000001  loss: 0.0195  time: 0.2823  data: 0.0000  max mem: 9987
Train: data epoch: [89]  [40/74]  eta: 0:00:10  lr: 0.000001  loss: 0.0143  time: 0.2815  data: 0.0000  max mem: 9987
Train: data epoch: [89]  [60/74]  eta: 0:00:04  lr: 0.000001  loss: 0.0178  time: 0.2773  data: 0.0000  max mem: 9987
Train: data epoch: [89]  [73/74]  eta: 0:00:00  lr: 0.000001  loss: 0.0275  time: 0.2768  data: 0.0000  max mem: 9987
Train: data epoch: [89] Total time: 0:00:21 (0.2924 s / it)
2026-08-20 01:05:25,606 [INFO] Qual: EPOCH[89] -> PLCC: 0.882112, SROCC: 0.824219, KROCC: 0.639825, LOSS: 0.220581
2026-08-20 01:05:25,606 [INFO] Align: EPOCH[89] -> PLCC: 0.800314, SROCC: 0.630498, KROCC: 0.457450, LOSS: 0.356815
2026-08-20 01:05:25,607 [INFO] Start training
2026-08-20 01:05:25,954 [INFO] Start training epoch 90, 74 iters per inner epoch.
2026-08-20 01:05:47,457 [INFO] Averaged stats: lr: 0.000001  loss: 0.021901
2026-08-20 01:05:47,558 [INFO] Evaluating on val.
Train: data epoch: [90]  [ 0/74]  eta: 0:01:00  lr: 0.000001  loss: 0.0235  time: 0.8133  data: 0.0001  max mem: 9987
Train: data epoch: [90]  [20/74]  eta: 0:00:17  lr: 0.000001  loss: 0.0169  time: 0.2946  data: 0.0000  max mem: 9987
Train: data epoch: [90]  [40/74]  eta: 0:00:10  lr: 0.000001  loss: 0.0321  time: 0.2804  data: 0.0000  max mem: 9987
Train: data epoch: [90]  [60/74]  eta: 0:00:04  lr: 0.000001  loss: 0.0217  time: 0.2785  data: 0.0000  max mem: 9987
Train: data epoch: [90]  [73/74]  eta: 0:00:00  lr: 0.000001  loss: 0.0280  time: 0.2780  data: 0.0000  max mem: 9987
Train: data epoch: [90] Total time: 0:00:21 (0.2906 s / it)
2026-08-20 01:05:51,878 [INFO] Qual: EPOCH[90] -> PLCC: 0.880442, SROCC: 0.821232, KROCC: 0.635502, LOSS: 0.223018
2026-08-20 01:05:51,878 [INFO] Align: EPOCH[90] -> PLCC: 0.798936, SROCC: 0.634180, KROCC: 0.460879, LOSS: 0.364324
2026-08-20 01:05:51,889 [INFO] Saving checkpoint at epoch 90 to ../run/20260820002_A0_ipqa/checkpoint_latest.pth.
2026-08-20 01:05:53,342 [INFO] Start training
2026-08-20 01:05:53,739 [INFO] Start training epoch 91, 74 iters per inner epoch.
2026-08-20 01:06:15,270 [INFO] Averaged stats: lr: 0.000001  loss: 0.022305
2026-08-20 01:06:15,387 [INFO] Evaluating on val.
Train: data epoch: [91]  [ 0/74]  eta: 0:01:02  lr: 0.000001  loss: 0.0278  time: 0.8457  data: 0.0001  max mem: 9987
Train: data epoch: [91]  [20/74]  eta: 0:00:17  lr: 0.000001  loss: 0.0197  time: 0.2948  data: 0.0000  max mem: 9987
Train: data epoch: [91]  [40/74]  eta: 0:00:10  lr: 0.000001  loss: 0.0248  time: 0.2795  data: 0.0000  max mem: 9987
Train: data epoch: [91]  [60/74]  eta: 0:00:04  lr: 0.000001  loss: 0.0179  time: 0.2785  data: 0.0000  max mem: 9987
Train: data epoch: [91]  [73/74]  eta: 0:00:00  lr: 0.000001  loss: 0.0170  time: 0.2785  data: 0.0000  max mem: 9987
Train: data epoch: [91] Total time: 0:00:21 (0.2910 s / it)
2026-08-20 01:06:19,793 [INFO] Qual: EPOCH[91] -> PLCC: 0.882002, SROCC: 0.823744, KROCC: 0.638831, LOSS: 0.220091
2026-08-20 01:06:19,794 [INFO] Align: EPOCH[91] -> PLCC: 0.798635, SROCC: 0.634120, KROCC: 0.461091, LOSS: 0.367311
2026-08-20 01:06:19,794 [INFO] Start training
2026-08-20 01:06:20,160 [INFO] Start training epoch 92, 74 iters per inner epoch.
2026-08-20 01:06:41,509 [INFO] Averaged stats: lr: 0.000001  loss: 0.021687
2026-08-20 01:06:41,608 [INFO] Evaluating on val.
Train: data epoch: [92]  [ 0/74]  eta: 0:01:05  lr: 0.000001  loss: 0.0253  time: 0.8916  data: 0.0001  max mem: 9987
Train: data epoch: [92]  [20/74]  eta: 0:00:16  lr: 0.000001  loss: 0.0129  time: 0.2828  data: 0.0000  max mem: 9987
Train: data epoch: [92]  [40/74]  eta: 0:00:10  lr: 0.000001  loss: 0.0173  time: 0.2801  data: 0.0000  max mem: 9987
Train: data epoch: [92]  [60/74]  eta: 0:00:04  lr: 0.000001  loss: 0.0133  time: 0.2785  data: 0.0000  max mem: 9987
Train: data epoch: [92]  [73/74]  eta: 0:00:00  lr: 0.000001  loss: 0.0191  time: 0.2787  data: 0.0000  max mem: 9987
Train: data epoch: [92] Total time: 0:00:21 (0.2885 s / it)
2026-08-20 01:06:46,017 [INFO] Qual: EPOCH[92] -> PLCC: 0.882961, SROCC: 0.825365, KROCC: 0.641345, LOSS: 0.226689
2026-08-20 01:06:46,017 [INFO] Align: EPOCH[92] -> PLCC: 0.799511, SROCC: 0.631811, KROCC: 0.457830, LOSS: 0.373533
2026-08-20 01:06:46,018 [INFO] Start training
2026-08-20 01:06:46,398 [INFO] Start training epoch 93, 74 iters per inner epoch.
2026-08-20 01:07:07,922 [INFO] Averaged stats: lr: 0.000001  loss: 0.022407
2026-08-20 01:07:08,023 [INFO] Evaluating on val.
Train: data epoch: [93]  [ 0/74]  eta: 0:01:23  lr: 0.000001  loss: 0.0310  time: 1.1219  data: 0.0001  max mem: 9987
Train: data epoch: [93]  [20/74]  eta: 0:00:17  lr: 0.000001  loss: 0.0207  time: 0.2802  data: 0.0000  max mem: 9987
Train: data epoch: [93]  [40/74]  eta: 0:00:10  lr: 0.000001  loss: 0.0198  time: 0.2795  data: 0.0000  max mem: 9987
Train: data epoch: [93]  [60/74]  eta: 0:00:04  lr: 0.000001  loss: 0.0164  time: 0.2791  data: 0.0000  max mem: 9987
Train: data epoch: [93]  [73/74]  eta: 0:00:00  lr: 0.000001  loss: 0.0185  time: 0.2785  data: 0.0000  max mem: 9987
Train: data epoch: [93] Total time: 0:00:21 (0.2908 s / it)
2026-08-20 01:07:12,218 [INFO] Qual: EPOCH[93] -> PLCC: 0.881519, SROCC: 0.824995, KROCC: 0.640138, LOSS: 0.224441
2026-08-20 01:07:12,218 [INFO] Align: EPOCH[93] -> PLCC: 0.799353, SROCC: 0.630141, KROCC: 0.456858, LOSS: 0.368352
2026-08-20 01:07:12,219 [INFO] Start training
2026-08-20 01:07:12,562 [INFO] Start training epoch 94, 74 iters per inner epoch.
2026-08-20 01:07:34,150 [INFO] Averaged stats: lr: 0.000001  loss: 0.022231
2026-08-20 01:07:34,253 [INFO] Evaluating on val.
Train: data epoch: [94]  [ 0/74]  eta: 0:01:03  lr: 0.000001  loss: 0.0239  time: 0.8517  data: 0.0001  max mem: 9987
Train: data epoch: [94]  [20/74]  eta: 0:00:17  lr: 0.000001  loss: 0.0231  time: 0.2969  data: 0.0000  max mem: 9987
Train: data epoch: [94]  [40/74]  eta: 0:00:10  lr: 0.000001  loss: 0.0217  time: 0.2805  data: 0.0000  max mem: 9987
Train: data epoch: [94]  [60/74]  eta: 0:00:04  lr: 0.000001  loss: 0.0250  time: 0.2785  data: 0.0000  max mem: 9987
Train: data epoch: [94]  [73/74]  eta: 0:00:00  lr: 0.000001  loss: 0.0280  time: 0.2779  data: 0.0000  max mem: 9987
Train: data epoch: [94] Total time: 0:00:21 (0.2917 s / it)
2026-08-20 01:07:38,599 [INFO] Qual: EPOCH[94] -> PLCC: 0.881886, SROCC: 0.824680, KROCC: 0.639446, LOSS: 0.222764
2026-08-20 01:07:38,600 [INFO] Align: EPOCH[94] -> PLCC: 0.799969, SROCC: 0.632984, KROCC: 0.459695, LOSS: 0.361100
2026-08-20 01:07:38,601 [INFO] Start training
2026-08-20 01:07:38,979 [INFO] Start training epoch 95, 74 iters per inner epoch.
2026-08-20 01:08:00,556 [INFO] Averaged stats: lr: 0.000001  loss: 0.021128
2026-08-20 01:08:00,659 [INFO] Evaluating on val.
Train: data epoch: [95]  [ 0/74]  eta: 0:01:22  lr: 0.000001  loss: 0.0185  time: 1.1183  data: 0.0001  max mem: 9987
Train: data epoch: [95]  [20/74]  eta: 0:00:17  lr: 0.000001  loss: 0.0271  time: 0.2833  data: 0.0000  max mem: 9987
Train: data epoch: [95]  [40/74]  eta: 0:00:10  lr: 0.000001  loss: 0.0172  time: 0.2804  data: 0.0000  max mem: 9987
Train: data epoch: [95]  [60/74]  eta: 0:00:04  lr: 0.000001  loss: 0.0244  time: 0.2786  data: 0.0000  max mem: 9987
Train: data epoch: [95]  [73/74]  eta: 0:00:00  lr: 0.000001  loss: 0.0352  time: 0.2775  data: 0.0000  max mem: 9987
Train: data epoch: [95] Total time: 0:00:21 (0.2916 s / it)
2026-08-20 01:08:05,221 [INFO] Qual: EPOCH[95] -> PLCC: 0.881303, SROCC: 0.822828, KROCC: 0.637614, LOSS: 0.221268
2026-08-20 01:08:05,221 [INFO] Align: EPOCH[95] -> PLCC: 0.800001, SROCC: 0.633679, KROCC: 0.459829, LOSS: 0.360183
2026-08-20 01:08:05,232 [INFO] Saving checkpoint at epoch 95 to ../run/20260820002_A0_ipqa/checkpoint_latest.pth.
2026-08-20 01:08:07,395 [INFO] Start training
2026-08-20 01:08:07,780 [INFO] Start training epoch 96, 74 iters per inner epoch.
2026-08-20 01:08:29,392 [INFO] Averaged stats: lr: 0.000001  loss: 0.022128
2026-08-20 01:08:29,486 [INFO] Evaluating on val.
Train: data epoch: [96]  [ 0/74]  eta: 0:01:38  lr: 0.000001  loss: 0.0144  time: 1.3291  data: 0.0001  max mem: 9987
Train: data epoch: [96]  [20/74]  eta: 0:00:17  lr: 0.000001  loss: 0.0221  time: 0.2798  data: 0.0000  max mem: 9987
Train: data epoch: [96]  [40/74]  eta: 0:00:10  lr: 0.000001  loss: 0.0270  time: 0.2767  data: 0.0000  max mem: 9987
Train: data epoch: [96]  [60/74]  eta: 0:00:04  lr: 0.000001  loss: 0.0211  time: 0.2777  data: 0.0000  max mem: 9987
Train: data epoch: [96]  [73/74]  eta: 0:00:00  lr: 0.000001  loss: 0.0257  time: 0.2774  data: 0.0000  max mem: 9987
Train: data epoch: [96] Total time: 0:00:21 (0.2920 s / it)
2026-08-20 01:08:33,681 [INFO] Qual: EPOCH[96] -> PLCC: 0.881719, SROCC: 0.823757, KROCC: 0.639278, LOSS: 0.221564
2026-08-20 01:08:33,681 [INFO] Align: EPOCH[96] -> PLCC: 0.799628, SROCC: 0.633442, KROCC: 0.459583, LOSS: 0.357712
2026-08-20 01:08:33,682 [INFO] Start training
2026-08-20 01:08:34,035 [INFO] Start training epoch 97, 74 iters per inner epoch.
2026-08-20 01:08:55,657 [INFO] Averaged stats: lr: 0.000001  loss: 0.021206
2026-08-20 01:08:55,763 [INFO] Evaluating on val.
Train: data epoch: [97]  [ 0/74]  eta: 0:01:31  lr: 0.000001  loss: 0.0254  time: 1.2332  data: 0.0001  max mem: 9987
Train: data epoch: [97]  [20/74]  eta: 0:00:17  lr: 0.000001  loss: 0.0172  time: 0.2811  data: 0.0000  max mem: 9987
Train: data epoch: [97]  [40/74]  eta: 0:00:10  lr: 0.000001  loss: 0.0204  time: 0.2790  data: 0.0000  max mem: 9987
Train: data epoch: [97]  [60/74]  eta: 0:00:04  lr: 0.000001  loss: 0.0200  time: 0.2786  data: 0.0000  max mem: 9987
Train: data epoch: [97]  [73/74]  eta: 0:00:00  lr: 0.000001  loss: 0.0287  time: 0.2779  data: 0.0000  max mem: 9987
Train: data epoch: [97] Total time: 0:00:21 (0.2922 s / it)
2026-08-20 01:09:00,039 [INFO] Qual: EPOCH[97] -> PLCC: 0.881630, SROCC: 0.822255, KROCC: 0.636608, LOSS: 0.226931
2026-08-20 01:09:00,039 [INFO] Align: EPOCH[97] -> PLCC: 0.801604, SROCC: 0.635856, KROCC: 0.462119, LOSS: 0.366886
2026-08-20 01:09:00,040 [INFO] Start training
2026-08-20 01:09:00,425 [INFO] Start training epoch 98, 74 iters per inner epoch.
2026-08-20 01:09:21,777 [INFO] Averaged stats: lr: 0.000001  loss: 0.021967
2026-08-20 01:09:21,870 [INFO] Evaluating on val.
Train: data epoch: [98]  [ 0/74]  eta: 0:01:15  lr: 0.000001  loss: 0.0174  time: 1.0175  data: 0.0001  max mem: 9987
Train: data epoch: [98]  [20/74]  eta: 0:00:16  lr: 0.000001  loss: 0.0109  time: 0.2785  data: 0.0000  max mem: 9987
Train: data epoch: [98]  [40/74]  eta: 0:00:10  lr: 0.000001  loss: 0.0242  time: 0.2788  data: 0.0000  max mem: 9987
Train: data epoch: [98]  [60/74]  eta: 0:00:04  lr: 0.000001  loss: 0.0134  time: 0.2783  data: 0.0000  max mem: 9987
Train: data epoch: [98]  [73/74]  eta: 0:00:00  lr: 0.000001  loss: 0.0169  time: 0.2780  data: 0.0000  max mem: 9987
Train: data epoch: [98] Total time: 0:00:21 (0.2885 s / it)
2026-08-20 01:09:26,374 [INFO] Qual: EPOCH[98] -> PLCC: 0.881994, SROCC: 0.824357, KROCC: 0.639110, LOSS: 0.228103
2026-08-20 01:09:26,374 [INFO] Align: EPOCH[98] -> PLCC: 0.798049, SROCC: 0.627447, KROCC: 0.455104, LOSS: 0.369161
2026-08-20 01:09:26,375 [INFO] Start training
2026-08-20 01:09:26,746 [INFO] Start training epoch 99, 74 iters per inner epoch.
2026-08-20 01:09:48,028 [INFO] Averaged stats: lr: 0.000001  loss: 0.022453
2026-08-20 01:09:48,148 [INFO] Evaluating on val.
Train: data epoch: [99]  [ 0/74]  eta: 0:01:08  lr: 0.000001  loss: 0.0242  time: 0.9192  data: 0.0001  max mem: 9987
Train: data epoch: [99]  [20/74]  eta: 0:00:16  lr: 0.000001  loss: 0.0137  time: 0.2809  data: 0.0000  max mem: 9987
Train: data epoch: [99]  [40/74]  eta: 0:00:10  lr: 0.000001  loss: 0.0200  time: 0.2781  data: 0.0000  max mem: 9987
Train: data epoch: [99]  [60/74]  eta: 0:00:04  lr: 0.000001  loss: 0.0219  time: 0.2784  data: 0.0000  max mem: 9987
Train: data epoch: [99]  [73/74]  eta: 0:00:00  lr: 0.000001  loss: 0.0198  time: 0.2774  data: 0.0000  max mem: 9987
Train: data epoch: [99] Total time: 0:00:21 (0.2876 s / it)
2026-08-20 01:09:52,599 [INFO] Qual: EPOCH[99] -> PLCC: 0.882019, SROCC: 0.823613, KROCC: 0.637915, LOSS: 0.224506
2026-08-20 01:09:52,599 [INFO] Align: EPOCH[99] -> PLCC: 0.799799, SROCC: 0.632023, KROCC: 0.459382, LOSS: 0.373759
2026-08-20 01:09:52,610 [INFO] Saving checkpoint at epoch 99 to ../run/20260820002_A0_ipqa/checkpoint_latest.pth.
[{'agg_metrics': np.float64(4.240996559897387), 'qual_agg': np.float64(2.351486643405794), 'qual_PLCC': np.float64(0.8834614566545904), 'qual_SROCC': np.float64(0.8261109344197787), 'qual_KROCC': np.float64(0.6419142523314252), 'align_agg': np.float64(1.8895099164915932), 'align_PLCC': np.float64(0.7982735655262684), 'align_SROCC': np.float64(0.6317871351652995), 'align_KROCC': np.float64(0.45944921580002507)}]
{'agg_metrics': np.float64(4.240996559897387), 'qual_agg': np.float64(2.351486643405794), 'qual_PLCC': np.float64(0.8834614566545904), 'qual_SROCC': np.float64(0.8261109344197787), 'qual_KROCC': np.float64(0.6419142523314252), 'align_agg': np.float64(1.8895099164915932), 'align_PLCC': np.float64(0.7982735655262684), 'align_SROCC': np.float64(0.6317871351652995), 'align_KROCC': np.float64(0.45944921580002507)}
2026-08-20 01:11:03,249 [INFO] Start training
2026-08-20 01:11:03,482 [INFO] number of trainable parameters: 82607205
Not using distributed mode
['ipiqa']
Position interpolate from 7x7 to 16x16
Freezing <class 'clip.model.Transformer'> ...
use qa-token, unfreeze wte ...
Freezing <class 'clip.model.LayerNorm'> ...
Freezing <class 'torch.nn.parameter.Parameter'> ...
Freezing <class 'torch.nn.parameter.Parameter'> ...
use_local_branch: True (GatedLocalFusion injected, branch_type=msda)
head scale: 10.0
2026-08-20 01:11:03,849 [INFO] Start training epoch 0, 74 iters per inner epoch.
2026-08-20 01:11:28,131 [INFO] Averaged stats: lr: 0.000005  loss: 3.009667
2026-08-20 01:11:28,232 [INFO] local gates: {"epoch": 0, "outer_gate": 0.1192, "refine_gate": 0.2691}
2026-08-20 01:11:28,232 [INFO] Evaluating on val.
Train: data epoch: [0]  [ 0/74]  eta: 0:04:38  lr: 0.000000  loss: 7.8488  time: 3.7693  data: 0.0001  max mem: 9410
Train: data epoch: [0]  [20/74]  eta: 0:00:24  lr: 0.000003  loss: 5.0994  time: 0.2833  data: 0.0000  max mem: 10049
Train: data epoch: [0]  [40/74]  eta: 0:00:12  lr: 0.000005  loss: 0.9370  time: 0.2820  data: 0.0000  max mem: 10049
Train: data epoch: [0]  [60/74]  eta: 0:00:04  lr: 0.000008  loss: 0.5280  time: 0.2793  data: 0.0000  max mem: 10049
Train: data epoch: [0]  [73/74]  eta: 0:00:00  lr: 0.000010  loss: 0.8251  time: 0.2780  data: 0.0000  max mem: 10049
Train: data epoch: [0] Total time: 0:00:24 (0.3281 s / it)
2026-08-20 01:11:32,583 [INFO] Qual: EPOCH[0] -> PLCC: 0.750459, SROCC: 0.693390, KROCC: 0.497108, LOSS: 0.619127
2026-08-20 01:11:32,583 [INFO] Align: EPOCH[0] -> PLCC: 0.662064, SROCC: 0.560779, KROCC: 0.386257, LOSS: 0.670983
2026-08-20 01:11:32,594 [INFO] Saving checkpoint at epoch 0 to ../run/20260820011_A1_ms/checkpoint_best.pth.
2026-08-20 01:11:33,998 [INFO] Start training
2026-08-20 01:11:34,315 [INFO] Start training epoch 1, 74 iters per inner epoch.
2026-08-20 01:11:55,651 [INFO] Averaged stats: lr: 0.000010  loss: 0.394350
2026-08-20 01:11:55,753 [INFO] local gates: {"epoch": 1, "outer_gate": 0.1192, "refine_gate": 0.2691}
2026-08-20 01:11:55,754 [INFO] Evaluating on val.
Train: data epoch: [1]  [ 0/74]  eta: 0:01:05  lr: 0.000010  loss: 0.3927  time: 0.8878  data: 0.0001  max mem: 10049
Train: data epoch: [1]  [20/74]  eta: 0:00:16  lr: 0.000010  loss: 0.6166  time: 0.2815  data: 0.0000  max mem: 10049
Train: data epoch: [1]  [40/74]  eta: 0:00:10  lr: 0.000010  loss: 0.4138  time: 0.2800  data: 0.0000  max mem: 10049
Train: data epoch: [1]  [60/74]  eta: 0:00:04  lr: 0.000010  loss: 0.2709  time: 0.2794  data: 0.0000  max mem: 10049
Train: data epoch: [1]  [73/74]  eta: 0:00:00  lr: 0.000010  loss: 0.3499  time: 0.2789  data: 0.0000  max mem: 10049
Train: data epoch: [1] Total time: 0:00:21 (0.2883 s / it)
2026-08-20 01:12:00,209 [INFO] Qual: EPOCH[1] -> PLCC: 0.846889, SROCC: 0.775876, KROCC: 0.585591, LOSS: 0.326702
2026-08-20 01:12:00,209 [INFO] Align: EPOCH[1] -> PLCC: 0.776573, SROCC: 0.618637, KROCC: 0.444414, LOSS: 0.514033
2026-08-20 01:12:00,221 [INFO] Saving checkpoint at epoch 1 to ../run/20260820011_A1_ms/checkpoint_best.pth.
2026-08-20 01:12:02,050 [INFO] Start training
2026-08-20 01:12:02,395 [INFO] Start training epoch 2, 74 iters per inner epoch.
2026-08-20 01:12:23,832 [INFO] Averaged stats: lr: 0.000010  loss: 0.303128
2026-08-20 01:12:23,940 [INFO] local gates: {"epoch": 2, "outer_gate": 0.1192, "refine_gate": 0.2691}
2026-08-20 01:12:23,941 [INFO] Evaluating on val.
Train: data epoch: [2]  [ 0/74]  eta: 0:01:09  lr: 0.000010  loss: 0.3480  time: 0.9350  data: 0.0001  max mem: 10049
Train: data epoch: [2]  [20/74]  eta: 0:00:16  lr: 0.000010  loss: 0.3748  time: 0.2815  data: 0.0000  max mem: 10049
Train: data epoch: [2]  [40/74]  eta: 0:00:10  lr: 0.000010  loss: 0.3476  time: 0.2806  data: 0.0000  max mem: 10049
Train: data epoch: [2]  [60/74]  eta: 0:00:04  lr: 0.000010  loss: 0.3250  time: 0.2809  data: 0.0000  max mem: 10049
Train: data epoch: [2]  [73/74]  eta: 0:00:00  lr: 0.000010  loss: 0.2890  time: 0.2797  data: 0.0000  max mem: 10049
Train: data epoch: [2] Total time: 0:00:21 (0.2897 s / it)
2026-08-20 01:12:28,437 [INFO] Qual: EPOCH[2] -> PLCC: 0.859033, SROCC: 0.797009, KROCC: 0.604805, LOSS: 0.266659
2026-08-20 01:12:28,437 [INFO] Align: EPOCH[2] -> PLCC: 0.801378, SROCC: 0.644064, KROCC: 0.466799, LOSS: 0.347082
2026-08-20 01:12:28,450 [INFO] Saving checkpoint at epoch 2 to ../run/20260820011_A1_ms/checkpoint_best.pth.
2026-08-20 01:12:30,518 [INFO] Start training
2026-08-20 01:12:30,883 [INFO] Start training epoch 3, 74 iters per inner epoch.
2026-08-20 01:12:52,764 [INFO] Averaged stats: lr: 0.000010  loss: 0.273760
2026-08-20 01:12:52,869 [INFO] local gates: {"epoch": 3, "outer_gate": 0.1192, "refine_gate": 0.2691}
2026-08-20 01:12:52,870 [INFO] Evaluating on val.
Train: data epoch: [3]  [ 0/74]  eta: 0:01:42  lr: 0.000010  loss: 0.3226  time: 1.3871  data: 0.0001  max mem: 10049
Train: data epoch: [3]  [20/74]  eta: 0:00:18  lr: 0.000010  loss: 0.2869  time: 0.2826  data: 0.0000  max mem: 10049
Train: data epoch: [3]  [40/74]  eta: 0:00:10  lr: 0.000010  loss: 0.1861  time: 0.2805  data: 0.0000  max mem: 10049
Train: data epoch: [3]  [60/74]  eta: 0:00:04  lr: 0.000010  loss: 0.3612  time: 0.2797  data: 0.0000  max mem: 10049
Train: data epoch: [3]  [73/74]  eta: 0:00:00  lr: 0.000010  loss: 0.3676  time: 0.2793  data: 0.0000  max mem: 10049
Train: data epoch: [3] Total time: 0:00:21 (0.2957 s / it)
2026-08-20 01:12:57,035 [INFO] Qual: EPOCH[3] -> PLCC: 0.860059, SROCC: 0.792346, KROCC: 0.604358, LOSS: 0.284981
2026-08-20 01:12:57,035 [INFO] Align: EPOCH[3] -> PLCC: 0.802770, SROCC: 0.633125, KROCC: 0.458712, LOSS: 0.455828
2026-08-20 01:12:57,035 [INFO] Start training
2026-08-20 01:12:57,347 [INFO] Start training epoch 4, 74 iters per inner epoch.
2026-08-20 01:13:19,153 [INFO] Averaged stats: lr: 0.000010  loss: 0.233661
2026-08-20 01:13:19,253 [INFO] local gates: {"epoch": 4, "outer_gate": 0.1192, "refine_gate": 0.2692}
2026-08-20 01:13:19,253 [INFO] Evaluating on val.
Train: data epoch: [4]  [ 0/74]  eta: 0:01:31  lr: 0.000010  loss: 0.3334  time: 1.2425  data: 0.0001  max mem: 10049
Train: data epoch: [4]  [20/74]  eta: 0:00:17  lr: 0.000010  loss: 0.1708  time: 0.2819  data: 0.0000  max mem: 10049
Train: data epoch: [4]  [40/74]  eta: 0:00:10  lr: 0.000010  loss: 0.1801  time: 0.2823  data: 0.0000  max mem: 10049
Train: data epoch: [4]  [60/74]  eta: 0:00:04  lr: 0.000010  loss: 0.3031  time: 0.2809  data: 0.0000  max mem: 10049
Train: data epoch: [4]  [73/74]  eta: 0:00:00  lr: 0.000010  loss: 0.3540  time: 0.2811  data: 0.0000  max mem: 10049
Train: data epoch: [4] Total time: 0:00:21 (0.2947 s / it)
2026-08-20 01:13:23,672 [INFO] Qual: EPOCH[4] -> PLCC: 0.864374, SROCC: 0.799349, KROCC: 0.611742, LOSS: 0.310104
2026-08-20 01:13:23,672 [INFO] Align: EPOCH[4] -> PLCC: 0.800907, SROCC: 0.643737, KROCC: 0.467425, LOSS: 0.381784
2026-08-20 01:13:23,685 [INFO] Saving checkpoint at epoch 4 to ../run/20260820011_A1_ms/checkpoint_best.pth.
2026-08-20 01:13:25,890 [INFO] Start training
2026-08-20 01:13:26,225 [INFO] Start training epoch 5, 74 iters per inner epoch.
2026-08-20 01:13:47,578 [INFO] Averaged stats: lr: 0.000010  loss: 0.214524
2026-08-20 01:13:47,678 [INFO] local gates: {"epoch": 5, "outer_gate": 0.1192, "refine_gate": 0.2692}
2026-08-20 01:13:47,678 [INFO] Evaluating on val.
Train: data epoch: [5]  [ 0/74]  eta: 0:01:06  lr: 0.000010  loss: 0.2192  time: 0.8999  data: 0.0001  max mem: 10049
Train: data epoch: [5]  [20/74]  eta: 0:00:16  lr: 0.000010  loss: 0.2716  time: 0.2812  data: 0.0000  max mem: 10049
Train: data epoch: [5]  [40/74]  eta: 0:00:10  lr: 0.000010  loss: 0.2722  time: 0.2799  data: 0.0000  max mem: 10049
Train: data epoch: [5]  [60/74]  eta: 0:00:04  lr: 0.000010  loss: 0.2065  time: 0.2798  data: 0.0000  max mem: 10049
Train: data epoch: [5]  [73/74]  eta: 0:00:00  lr: 0.000010  loss: 0.2385  time: 0.2793  data: 0.0000  max mem: 10049
Train: data epoch: [5] Total time: 0:00:21 (0.2885 s / it)
2026-08-20 01:13:52,120 [INFO] Qual: EPOCH[5] -> PLCC: 0.861888, SROCC: 0.796768, KROCC: 0.606414, LOSS: 0.260701
2026-08-20 01:13:52,120 [INFO] Align: EPOCH[5] -> PLCC: 0.798898, SROCC: 0.635661, KROCC: 0.460857, LOSS: 0.359427
2026-08-20 01:13:52,133 [INFO] Saving checkpoint at epoch 5 to ../run/20260820011_A1_ms/checkpoint_latest.pth.
2026-08-20 01:13:53,448 [INFO] Start training
2026-08-20 01:13:53,763 [INFO] Start training epoch 6, 74 iters per inner epoch.
2026-08-20 01:14:15,355 [INFO] Averaged stats: lr: 0.000010  loss: 0.184203
2026-08-20 01:14:15,469 [INFO] local gates: {"epoch": 6, "outer_gate": 0.1193, "refine_gate": 0.2692}
2026-08-20 01:14:15,469 [INFO] Evaluating on val.
Train: data epoch: [6]  [ 0/74]  eta: 0:01:18  lr: 0.000010  loss: 0.1810  time: 1.0588  data: 0.0001  max mem: 10049
Train: data epoch: [6]  [20/74]  eta: 0:00:17  lr: 0.000010  loss: 0.1433  time: 0.2837  data: 0.0000  max mem: 10049
Train: data epoch: [6]  [40/74]  eta: 0:00:10  lr: 0.000010  loss: 0.2286  time: 0.2813  data: 0.0000  max mem: 10049
Train: data epoch: [6]  [60/74]  eta: 0:00:04  lr: 0.000010  loss: 0.1728  time: 0.2802  data: 0.0000  max mem: 10049
Train: data epoch: [6]  [73/74]  eta: 0:00:00  lr: 0.000010  loss: 0.2383  time: 0.2789  data: 0.0000  max mem: 10049
Train: data epoch: [6] Total time: 0:00:21 (0.2918 s / it)
2026-08-20 01:14:19,655 [INFO] Qual: EPOCH[6] -> PLCC: 0.862603, SROCC: 0.799610, KROCC: 0.611630, LOSS: 0.257586
2026-08-20 01:14:19,655 [INFO] Align: EPOCH[6] -> PLCC: 0.791469, SROCC: 0.628252, KROCC: 0.453618, LOSS: 0.400797
2026-08-20 01:14:19,656 [INFO] Start training
2026-08-20 01:14:19,966 [INFO] Start training epoch 7, 74 iters per inner epoch.
2026-08-20 01:14:41,489 [INFO] Averaged stats: lr: 0.000010  loss: 0.164512
2026-08-20 01:14:41,591 [INFO] local gates: {"epoch": 7, "outer_gate": 0.1193, "refine_gate": 0.2693}
2026-08-20 01:14:41,591 [INFO] Evaluating on val.
Train: data epoch: [7]  [ 0/74]  eta: 0:00:59  lr: 0.000010  loss: 0.1301  time: 0.8075  data: 0.0001  max mem: 10049
Train: data epoch: [7]  [20/74]  eta: 0:00:17  lr: 0.000010  loss: 0.1648  time: 0.2938  data: 0.0000  max mem: 10049
Train: data epoch: [7]  [40/74]  eta: 0:00:10  lr: 0.000010  loss: 0.1936  time: 0.2803  data: 0.0000  max mem: 10049
Train: data epoch: [7]  [60/74]  eta: 0:00:04  lr: 0.000010  loss: 0.1643  time: 0.2797  data: 0.0000  max mem: 10049
Train: data epoch: [7]  [73/74]  eta: 0:00:00  lr: 0.000010  loss: 0.1609  time: 0.2797  data: 0.0000  max mem: 10049
Train: data epoch: [7] Total time: 0:00:21 (0.2909 s / it)
2026-08-20 01:14:46,003 [INFO] Qual: EPOCH[7] -> PLCC: 0.865363, SROCC: 0.795990, KROCC: 0.608514, LOSS: 0.262567
2026-08-20 01:14:46,004 [INFO] Align: EPOCH[7] -> PLCC: 0.779020, SROCC: 0.618192, KROCC: 0.445654, LOSS: 0.413099
2026-08-20 01:14:46,005 [INFO] Start training
2026-08-20 01:14:46,337 [INFO] Start training epoch 8, 74 iters per inner epoch.
2026-08-20 01:15:08,108 [INFO] Averaged stats: lr: 0.000010  loss: 0.158436
2026-08-20 01:15:08,212 [INFO] local gates: {"epoch": 8, "outer_gate": 0.1193, "refine_gate": 0.2694}
2026-08-20 01:15:08,212 [INFO] Evaluating on val.
Train: data epoch: [8]  [ 0/74]  eta: 0:01:17  lr: 0.000010  loss: 0.0972  time: 1.0437  data: 0.0001  max mem: 10049
Train: data epoch: [8]  [20/74]  eta: 0:00:17  lr: 0.000010  loss: 0.1569  time: 0.2851  data: 0.0000  max mem: 10049
Train: data epoch: [8]  [40/74]  eta: 0:00:10  lr: 0.000010  loss: 0.1630  time: 0.2849  data: 0.0000  max mem: 10049
Train: data epoch: [8]  [60/74]  eta: 0:00:04  lr: 0.000010  loss: 0.1257  time: 0.2836  data: 0.0000  max mem: 10049
Train: data epoch: [8]  [73/74]  eta: 0:00:00  lr: 0.000010  loss: 0.1363  time: 0.2809  data: 0.0000  max mem: 10049
Train: data epoch: [8] Total time: 0:00:21 (0.2942 s / it)
2026-08-20 01:15:12,759 [INFO] Qual: EPOCH[8] -> PLCC: 0.871519, SROCC: 0.806894, KROCC: 0.620221, LOSS: 0.245859
2026-08-20 01:15:12,759 [INFO] Align: EPOCH[8] -> PLCC: 0.802212, SROCC: 0.630245, KROCC: 0.456612, LOSS: 0.346690
2026-08-20 01:15:12,771 [INFO] Saving checkpoint at epoch 8 to ../run/20260820011_A1_ms/checkpoint_best.pth.
2026-08-20 01:15:15,001 [INFO] Start training
2026-08-20 01:15:15,367 [INFO] Start training epoch 9, 74 iters per inner epoch.
2026-08-20 01:15:37,038 [INFO] Averaged stats: lr: 0.000010  loss: 0.146821
2026-08-20 01:15:37,173 [INFO] local gates: {"epoch": 9, "outer_gate": 0.1193, "refine_gate": 0.2694}
2026-08-20 01:15:37,173 [INFO] Evaluating on val.
Train: data epoch: [9]  [ 0/74]  eta: 0:01:18  lr: 0.000010  loss: 0.1672  time: 1.0543  data: 0.0001  max mem: 10049
Train: data epoch: [9]  [20/74]  eta: 0:00:17  lr: 0.000010  loss: 0.1134  time: 0.2831  data: 0.0000  max mem: 10049
Train: data epoch: [9]  [40/74]  eta: 0:00:10  lr: 0.000010  loss: 0.1392  time: 0.2824  data: 0.0000  max mem: 10049
Train: data epoch: [9]  [60/74]  eta: 0:00:04  lr: 0.000010  loss: 0.1012  time: 0.2824  data: 0.0000  max mem: 10049
Train: data epoch: [9]  [73/74]  eta: 0:00:00  lr: 0.000010  loss: 0.1865  time: 0.2811  data: 0.0000  max mem: 10049
Train: data epoch: [9] Total time: 0:00:21 (0.2929 s / it)
2026-08-20 01:15:41,722 [INFO] Qual: EPOCH[9] -> PLCC: 0.869559, SROCC: 0.814818, KROCC: 0.628163, LOSS: 0.251334
2026-08-20 01:15:41,722 [INFO] Align: EPOCH[9] -> PLCC: 0.787465, SROCC: 0.635312, KROCC: 0.461393, LOSS: 0.428283
2026-08-20 01:15:41,734 [INFO] Saving checkpoint at epoch 9 to ../run/20260820011_A1_ms/checkpoint_best.pth.
2026-08-20 01:15:43,769 [INFO] Start training
2026-08-20 01:15:44,132 [INFO] Start training epoch 10, 74 iters per inner epoch.
2026-08-20 01:16:06,065 [INFO] Averaged stats: lr: 0.000010  loss: 0.137932
2026-08-20 01:16:06,153 [INFO] local gates: {"epoch": 10, "outer_gate": 0.1193, "refine_gate": 0.2695}
2026-08-20 01:16:06,153 [INFO] Evaluating on val.
Train: data epoch: [10]  [ 0/74]  eta: 0:01:45  lr: 0.000010  loss: 0.1124  time: 1.4267  data: 0.0001  max mem: 10049
Train: data epoch: [10]  [20/74]  eta: 0:00:18  lr: 0.000010  loss: 0.1206  time: 0.2820  data: 0.0000  max mem: 10049
Train: data epoch: [10]  [40/74]  eta: 0:00:10  lr: 0.000010  loss: 0.1484  time: 0.2798  data: 0.0000  max mem: 10049
Train: data epoch: [10]  [60/74]  eta: 0:00:04  lr: 0.000010  loss: 0.1574  time: 0.2809  data: 0.0000  max mem: 10049
Train: data epoch: [10]  [73/74]  eta: 0:00:00  lr: 0.000010  loss: 0.1670  time: 0.2805  data: 0.0000  max mem: 10049
Train: data epoch: [10] Total time: 0:00:21 (0.2964 s / it)
2026-08-20 01:16:10,503 [INFO] Qual: EPOCH[10] -> PLCC: 0.867247, SROCC: 0.805226, KROCC: 0.618467, LOSS: 0.261379
2026-08-20 01:16:10,503 [INFO] Align: EPOCH[10] -> PLCC: 0.788292, SROCC: 0.622135, KROCC: 0.450223, LOSS: 0.393111
2026-08-20 01:16:10,515 [INFO] Saving checkpoint at epoch 10 to ../run/20260820011_A1_ms/checkpoint_latest.pth.
2026-08-20 01:16:12,408 [INFO] Start training
2026-08-20 01:16:12,756 [INFO] Start training epoch 11, 74 iters per inner epoch.
2026-08-20 01:16:34,626 [INFO] Averaged stats: lr: 0.000010  loss: 0.116976
2026-08-20 01:16:34,719 [INFO] local gates: {"epoch": 11, "outer_gate": 0.1193, "refine_gate": 0.2696}
2026-08-20 01:16:34,720 [INFO] Evaluating on val.
Train: data epoch: [11]  [ 0/74]  eta: 0:01:39  lr: 0.000010  loss: 0.1235  time: 1.3512  data: 0.0001  max mem: 10049
Train: data epoch: [11]  [20/74]  eta: 0:00:18  lr: 0.000010  loss: 0.1294  time: 0.2826  data: 0.0000  max mem: 10049
Train: data epoch: [11]  [40/74]  eta: 0:00:10  lr: 0.000010  loss: 0.1197  time: 0.2805  data: 0.0000  max mem: 10049
Train: data epoch: [11]  [60/74]  eta: 0:00:04  lr: 0.000010  loss: 0.1497  time: 0.2804  data: 0.0000  max mem: 10049
Train: data epoch: [11]  [73/74]  eta: 0:00:00  lr: 0.000010  loss: 0.1272  time: 0.2802  data: 0.0000  max mem: 10049
Train: data epoch: [11] Total time: 0:00:21 (0.2955 s / it)
2026-08-20 01:16:39,004 [INFO] Qual: EPOCH[11] -> PLCC: 0.876667, SROCC: 0.817355, KROCC: 0.630956, LOSS: 0.228931
2026-08-20 01:16:39,004 [INFO] Align: EPOCH[11] -> PLCC: 0.799837, SROCC: 0.635605, KROCC: 0.462219, LOSS: 0.403130
2026-08-20 01:16:39,016 [INFO] Saving checkpoint at epoch 11 to ../run/20260820011_A1_ms/checkpoint_best.pth.
2026-08-20 01:16:41,003 [INFO] Start training
2026-08-20 01:16:41,339 [INFO] Start training epoch 12, 74 iters per inner epoch.
2026-08-20 01:17:03,196 [INFO] Averaged stats: lr: 0.000010  loss: 0.117695
2026-08-20 01:17:03,288 [INFO] local gates: {"epoch": 12, "outer_gate": 0.1194, "refine_gate": 0.2697}
2026-08-20 01:17:03,288 [INFO] Evaluating on val.
Train: data epoch: [12]  [ 0/74]  eta: 0:01:35  lr: 0.000010  loss: 0.0906  time: 1.2931  data: 0.0001  max mem: 10049
Train: data epoch: [12]  [20/74]  eta: 0:00:17  lr: 0.000010  loss: 0.0987  time: 0.2831  data: 0.0000  max mem: 10049
Train: data epoch: [12]  [40/74]  eta: 0:00:10  lr: 0.000010  loss: 0.1673  time: 0.2817  data: 0.0000  max mem: 10049
Train: data epoch: [12]  [60/74]  eta: 0:00:04  lr: 0.000010  loss: 0.1437  time: 0.2812  data: 0.0000  max mem: 10049
Train: data epoch: [12]  [73/74]  eta: 0:00:00  lr: 0.000010  loss: 0.1042  time: 0.2800  data: 0.0000  max mem: 10049
Train: data epoch: [12] Total time: 0:00:21 (0.2954 s / it)
2026-08-20 01:17:07,564 [INFO] Qual: EPOCH[12] -> PLCC: 0.870758, SROCC: 0.814456, KROCC: 0.628252, LOSS: 0.239975
2026-08-20 01:17:07,564 [INFO] Align: EPOCH[12] -> PLCC: 0.790469, SROCC: 0.622880, KROCC: 0.452233, LOSS: 0.369360
2026-08-20 01:17:07,565 [INFO] Start training
2026-08-20 01:17:07,865 [INFO] Start training epoch 13, 74 iters per inner epoch.
2026-08-20 01:17:29,793 [INFO] Averaged stats: lr: 0.000010  loss: 0.099304
2026-08-20 01:17:29,907 [INFO] local gates: {"epoch": 13, "outer_gate": 0.1194, "refine_gate": 0.2698}
2026-08-20 01:17:29,907 [INFO] Evaluating on val.
Train: data epoch: [13]  [ 0/74]  eta: 0:01:38  lr: 0.000010  loss: 0.1542  time: 1.3349  data: 0.0001  max mem: 10049
Train: data epoch: [13]  [20/74]  eta: 0:00:18  lr: 0.000010  loss: 0.0697  time: 0.2840  data: 0.0000  max mem: 10049
Train: data epoch: [13]  [40/74]  eta: 0:00:10  lr: 0.000010  loss: 0.0966  time: 0.2821  data: 0.0000  max mem: 10049
Train: data epoch: [13]  [60/74]  eta: 0:00:04  lr: 0.000010  loss: 0.1107  time: 0.2810  data: 0.0000  max mem: 10049
Train: data epoch: [13]  [73/74]  eta: 0:00:00  lr: 0.000010  loss: 0.1300  time: 0.2808  data: 0.0000  max mem: 10049
Train: data epoch: [13] Total time: 0:00:21 (0.2963 s / it)
2026-08-20 01:17:34,170 [INFO] Qual: EPOCH[13] -> PLCC: 0.879524, SROCC: 0.813895, KROCC: 0.628766, LOSS: 0.235422
2026-08-20 01:17:34,170 [INFO] Align: EPOCH[13] -> PLCC: 0.798444, SROCC: 0.637645, KROCC: 0.463191, LOSS: 0.446068
2026-08-20 01:17:34,171 [INFO] Start training
2026-08-20 01:17:34,469 [INFO] Start training epoch 14, 74 iters per inner epoch.
2026-08-20 01:17:56,438 [INFO] Averaged stats: lr: 0.000010  loss: 0.115093
2026-08-20 01:17:56,541 [INFO] local gates: {"epoch": 14, "outer_gate": 0.1194, "refine_gate": 0.2698}
2026-08-20 01:17:56,541 [INFO] Evaluating on val.
Train: data epoch: [14]  [ 0/74]  eta: 0:01:34  lr: 0.000010  loss: 0.1099  time: 1.2829  data: 0.0001  max mem: 10049
Train: data epoch: [14]  [20/74]  eta: 0:00:17  lr: 0.000010  loss: 0.0790  time: 0.2852  data: 0.0000  max mem: 10049
Train: data epoch: [14]  [40/74]  eta: 0:00:10  lr: 0.000010  loss: 0.0829  time: 0.2838  data: 0.0000  max mem: 10049
Train: data epoch: [14]  [60/74]  eta: 0:00:04  lr: 0.000010  loss: 0.1131  time: 0.2824  data: 0.0000  max mem: 10049
Train: data epoch: [14]  [73/74]  eta: 0:00:00  lr: 0.000010  loss: 0.1006  time: 0.2809  data: 0.0000  max mem: 10049
Train: data epoch: [14] Total time: 0:00:21 (0.2969 s / it)
2026-08-20 01:18:00,922 [INFO] Qual: EPOCH[14] -> PLCC: 0.875262, SROCC: 0.810903, KROCC: 0.623684, LOSS: 0.231758
2026-08-20 01:18:00,922 [INFO] Align: EPOCH[14] -> PLCC: 0.805707, SROCC: 0.634323, KROCC: 0.458935, LOSS: 0.375711
2026-08-20 01:18:00,923 [INFO] Start training
2026-08-20 01:18:01,233 [INFO] Start training epoch 15, 74 iters per inner epoch.
2026-08-20 01:18:23,109 [INFO] Averaged stats: lr: 0.000010  loss: 0.091993
2026-08-20 01:18:23,210 [INFO] local gates: {"epoch": 15, "outer_gate": 0.1194, "refine_gate": 0.2698}
2026-08-20 01:18:23,210 [INFO] Evaluating on val.
Train: data epoch: [15]  [ 0/74]  eta: 0:01:29  lr: 0.000010  loss: 0.1097  time: 1.2132  data: 0.0001  max mem: 10049
Train: data epoch: [15]  [20/74]  eta: 0:00:17  lr: 0.000010  loss: 0.0978  time: 0.2856  data: 0.0000  max mem: 10049
Train: data epoch: [15]  [40/74]  eta: 0:00:10  lr: 0.000010  loss: 0.0937  time: 0.2834  data: 0.0000  max mem: 10049
Train: data epoch: [15]  [60/74]  eta: 0:00:04  lr: 0.000010  loss: 0.1479  time: 0.2819  data: 0.0000  max mem: 10049
Train: data epoch: [15]  [73/74]  eta: 0:00:00  lr: 0.000010  loss: 0.0952  time: 0.2800  data: 0.0000  max mem: 10049
Train: data epoch: [15] Total time: 0:00:21 (0.2956 s / it)
2026-08-20 01:18:27,480 [INFO] Qual: EPOCH[15] -> PLCC: 0.879138, SROCC: 0.815140, KROCC: 0.628744, LOSS: 0.248999
2026-08-20 01:18:27,480 [INFO] Align: EPOCH[15] -> PLCC: 0.807741, SROCC: 0.635331, KROCC: 0.462968, LOSS: 0.352256
2026-08-20 01:18:27,489 [INFO] Saving checkpoint at epoch 15 to ../run/20260820011_A1_ms/checkpoint_best.pth.
2026-08-20 01:18:29,466 [INFO] Start training
2026-08-20 01:18:29,828 [INFO] Start training epoch 16, 74 iters per inner epoch.
2026-08-20 01:18:51,484 [INFO] Averaged stats: lr: 0.000009  loss: 0.093808
2026-08-20 01:18:51,578 [INFO] local gates: {"epoch": 16, "outer_gate": 0.1195, "refine_gate": 0.2699}
2026-08-20 01:18:51,578 [INFO] Evaluating on val.
Train: data epoch: [16]  [ 0/74]  eta: 0:01:22  lr: 0.000009  loss: 0.0688  time: 1.1155  data: 0.0001  max mem: 10049
Train: data epoch: [16]  [20/74]  eta: 0:00:17  lr: 0.000009  loss: 0.0805  time: 0.2820  data: 0.0000  max mem: 10049
Train: data epoch: [16]  [40/74]  eta: 0:00:10  lr: 0.000009  loss: 0.1177  time: 0.2815  data: 0.0000  max mem: 10049
Train: data epoch: [16]  [60/74]  eta: 0:00:04  lr: 0.000009  loss: 0.1294  time: 0.2811  data: 0.0000  max mem: 10049
Train: data epoch: [16]  [73/74]  eta: 0:00:00  lr: 0.000009  loss: 0.1615  time: 0.2801  data: 0.0000  max mem: 10049
Train: data epoch: [16] Total time: 0:00:21 (0.2926 s / it)
2026-08-20 01:18:56,095 [INFO] Qual: EPOCH[16] -> PLCC: 0.876806, SROCC: 0.810204, KROCC: 0.622946, LOSS: 0.267980
2026-08-20 01:18:56,095 [INFO] Align: EPOCH[16] -> PLCC: 0.801539, SROCC: 0.633307, KROCC: 0.459706, LOSS: 0.467714
2026-08-20 01:18:56,096 [INFO] Start training
2026-08-20 01:18:56,395 [INFO] Start training epoch 17, 74 iters per inner epoch.
2026-08-20 01:19:18,024 [INFO] Averaged stats: lr: 0.000009  loss: 0.097662
2026-08-20 01:19:18,140 [INFO] local gates: {"epoch": 17, "outer_gate": 0.1195, "refine_gate": 0.27}
2026-08-20 01:19:18,140 [INFO] Evaluating on val.
Train: data epoch: [17]  [ 0/74]  eta: 0:01:20  lr: 0.000009  loss: 0.1776  time: 1.0854  data: 0.0001  max mem: 10049
Train: data epoch: [17]  [20/74]  eta: 0:00:17  lr: 0.000009  loss: 0.0983  time: 0.2834  data: 0.0000  max mem: 10049
Train: data epoch: [17]  [40/74]  eta: 0:00:10  lr: 0.000009  loss: 0.0835  time: 0.2811  data: 0.0000  max mem: 10049
Train: data epoch: [17]  [60/74]  eta: 0:00:04  lr: 0.000009  loss: 0.1064  time: 0.2806  data: 0.0000  max mem: 10049
Train: data epoch: [17]  [73/74]  eta: 0:00:00  lr: 0.000009  loss: 0.0985  time: 0.2800  data: 0.0000  max mem: 10049
Train: data epoch: [17] Total time: 0:00:21 (0.2923 s / it)
2026-08-20 01:19:22,344 [INFO] Qual: EPOCH[17] -> PLCC: 0.866280, SROCC: 0.795081, KROCC: 0.610379, LOSS: 0.266048
2026-08-20 01:19:22,344 [INFO] Align: EPOCH[17] -> PLCC: 0.775023, SROCC: 0.590100, KROCC: 0.423537, LOSS: 0.446946
2026-08-20 01:19:22,345 [INFO] Start training
2026-08-20 01:19:22,635 [INFO] Start training epoch 18, 74 iters per inner epoch.
2026-08-20 01:19:44,542 [INFO] Averaged stats: lr: 0.000009  loss: 0.103598
2026-08-20 01:19:44,640 [INFO] local gates: {"epoch": 18, "outer_gate": 0.1195, "refine_gate": 0.2701}
2026-08-20 01:19:44,640 [INFO] Evaluating on val.
Train: data epoch: [18]  [ 0/74]  eta: 0:01:35  lr: 0.000009  loss: 0.0732  time: 1.2863  data: 0.0001  max mem: 10049
Train: data epoch: [18]  [20/74]  eta: 0:00:17  lr: 0.000009  loss: 0.1111  time: 0.2820  data: 0.0000  max mem: 10049
Train: data epoch: [18]  [40/74]  eta: 0:00:10  lr: 0.000009  loss: 0.0967  time: 0.2840  data: 0.0000  max mem: 10049
Train: data epoch: [18]  [60/74]  eta: 0:00:04  lr: 0.000009  loss: 0.1084  time: 0.2825  data: 0.0000  max mem: 10049
Train: data epoch: [18]  [73/74]  eta: 0:00:00  lr: 0.000009  loss: 0.1030  time: 0.2805  data: 0.0000  max mem: 10049
Train: data epoch: [18] Total time: 0:00:21 (0.2960 s / it)
2026-08-20 01:19:48,897 [INFO] Qual: EPOCH[18] -> PLCC: 0.874739, SROCC: 0.809943, KROCC: 0.621997, LOSS: 0.278717
2026-08-20 01:19:48,897 [INFO] Align: EPOCH[18] -> PLCC: 0.792260, SROCC: 0.625986, KROCC: 0.454646, LOSS: 0.369929
2026-08-20 01:19:48,898 [INFO] Start training
2026-08-20 01:19:49,204 [INFO] Start training epoch 19, 74 iters per inner epoch.
2026-08-20 01:20:11,001 [INFO] Averaged stats: lr: 0.000009  loss: 0.083335
2026-08-20 01:20:11,103 [INFO] local gates: {"epoch": 19, "outer_gate": 0.1196, "refine_gate": 0.2702}
2026-08-20 01:20:11,103 [INFO] Evaluating on val.
Train: data epoch: [19]  [ 0/74]  eta: 0:01:23  lr: 0.000009  loss: 0.0630  time: 1.1232  data: 0.0001  max mem: 10049
Train: data epoch: [19]  [20/74]  eta: 0:00:17  lr: 0.000009  loss: 0.0446  time: 0.2844  data: 0.0000  max mem: 10049
Train: data epoch: [19]  [40/74]  eta: 0:00:10  lr: 0.000009  loss: 0.0804  time: 0.2831  data: 0.0000  max mem: 10049
Train: data epoch: [19]  [60/74]  eta: 0:00:04  lr: 0.000009  loss: 0.0556  time: 0.2833  data: 0.0000  max mem: 10049
Train: data epoch: [19]  [73/74]  eta: 0:00:00  lr: 0.000009  loss: 0.0851  time: 0.2809  data: 0.0000  max mem: 10049
Train: data epoch: [19] Total time: 0:00:21 (0.2945 s / it)
2026-08-20 01:20:15,354 [INFO] Qual: EPOCH[19] -> PLCC: 0.874923, SROCC: 0.816918, KROCC: 0.631537, LOSS: 0.229850
2026-08-20 01:20:15,354 [INFO] Align: EPOCH[19] -> PLCC: 0.807498, SROCC: 0.634195, KROCC: 0.462432, LOSS: 0.350281
2026-08-20 01:20:15,354 [INFO] Start training
2026-08-20 01:20:15,645 [INFO] Start training epoch 20, 74 iters per inner epoch.
2026-08-20 01:20:37,146 [INFO] Averaged stats: lr: 0.000009  loss: 0.081356
2026-08-20 01:20:37,243 [INFO] local gates: {"epoch": 20, "outer_gate": 0.1196, "refine_gate": 0.2702}
2026-08-20 01:20:37,244 [INFO] Evaluating on val.
Train: data epoch: [20]  [ 0/74]  eta: 0:01:05  lr: 0.000009  loss: 0.0483  time: 0.8867  data: 0.0001  max mem: 10049
Train: data epoch: [20]  [20/74]  eta: 0:00:16  lr: 0.000009  loss: 0.0887  time: 0.2843  data: 0.0000  max mem: 10049
Train: data epoch: [20]  [40/74]  eta: 0:00:10  lr: 0.000009  loss: 0.0619  time: 0.2830  data: 0.0000  max mem: 10049
Train: data epoch: [20]  [60/74]  eta: 0:00:04  lr: 0.000009  loss: 0.0593  time: 0.2809  data: 0.0000  max mem: 10049
Train: data epoch: [20]  [73/74]  eta: 0:00:00  lr: 0.000009  loss: 0.1017  time: 0.2803  data: 0.0000  max mem: 10049
Train: data epoch: [20] Total time: 0:00:21 (0.2905 s / it)
2026-08-20 01:20:41,531 [INFO] Qual: EPOCH[20] -> PLCC: 0.872544, SROCC: 0.804664, KROCC: 0.620098, LOSS: 0.298639
2026-08-20 01:20:41,531 [INFO] Align: EPOCH[20] -> PLCC: 0.792451, SROCC: 0.616785, KROCC: 0.447631, LOSS: 0.394754
2026-08-20 01:20:41,543 [INFO] Saving checkpoint at epoch 20 to ../run/20260820011_A1_ms/checkpoint_latest.pth.
2026-08-20 01:20:42,937 [INFO] Start training
2026-08-20 01:20:43,245 [INFO] Start training epoch 21, 74 iters per inner epoch.
2026-08-20 01:21:05,067 [INFO] Averaged stats: lr: 0.000009  loss: 0.071444
2026-08-20 01:21:05,183 [INFO] local gates: {"epoch": 21, "outer_gate": 0.1196, "refine_gate": 0.2703}
2026-08-20 01:21:05,184 [INFO] Evaluating on val.
Train: data epoch: [21]  [ 0/74]  eta: 0:01:33  lr: 0.000009  loss: 0.0785  time: 1.2691  data: 0.0001  max mem: 10049
Train: data epoch: [21]  [20/74]  eta: 0:00:17  lr: 0.000009  loss: 0.1009  time: 0.2826  data: 0.0000  max mem: 10049
Train: data epoch: [21]  [40/74]  eta: 0:00:10  lr: 0.000009  loss: 0.0918  time: 0.2818  data: 0.0000  max mem: 10049
Train: data epoch: [21]  [60/74]  eta: 0:00:04  lr: 0.000009  loss: 0.0471  time: 0.2808  data: 0.0000  max mem: 10049
Train: data epoch: [21]  [73/74]  eta: 0:00:00  lr: 0.000009  loss: 0.0731  time: 0.2804  data: 0.0000  max mem: 10049
Train: data epoch: [21] Total time: 0:00:21 (0.2949 s / it)
2026-08-20 01:21:09,460 [INFO] Qual: EPOCH[21] -> PLCC: 0.878221, SROCC: 0.810747, KROCC: 0.626599, LOSS: 0.237887
2026-08-20 01:21:09,461 [INFO] Align: EPOCH[21] -> PLCC: 0.795014, SROCC: 0.610536, KROCC: 0.439957, LOSS: 0.388901
2026-08-20 01:21:09,462 [INFO] Start training
2026-08-20 01:21:09,803 [INFO] Start training epoch 22, 74 iters per inner epoch.
2026-08-20 01:21:31,499 [INFO] Averaged stats: lr: 0.000009  loss: 0.072915
2026-08-20 01:21:31,597 [INFO] local gates: {"epoch": 22, "outer_gate": 0.1197, "refine_gate": 0.2704}
2026-08-20 01:21:31,598 [INFO] Evaluating on val.
Train: data epoch: [22]  [ 0/74]  eta: 0:01:18  lr: 0.000009  loss: 0.0796  time: 1.0594  data: 0.0001  max mem: 10049
Train: data epoch: [22]  [20/74]  eta: 0:00:17  lr: 0.000009  loss: 0.0703  time: 0.2849  data: 0.0000  max mem: 10049
Train: data epoch: [22]  [40/74]  eta: 0:00:10  lr: 0.000009  loss: 0.0647  time: 0.2825  data: 0.0000  max mem: 10049
Train: data epoch: [22]  [60/74]  eta: 0:00:04  lr: 0.000009  loss: 0.0718  time: 0.2817  data: 0.0000  max mem: 10049
Train: data epoch: [22]  [73/74]  eta: 0:00:00  lr: 0.000009  loss: 0.0675  time: 0.2808  data: 0.0000  max mem: 10049
Train: data epoch: [22] Total time: 0:00:21 (0.2932 s / it)
2026-08-20 01:21:35,772 [INFO] Qual: EPOCH[22] -> PLCC: 0.870613, SROCC: 0.805920, KROCC: 0.621036, LOSS: 0.258226
2026-08-20 01:21:35,773 [INFO] Align: EPOCH[22] -> PLCC: 0.792583, SROCC: 0.618732, KROCC: 0.448268, LOSS: 0.411302
2026-08-20 01:21:35,773 [INFO] Start training
2026-08-20 01:21:36,067 [INFO] Start training epoch 23, 74 iters per inner epoch.
2026-08-20 01:21:57,927 [INFO] Averaged stats: lr: 0.000009  loss: 0.070401
2026-08-20 01:21:58,029 [INFO] local gates: {"epoch": 23, "outer_gate": 0.1197, "refine_gate": 0.2705}
2026-08-20 01:21:58,029 [INFO] Evaluating on val.
Train: data epoch: [23]  [ 0/74]  eta: 0:01:26  lr: 0.000009  loss: 0.0689  time: 1.1628  data: 0.0001  max mem: 10049
Train: data epoch: [23]  [20/74]  eta: 0:00:17  lr: 0.000009  loss: 0.0561  time: 0.2844  data: 0.0000  max mem: 10049
Train: data epoch: [23]  [40/74]  eta: 0:00:10  lr: 0.000009  loss: 0.0642  time: 0.2851  data: 0.0000  max mem: 10049
Train: data epoch: [23]  [60/74]  eta: 0:00:04  lr: 0.000009  loss: 0.0668  time: 0.2816  data: 0.0000  max mem: 10049
Train: data epoch: [23]  [73/74]  eta: 0:00:00  lr: 0.000009  loss: 0.0729  time: 0.2816  data: 0.0000  max mem: 10049
Train: data epoch: [23] Total time: 0:00:21 (0.2954 s / it)
2026-08-20 01:22:02,504 [INFO] Qual: EPOCH[23] -> PLCC: 0.879654, SROCC: 0.821115, KROCC: 0.635938, LOSS: 0.274666
2026-08-20 01:22:02,504 [INFO] Align: EPOCH[23] -> PLCC: 0.800585, SROCC: 0.640848, KROCC: 0.466241, LOSS: 0.373295
2026-08-20 01:22:02,514 [INFO] Saving checkpoint at epoch 23 to ../run/20260820011_A1_ms/checkpoint_best.pth.
2026-08-20 01:22:04,486 [INFO] Start training
2026-08-20 01:22:04,836 [INFO] Start training epoch 24, 74 iters per inner epoch.
2026-08-20 01:22:26,844 [INFO] Averaged stats: lr: 0.000009  loss: 0.066579
2026-08-20 01:22:26,960 [INFO] local gates: {"epoch": 24, "outer_gate": 0.1197, "refine_gate": 0.2705}
2026-08-20 01:22:26,961 [INFO] Evaluating on val.
Train: data epoch: [24]  [ 0/74]  eta: 0:01:38  lr: 0.000009  loss: 0.0725  time: 1.3260  data: 0.0001  max mem: 10049
Train: data epoch: [24]  [20/74]  eta: 0:00:18  lr: 0.000009  loss: 0.1068  time: 0.2851  data: 0.0000  max mem: 10049
Train: data epoch: [24]  [40/74]  eta: 0:00:10  lr: 0.000009  loss: 0.0510  time: 0.2838  data: 0.0000  max mem: 10049
Train: data epoch: [24]  [60/74]  eta: 0:00:04  lr: 0.000009  loss: 0.0648  time: 0.2829  data: 0.0000  max mem: 10049
Train: data epoch: [24]  [73/74]  eta: 0:00:00  lr: 0.000009  loss: 0.1052  time: 0.2801  data: 0.0000  max mem: 10049
Train: data epoch: [24] Total time: 0:00:22 (0.2974 s / it)
2026-08-20 01:22:31,176 [INFO] Qual: EPOCH[24] -> PLCC: 0.877938, SROCC: 0.814424, KROCC: 0.629001, LOSS: 0.233505
2026-08-20 01:22:31,176 [INFO] Align: EPOCH[24] -> PLCC: 0.806719, SROCC: 0.638072, KROCC: 0.465705, LOSS: 0.353732
2026-08-20 01:22:31,177 [INFO] Start training
2026-08-20 01:22:31,455 [INFO] Start training epoch 25, 74 iters per inner epoch.
2026-08-20 01:22:53,091 [INFO] Averaged stats: lr: 0.000009  loss: 0.067157
2026-08-20 01:22:53,183 [INFO] local gates: {"epoch": 25, "outer_gate": 0.1198, "refine_gate": 0.2706}
2026-08-20 01:22:53,184 [INFO] Evaluating on val.
Train: data epoch: [25]  [ 0/74]  eta: 0:01:26  lr: 0.000009  loss: 0.0344  time: 1.1719  data: 0.0001  max mem: 10049
Train: data epoch: [25]  [20/74]  eta: 0:00:17  lr: 0.000009  loss: 0.1205  time: 0.2790  data: 0.0000  max mem: 10049
Train: data epoch: [25]  [40/74]  eta: 0:00:10  lr: 0.000009  loss: 0.0416  time: 0.2802  data: 0.0000  max mem: 10049
Train: data epoch: [25]  [60/74]  eta: 0:00:04  lr: 0.000009  loss: 0.0369  time: 0.2813  data: 0.0000  max mem: 10049
Train: data epoch: [25]  [73/74]  eta: 0:00:00  lr: 0.000009  loss: 0.0618  time: 0.2803  data: 0.0000  max mem: 10049
Train: data epoch: [25] Total time: 0:00:21 (0.2924 s / it)
2026-08-20 01:22:57,454 [INFO] Qual: EPOCH[25] -> PLCC: 0.877828, SROCC: 0.816848, KROCC: 0.630565, LOSS: 0.242204
2026-08-20 01:22:57,454 [INFO] Align: EPOCH[25] -> PLCC: 0.801606, SROCC: 0.640465, KROCC: 0.467402, LOSS: 0.376600
2026-08-20 01:22:57,466 [INFO] Saving checkpoint at epoch 25 to ../run/20260820011_A1_ms/checkpoint_latest.pth.
2026-08-20 01:22:59,618 [INFO] Start training
2026-08-20 01:22:59,981 [INFO] Start training epoch 26, 74 iters per inner epoch.
2026-08-20 01:23:21,524 [INFO] Averaged stats: lr: 0.000009  loss: 0.060639
2026-08-20 01:23:21,622 [INFO] local gates: {"epoch": 26, "outer_gate": 0.1199, "refine_gate": 0.2707}
2026-08-20 01:23:21,622 [INFO] Evaluating on val.
Train: data epoch: [26]  [ 0/74]  eta: 0:01:08  lr: 0.000009  loss: 0.0357  time: 0.9238  data: 0.0001  max mem: 10049
Train: data epoch: [26]  [20/74]  eta: 0:00:16  lr: 0.000009  loss: 0.0368  time: 0.2843  data: 0.0000  max mem: 10049
Train: data epoch: [26]  [40/74]  eta: 0:00:10  lr: 0.000009  loss: 0.0398  time: 0.2817  data: 0.0000  max mem: 10049
Train: data epoch: [26]  [60/74]  eta: 0:00:04  lr: 0.000009  loss: 0.0482  time: 0.2816  data: 0.0000  max mem: 10049
Train: data epoch: [26]  [73/74]  eta: 0:00:00  lr: 0.000009  loss: 0.0457  time: 0.2814  data: 0.0000  max mem: 10049
Train: data epoch: [26] Total time: 0:00:21 (0.2911 s / it)
2026-08-20 01:23:26,168 [INFO] Qual: EPOCH[26] -> PLCC: 0.881800, SROCC: 0.820446, KROCC: 0.636061, LOSS: 0.223716
2026-08-20 01:23:26,168 [INFO] Align: EPOCH[26] -> PLCC: 0.808381, SROCC: 0.634516, KROCC: 0.463437, LOSS: 0.341378
2026-08-20 01:23:26,182 [INFO] Saving checkpoint at epoch 26 to ../run/20260820011_A1_ms/checkpoint_best.pth.
2026-08-20 01:23:28,226 [INFO] Start training
2026-08-20 01:23:28,568 [INFO] Start training epoch 27, 74 iters per inner epoch.
2026-08-20 01:23:50,227 [INFO] Averaged stats: lr: 0.000008  loss: 0.054869
2026-08-20 01:23:50,344 [INFO] local gates: {"epoch": 27, "outer_gate": 0.1199, "refine_gate": 0.2707}
2026-08-20 01:23:50,344 [INFO] Evaluating on val.
Train: data epoch: [27]  [ 0/74]  eta: 0:01:20  lr: 0.000008  loss: 0.0552  time: 1.0836  data: 0.0001  max mem: 10049
Train: data epoch: [27]  [20/74]  eta: 0:00:17  lr: 0.000008  loss: 0.0629  time: 0.2843  data: 0.0000  max mem: 10049
Train: data epoch: [27]  [40/74]  eta: 0:00:10  lr: 0.000008  loss: 0.0504  time: 0.2822  data: 0.0000  max mem: 10049
Train: data epoch: [27]  [60/74]  eta: 0:00:04  lr: 0.000008  loss: 0.0563  time: 0.2804  data: 0.0000  max mem: 10049
Train: data epoch: [27]  [73/74]  eta: 0:00:00  lr: 0.000008  loss: 0.0422  time: 0.2793  data: 0.0000  max mem: 10049
Train: data epoch: [27] Total time: 0:00:21 (0.2927 s / it)
2026-08-20 01:23:54,604 [INFO] Qual: EPOCH[27] -> PLCC: 0.877496, SROCC: 0.817471, KROCC: 0.632129, LOSS: 0.233257
2026-08-20 01:23:54,604 [INFO] Align: EPOCH[27] -> PLCC: 0.797216, SROCC: 0.627907, KROCC: 0.457148, LOSS: 0.392190
2026-08-20 01:23:54,605 [INFO] Start training
2026-08-20 01:23:54,939 [INFO] Start training epoch 28, 74 iters per inner epoch.
2026-08-20 01:24:16,773 [INFO] Averaged stats: lr: 0.000008  loss: 0.053038
2026-08-20 01:24:16,873 [INFO] local gates: {"epoch": 28, "outer_gate": 0.12, "refine_gate": 0.2708}
2026-08-20 01:24:16,874 [INFO] Evaluating on val.
Train: data epoch: [28]  [ 0/74]  eta: 0:01:30  lr: 0.000008  loss: 0.0497  time: 1.2166  data: 0.0001  max mem: 10049
Train: data epoch: [28]  [20/74]  eta: 0:00:17  lr: 0.000008  loss: 0.0699  time: 0.2832  data: 0.0000  max mem: 10049
Train: data epoch: [28]  [40/74]  eta: 0:00:10  lr: 0.000008  loss: 0.0728  time: 0.2812  data: 0.0000  max mem: 10049
Train: data epoch: [28]  [60/74]  eta: 0:00:04  lr: 0.000008  loss: 0.0503  time: 0.2829  data: 0.0000  max mem: 10049
Train: data epoch: [28]  [73/74]  eta: 0:00:00  lr: 0.000008  loss: 0.0388  time: 0.2818  data: 0.0000  max mem: 10049
Train: data epoch: [28] Total time: 0:00:21 (0.2950 s / it)
2026-08-20 01:24:21,142 [INFO] Qual: EPOCH[28] -> PLCC: 0.873097, SROCC: 0.808352, KROCC: 0.624030, LOSS: 0.246538
2026-08-20 01:24:21,142 [INFO] Align: EPOCH[28] -> PLCC: 0.794018, SROCC: 0.628550, KROCC: 0.457573, LOSS: 0.378699
2026-08-20 01:24:21,143 [INFO] Start training
2026-08-20 01:24:21,482 [INFO] Start training epoch 29, 74 iters per inner epoch.
2026-08-20 01:24:43,366 [INFO] Averaged stats: lr: 0.000008  loss: 0.046566
2026-08-20 01:24:43,466 [INFO] local gates: {"epoch": 29, "outer_gate": 0.12, "refine_gate": 0.2709}
2026-08-20 01:24:43,466 [INFO] Evaluating on val.
Train: data epoch: [29]  [ 0/74]  eta: 0:01:32  lr: 0.000008  loss: 0.0688  time: 1.2437  data: 0.0001  max mem: 10049
Train: data epoch: [29]  [20/74]  eta: 0:00:17  lr: 0.000008  loss: 0.0587  time: 0.2850  data: 0.0000  max mem: 10049
Train: data epoch: [29]  [40/74]  eta: 0:00:10  lr: 0.000008  loss: 0.0462  time: 0.2828  data: 0.0000  max mem: 10049
Train: data epoch: [29]  [60/74]  eta: 0:00:04  lr: 0.000008  loss: 0.0625  time: 0.2815  data: 0.0000  max mem: 10049
Train: data epoch: [29]  [73/74]  eta: 0:00:00  lr: 0.000008  loss: 0.0540  time: 0.2805  data: 0.0000  max mem: 10049
Train: data epoch: [29] Total time: 0:00:21 (0.2957 s / it)
2026-08-20 01:24:47,893 [INFO] Qual: EPOCH[29] -> PLCC: 0.877457, SROCC: 0.815850, KROCC: 0.630677, LOSS: 0.235121
2026-08-20 01:24:47,893 [INFO] Align: EPOCH[29] -> PLCC: 0.798943, SROCC: 0.631572, KROCC: 0.460767, LOSS: 0.368535
2026-08-20 01:24:47,894 [INFO] Start training
2026-08-20 01:24:48,195 [INFO] Start training epoch 30, 74 iters per inner epoch.
2026-08-20 01:25:10,163 [INFO] Averaged stats: lr: 0.000008  loss: 0.052470
2026-08-20 01:25:10,270 [INFO] local gates: {"epoch": 30, "outer_gate": 0.1201, "refine_gate": 0.2709}
2026-08-20 01:25:10,270 [INFO] Evaluating on val.
Train: data epoch: [30]  [ 0/74]  eta: 0:01:34  lr: 0.000008  loss: 0.0445  time: 1.2739  data: 0.0001  max mem: 10049
Train: data epoch: [30]  [20/74]  eta: 0:00:17  lr: 0.000008  loss: 0.0615  time: 0.2852  data: 0.0000  max mem: 10049
Train: data epoch: [30]  [40/74]  eta: 0:00:10  lr: 0.000008  loss: 0.0413  time: 0.2841  data: 0.0000  max mem: 10049
Train: data epoch: [30]  [60/74]  eta: 0:00:04  lr: 0.000008  loss: 0.0490  time: 0.2825  data: 0.0000  max mem: 10049
Train: data epoch: [30]  [73/74]  eta: 0:00:00  lr: 0.000008  loss: 0.0460  time: 0.2810  data: 0.0000  max mem: 10049
Train: data epoch: [30] Total time: 0:00:21 (0.2969 s / it)
2026-08-20 01:25:14,404 [INFO] Qual: EPOCH[30] -> PLCC: 0.882064, SROCC: 0.819565, KROCC: 0.636217, LOSS: 0.225148
2026-08-20 01:25:14,405 [INFO] Align: EPOCH[30] -> PLCC: 0.799871, SROCC: 0.618986, KROCC: 0.449039, LOSS: 0.360966
2026-08-20 01:25:14,414 [INFO] Saving checkpoint at epoch 30 to ../run/20260820011_A1_ms/checkpoint_latest.pth.
2026-08-20 01:25:16,177 [INFO] Start training
2026-08-20 01:25:16,519 [INFO] Start training epoch 31, 74 iters per inner epoch.
2026-08-20 01:25:37,991 [INFO] Averaged stats: lr: 0.000008  loss: 0.048182
2026-08-20 01:25:38,089 [INFO] local gates: {"epoch": 31, "outer_gate": 0.1201, "refine_gate": 0.271}
2026-08-20 01:25:38,089 [INFO] Evaluating on val.
Train: data epoch: [31]  [ 0/74]  eta: 0:01:11  lr: 0.000008  loss: 0.0371  time: 0.9680  data: 0.0001  max mem: 10049
Train: data epoch: [31]  [20/74]  eta: 0:00:16  lr: 0.000008  loss: 0.0478  time: 0.2813  data: 0.0000  max mem: 10049
Train: data epoch: [31]  [40/74]  eta: 0:00:10  lr: 0.000008  loss: 0.0321  time: 0.2810  data: 0.0000  max mem: 10049
Train: data epoch: [31]  [60/74]  eta: 0:00:04  lr: 0.000008  loss: 0.0406  time: 0.2806  data: 0.0000  max mem: 10049
Train: data epoch: [31]  [73/74]  eta: 0:00:00  lr: 0.000008  loss: 0.0503  time: 0.2801  data: 0.0000  max mem: 10049
Train: data epoch: [31] Total time: 0:00:21 (0.2902 s / it)
2026-08-20 01:25:42,409 [INFO] Qual: EPOCH[31] -> PLCC: 0.881573, SROCC: 0.820186, KROCC: 0.637156, LOSS: 0.228500
2026-08-20 01:25:42,409 [INFO] Align: EPOCH[31] -> PLCC: 0.800301, SROCC: 0.622081, KROCC: 0.450893, LOSS: 0.360169
2026-08-20 01:25:42,410 [INFO] Start training
2026-08-20 01:25:42,712 [INFO] Start training epoch 32, 74 iters per inner epoch.
2026-08-20 01:26:04,426 [INFO] Averaged stats: lr: 0.000008  loss: 0.046889
2026-08-20 01:26:04,524 [INFO] local gates: {"epoch": 32, "outer_gate": 0.1202, "refine_gate": 0.271}
2026-08-20 01:26:04,525 [INFO] Evaluating on val.
Train: data epoch: [32]  [ 0/74]  eta: 0:01:20  lr: 0.000008  loss: 0.0542  time: 1.0816  data: 0.0001  max mem: 10049
Train: data epoch: [32]  [20/74]  eta: 0:00:17  lr: 0.000008  loss: 0.0562  time: 0.2838  data: 0.0000  max mem: 10049
Train: data epoch: [32]  [40/74]  eta: 0:00:10  lr: 0.000008  loss: 0.0321  time: 0.2829  data: 0.0000  max mem: 10049
Train: data epoch: [32]  [60/74]  eta: 0:00:04  lr: 0.000008  loss: 0.0448  time: 0.2819  data: 0.0000  max mem: 10049
Train: data epoch: [32]  [73/74]  eta: 0:00:00  lr: 0.000008  loss: 0.0458  time: 0.2811  data: 0.0000  max mem: 10049
Train: data epoch: [32] Total time: 0:00:21 (0.2934 s / it)
2026-08-20 01:26:08,902 [INFO] Qual: EPOCH[32] -> PLCC: 0.879381, SROCC: 0.815366, KROCC: 0.633112, LOSS: 0.228844
2026-08-20 01:26:08,902 [INFO] Align: EPOCH[32] -> PLCC: 0.797902, SROCC: 0.623629, KROCC: 0.452769, LOSS: 0.361111
2026-08-20 01:26:08,903 [INFO] Start training
2026-08-20 01:26:09,245 [INFO] Start training epoch 33, 74 iters per inner epoch.
2026-08-20 01:26:30,876 [INFO] Averaged stats: lr: 0.000008  loss: 0.046242
2026-08-20 01:26:30,992 [INFO] local gates: {"epoch": 33, "outer_gate": 0.1202, "refine_gate": 0.2711}
2026-08-20 01:26:30,992 [INFO] Evaluating on val.
Train: data epoch: [33]  [ 0/74]  eta: 0:01:10  lr: 0.000008  loss: 0.0312  time: 0.9574  data: 0.0001  max mem: 10049
Train: data epoch: [33]  [20/74]  eta: 0:00:17  lr: 0.000008  loss: 0.0366  time: 0.2869  data: 0.0000  max mem: 10049
Train: data epoch: [33]  [40/74]  eta: 0:00:10  lr: 0.000008  loss: 0.0413  time: 0.2828  data: 0.0000  max mem: 10049
Train: data epoch: [33]  [60/74]  eta: 0:00:04  lr: 0.000008  loss: 0.0362  time: 0.2816  data: 0.0000  max mem: 10049
Train: data epoch: [33]  [73/74]  eta: 0:00:00  lr: 0.000008  loss: 0.0396  time: 0.2806  data: 0.0000  max mem: 10049
Train: data epoch: [33] Total time: 0:00:21 (0.2923 s / it)
2026-08-20 01:26:35,266 [INFO] Qual: EPOCH[33] -> PLCC: 0.877259, SROCC: 0.817345, KROCC: 0.634475, LOSS: 0.306835
2026-08-20 01:26:35,266 [INFO] Align: EPOCH[33] -> PLCC: 0.787664, SROCC: 0.606194, KROCC: 0.437421, LOSS: 0.436112
2026-08-20 01:26:35,267 [INFO] Start training
2026-08-20 01:26:35,562 [INFO] Start training epoch 34, 74 iters per inner epoch.
2026-08-20 01:26:57,411 [INFO] Averaged stats: lr: 0.000008  loss: 0.052117
2026-08-20 01:26:57,520 [INFO] local gates: {"epoch": 34, "outer_gate": 0.1203, "refine_gate": 0.2711}
2026-08-20 01:26:57,521 [INFO] Evaluating on val.
Train: data epoch: [34]  [ 0/74]  eta: 0:01:29  lr: 0.000008  loss: 0.0498  time: 1.2122  data: 0.0001  max mem: 10049
Train: data epoch: [34]  [20/74]  eta: 0:00:17  lr: 0.000008  loss: 0.0606  time: 0.2843  data: 0.0000  max mem: 10049
Train: data epoch: [34]  [40/74]  eta: 0:00:10  lr: 0.000008  loss: 0.0521  time: 0.2830  data: 0.0000  max mem: 10049
Train: data epoch: [34]  [60/74]  eta: 0:00:04  lr: 0.000008  loss: 0.0381  time: 0.2820  data: 0.0000  max mem: 10049
Train: data epoch: [34]  [73/74]  eta: 0:00:00  lr: 0.000008  loss: 0.0479  time: 0.2806  data: 0.0000  max mem: 10049
Train: data epoch: [34] Total time: 0:00:21 (0.2952 s / it)
2026-08-20 01:27:01,815 [INFO] Qual: EPOCH[34] -> PLCC: 0.877999, SROCC: 0.818626, KROCC: 0.634549, LOSS: 0.237974
2026-08-20 01:27:01,815 [INFO] Align: EPOCH[34] -> PLCC: 0.800679, SROCC: 0.626561, KROCC: 0.456377, LOSS: 0.351880
2026-08-20 01:27:01,816 [INFO] Start training
2026-08-20 01:27:02,106 [INFO] Start training epoch 35, 74 iters per inner epoch.
2026-08-20 01:27:23,962 [INFO] Averaged stats: lr: 0.000008  loss: 0.041941
2026-08-20 01:27:24,064 [INFO] local gates: {"epoch": 35, "outer_gate": 0.1204, "refine_gate": 0.2712}
2026-08-20 01:27:24,064 [INFO] Evaluating on val.
Train: data epoch: [35]  [ 0/74]  eta: 0:01:30  lr: 0.000008  loss: 0.0414  time: 1.2291  data: 0.0001  max mem: 10049
Train: data epoch: [35]  [20/74]  eta: 0:00:17  lr: 0.000008  loss: 0.0521  time: 0.2837  data: 0.0000  max mem: 10049
Train: data epoch: [35]  [40/74]  eta: 0:00:10  lr: 0.000008  loss: 0.0369  time: 0.2832  data: 0.0000  max mem: 10049
Train: data epoch: [35]  [60/74]  eta: 0:00:04  lr: 0.000008  loss: 0.0422  time: 0.2820  data: 0.0000  max mem: 10049
Train: data epoch: [35]  [73/74]  eta: 0:00:00  lr: 0.000008  loss: 0.0266  time: 0.2804  data: 0.0000  max mem: 10049
Train: data epoch: [35] Total time: 0:00:21 (0.2953 s / it)
2026-08-20 01:27:28,380 [INFO] Qual: EPOCH[35] -> PLCC: 0.883364, SROCC: 0.821326, KROCC: 0.638485, LOSS: 0.222766
2026-08-20 01:27:28,381 [INFO] Align: EPOCH[35] -> PLCC: 0.800359, SROCC: 0.627924, KROCC: 0.456780, LOSS: 0.365296
2026-08-20 01:27:28,392 [INFO] Saving checkpoint at epoch 35 to ../run/20260820011_A1_ms/checkpoint_best.pth.
2026-08-20 01:27:30,100 [INFO] Start training
2026-08-20 01:27:30,444 [INFO] Start training epoch 36, 74 iters per inner epoch.
2026-08-20 01:27:52,134 [INFO] Averaged stats: lr: 0.000007  loss: 0.042683
2026-08-20 01:27:52,227 [INFO] local gates: {"epoch": 36, "outer_gate": 0.1204, "refine_gate": 0.2713}
2026-08-20 01:27:52,228 [INFO] Evaluating on val.
Train: data epoch: [36]  [ 0/74]  eta: 0:01:22  lr: 0.000007  loss: 0.0656  time: 1.1146  data: 0.0001  max mem: 10049
Train: data epoch: [36]  [20/74]  eta: 0:00:17  lr: 0.000007  loss: 0.0390  time: 0.2821  data: 0.0000  max mem: 10049
Train: data epoch: [36]  [40/74]  eta: 0:00:10  lr: 0.000007  loss: 0.0229  time: 0.2824  data: 0.0000  max mem: 10049
Train: data epoch: [36]  [60/74]  eta: 0:00:04  lr: 0.000007  loss: 0.0575  time: 0.2815  data: 0.0000  max mem: 10049
Train: data epoch: [36]  [73/74]  eta: 0:00:00  lr: 0.000007  loss: 0.0286  time: 0.2806  data: 0.0000  max mem: 10049
Train: data epoch: [36] Total time: 0:00:21 (0.2931 s / it)
2026-08-20 01:27:56,534 [INFO] Qual: EPOCH[36] -> PLCC: 0.877041, SROCC: 0.809734, KROCC: 0.625806, LOSS: 0.227493
2026-08-20 01:27:56,534 [INFO] Align: EPOCH[36] -> PLCC: 0.796260, SROCC: 0.620953, KROCC: 0.450424, LOSS: 0.357647
2026-08-20 01:27:56,535 [INFO] Start training
2026-08-20 01:27:56,840 [INFO] Start training epoch 37, 74 iters per inner epoch.
2026-08-20 01:28:18,853 [INFO] Averaged stats: lr: 0.000007  loss: 0.038580
2026-08-20 01:28:18,959 [INFO] local gates: {"epoch": 37, "outer_gate": 0.1205, "refine_gate": 0.2713}
2026-08-20 01:28:18,960 [INFO] Evaluating on val.
Train: data epoch: [37]  [ 0/74]  eta: 0:01:36  lr: 0.000007  loss: 0.0304  time: 1.3108  data: 0.0001  max mem: 10049
Train: data epoch: [37]  [20/74]  eta: 0:00:18  lr: 0.000007  loss: 0.0337  time: 0.2857  data: 0.0000  max mem: 10049
Train: data epoch: [37]  [40/74]  eta: 0:00:10  lr: 0.000007  loss: 0.0185  time: 0.2833  data: 0.0000  max mem: 10049
Train: data epoch: [37]  [60/74]  eta: 0:00:04  lr: 0.000007  loss: 0.0416  time: 0.2830  data: 0.0000  max mem: 10049
Train: data epoch: [37]  [73/74]  eta: 0:00:00  lr: 0.000007  loss: 0.0316  time: 0.2817  data: 0.0000  max mem: 10049
Train: data epoch: [37] Total time: 0:00:22 (0.2975 s / it)
2026-08-20 01:28:23,227 [INFO] Qual: EPOCH[37] -> PLCC: 0.877384, SROCC: 0.815956, KROCC: 0.631023, LOSS: 0.233724
2026-08-20 01:28:23,227 [INFO] Align: EPOCH[37] -> PLCC: 0.795468, SROCC: 0.625813, KROCC: 0.454121, LOSS: 0.376686
2026-08-20 01:28:23,228 [INFO] Start training
2026-08-20 01:28:23,535 [INFO] Start training epoch 38, 74 iters per inner epoch.
2026-08-20 01:28:45,613 [INFO] Averaged stats: lr: 0.000007  loss: 0.042269
2026-08-20 01:28:45,722 [INFO] local gates: {"epoch": 38, "outer_gate": 0.1205, "refine_gate": 0.2713}
2026-08-20 01:28:45,722 [INFO] Evaluating on val.
Train: data epoch: [38]  [ 0/74]  eta: 0:01:34  lr: 0.000007  loss: 0.0418  time: 1.2827  data: 0.0001  max mem: 10049
Train: data epoch: [38]  [20/74]  eta: 0:00:18  lr: 0.000007  loss: 0.0434  time: 0.2862  data: 0.0000  max mem: 10049
Train: data epoch: [38]  [40/74]  eta: 0:00:10  lr: 0.000007  loss: 0.0433  time: 0.2862  data: 0.0000  max mem: 10049
Train: data epoch: [38]  [60/74]  eta: 0:00:04  lr: 0.000007  loss: 0.0703  time: 0.2838  data: 0.0000  max mem: 10049
Train: data epoch: [38]  [73/74]  eta: 0:00:00  lr: 0.000007  loss: 0.0374  time: 0.2822  data: 0.0000  max mem: 10049
Train: data epoch: [38] Total time: 0:00:22 (0.2983 s / it)
2026-08-20 01:28:50,122 [INFO] Qual: EPOCH[38] -> PLCC: 0.878006, SROCC: 0.813290, KROCC: 0.628387, LOSS: 0.230014
2026-08-20 01:28:50,122 [INFO] Align: EPOCH[38] -> PLCC: 0.798815, SROCC: 0.621311, KROCC: 0.451820, LOSS: 0.361877
2026-08-20 01:28:50,123 [INFO] Start training
2026-08-20 01:28:50,497 [INFO] Start training epoch 39, 74 iters per inner epoch.
2026-08-20 01:29:12,208 [INFO] Averaged stats: lr: 0.000007  loss: 0.043214
2026-08-20 01:29:12,306 [INFO] local gates: {"epoch": 39, "outer_gate": 0.1206, "refine_gate": 0.2714}
2026-08-20 01:29:12,307 [INFO] Evaluating on val.
Train: data epoch: [39]  [ 0/74]  eta: 0:01:17  lr: 0.000007  loss: 0.0350  time: 1.0468  data: 0.0001  max mem: 10049
Train: data epoch: [39]  [20/74]  eta: 0:00:17  lr: 0.000007  loss: 0.0246  time: 0.2844  data: 0.0000  max mem: 10049
Train: data epoch: [39]  [40/74]  eta: 0:00:10  lr: 0.000007  loss: 0.0467  time: 0.2823  data: 0.0000  max mem: 10049
Train: data epoch: [39]  [60/74]  eta: 0:00:04  lr: 0.000007  loss: 0.0703  time: 0.2827  data: 0.0000  max mem: 10049
Train: data epoch: [39]  [73/74]  eta: 0:00:00  lr: 0.000007  loss: 0.0384  time: 0.2823  data: 0.0000  max mem: 10049
Train: data epoch: [39] Total time: 0:00:21 (0.2934 s / it)
2026-08-20 01:29:16,905 [INFO] Qual: EPOCH[39] -> PLCC: 0.883285, SROCC: 0.822916, KROCC: 0.639021, LOSS: 0.233292
2026-08-20 01:29:16,905 [INFO] Align: EPOCH[39] -> PLCC: 0.799582, SROCC: 0.630850, KROCC: 0.459985, LOSS: 0.373321
2026-08-20 01:29:16,916 [INFO] Saving checkpoint at epoch 39 to ../run/20260820011_A1_ms/checkpoint_best.pth.
2026-08-20 01:29:18,503 [INFO] Start training
2026-08-20 01:29:18,851 [INFO] Start training epoch 40, 74 iters per inner epoch.
2026-08-20 01:29:40,504 [INFO] Averaged stats: lr: 0.000007  loss: 0.039246
2026-08-20 01:29:40,601 [INFO] local gates: {"epoch": 40, "outer_gate": 0.1206, "refine_gate": 0.2714}
2026-08-20 01:29:40,601 [INFO] Evaluating on val.
Train: data epoch: [40]  [ 0/74]  eta: 0:01:34  lr: 0.000007  loss: 0.0404  time: 1.2752  data: 0.0001  max mem: 10049
Train: data epoch: [40]  [20/74]  eta: 0:00:17  lr: 0.000007  loss: 0.0590  time: 0.2819  data: 0.0000  max mem: 10049
Train: data epoch: [40]  [40/74]  eta: 0:00:10  lr: 0.000007  loss: 0.0435  time: 0.2786  data: 0.0000  max mem: 10049
Train: data epoch: [40]  [60/74]  eta: 0:00:04  lr: 0.000007  loss: 0.0300  time: 0.2776  data: 0.0000  max mem: 10049
Train: data epoch: [40]  [73/74]  eta: 0:00:00  lr: 0.000007  loss: 0.0311  time: 0.2776  data: 0.0000  max mem: 10049
Train: data epoch: [40] Total time: 0:00:21 (0.2926 s / it)
2026-08-20 01:29:44,807 [INFO] Qual: EPOCH[40] -> PLCC: 0.883778, SROCC: 0.822684, KROCC: 0.639323, LOSS: 0.219148
2026-08-20 01:29:44,807 [INFO] Align: EPOCH[40] -> PLCC: 0.796972, SROCC: 0.619749, KROCC: 0.449910, LOSS: 0.362665
2026-08-20 01:29:44,816 [INFO] Saving checkpoint at epoch 40 to ../run/20260820011_A1_ms/checkpoint_best.pth.
2026-08-20 01:29:46,344 [INFO] Start training
2026-08-20 01:29:46,686 [INFO] Start training epoch 41, 74 iters per inner epoch.
2026-08-20 01:30:08,427 [INFO] Averaged stats: lr: 0.000007  loss: 0.039735
2026-08-20 01:30:08,547 [INFO] local gates: {"epoch": 41, "outer_gate": 0.1206, "refine_gate": 0.2714}
2026-08-20 01:30:08,547 [INFO] Evaluating on val.
Train: data epoch: [41]  [ 0/74]  eta: 0:01:28  lr: 0.000007  loss: 0.0496  time: 1.1907  data: 0.0001  max mem: 10049
Train: data epoch: [41]  [20/74]  eta: 0:00:17  lr: 0.000007  loss: 0.0538  time: 0.2831  data: 0.0000  max mem: 10049
Train: data epoch: [41]  [40/74]  eta: 0:00:10  lr: 0.000007  loss: 0.0374  time: 0.2821  data: 0.0000  max mem: 10049
Train: data epoch: [41]  [60/74]  eta: 0:00:04  lr: 0.000007  loss: 0.0215  time: 0.2807  data: 0.0000  max mem: 10049
Train: data epoch: [41]  [73/74]  eta: 0:00:00  lr: 0.000007  loss: 0.0298  time: 0.2793  data: 0.0000  max mem: 10049
Train: data epoch: [41] Total time: 0:00:21 (0.2938 s / it)
2026-08-20 01:30:12,801 [INFO] Qual: EPOCH[41] -> PLCC: 0.883980, SROCC: 0.824823, KROCC: 0.640954, LOSS: 0.233957
2026-08-20 01:30:12,802 [INFO] Align: EPOCH[41] -> PLCC: 0.799815, SROCC: 0.627393, KROCC: 0.455651, LOSS: 0.367692
2026-08-20 01:30:12,811 [INFO] Saving checkpoint at epoch 41 to ../run/20260820011_A1_ms/checkpoint_best.pth.
2026-08-20 01:30:14,321 [INFO] Start training
2026-08-20 01:30:14,672 [INFO] Start training epoch 42, 74 iters per inner epoch.
2026-08-20 01:30:36,284 [INFO] Averaged stats: lr: 0.000007  loss: 0.035810
2026-08-20 01:30:36,375 [INFO] local gates: {"epoch": 42, "outer_gate": 0.1207, "refine_gate": 0.2715}
2026-08-20 01:30:36,375 [INFO] Evaluating on val.
Train: data epoch: [42]  [ 0/74]  eta: 0:01:12  lr: 0.000007  loss: 0.0280  time: 0.9860  data: 0.0001  max mem: 10049
Train: data epoch: [42]  [20/74]  eta: 0:00:17  lr: 0.000007  loss: 0.0585  time: 0.2847  data: 0.0000  max mem: 10049
Train: data epoch: [42]  [40/74]  eta: 0:00:10  lr: 0.000007  loss: 0.0329  time: 0.2820  data: 0.0000  max mem: 10049
Train: data epoch: [42]  [60/74]  eta: 0:00:04  lr: 0.000007  loss: 0.0379  time: 0.2815  data: 0.0000  max mem: 10049
Train: data epoch: [42]  [73/74]  eta: 0:00:00  lr: 0.000007  loss: 0.0274  time: 0.2808  data: 0.0000  max mem: 10049
Train: data epoch: [42] Total time: 0:00:21 (0.2920 s / it)
2026-08-20 01:30:40,714 [INFO] Qual: EPOCH[42] -> PLCC: 0.879933, SROCC: 0.815413, KROCC: 0.630453, LOSS: 0.230724
2026-08-20 01:30:40,715 [INFO] Align: EPOCH[42] -> PLCC: 0.791548, SROCC: 0.626759, KROCC: 0.455517, LOSS: 0.384996
2026-08-20 01:30:40,715 [INFO] Start training
2026-08-20 01:30:41,044 [INFO] Start training epoch 43, 74 iters per inner epoch.
2026-08-20 01:31:02,569 [INFO] Averaged stats: lr: 0.000006  loss: 0.040131
2026-08-20 01:31:02,663 [INFO] local gates: {"epoch": 43, "outer_gate": 0.1207, "refine_gate": 0.2715}
2026-08-20 01:31:02,663 [INFO] Evaluating on val.
Train: data epoch: [43]  [ 0/74]  eta: 0:01:00  lr: 0.000006  loss: 0.0366  time: 0.8176  data: 0.0001  max mem: 10049
Train: data epoch: [43]  [20/74]  eta: 0:00:16  lr: 0.000006  loss: 0.0314  time: 0.2857  data: 0.0000  max mem: 10049
Train: data epoch: [43]  [40/74]  eta: 0:00:10  lr: 0.000006  loss: 0.0221  time: 0.2824  data: 0.0000  max mem: 10049
Train: data epoch: [43]  [60/74]  eta: 0:00:04  lr: 0.000006  loss: 0.0271  time: 0.2843  data: 0.0000  max mem: 10049
Train: data epoch: [43]  [73/74]  eta: 0:00:00  lr: 0.000006  loss: 0.0444  time: 0.2814  data: 0.0000  max mem: 10049
Train: data epoch: [43] Total time: 0:00:21 (0.2909 s / it)
2026-08-20 01:31:06,983 [INFO] Qual: EPOCH[43] -> PLCC: 0.880554, SROCC: 0.814101, KROCC: 0.628733, LOSS: 0.227155
2026-08-20 01:31:06,983 [INFO] Align: EPOCH[43] -> PLCC: 0.792885, SROCC: 0.618431, KROCC: 0.448301, LOSS: 0.380430
2026-08-20 01:31:06,984 [INFO] Start training
2026-08-20 01:31:07,300 [INFO] Start training epoch 44, 74 iters per inner epoch.
2026-08-20 01:31:29,098 [INFO] Averaged stats: lr: 0.000006  loss: 0.034251
2026-08-20 01:31:29,215 [INFO] local gates: {"epoch": 44, "outer_gate": 0.1207, "refine_gate": 0.2716}
2026-08-20 01:31:29,215 [INFO] Evaluating on val.
Train: data epoch: [44]  [ 0/74]  eta: 0:01:29  lr: 0.000006  loss: 0.0437  time: 1.2113  data: 0.0001  max mem: 10049
Train: data epoch: [44]  [20/74]  eta: 0:00:17  lr: 0.000006  loss: 0.0441  time: 0.2831  data: 0.0000  max mem: 10049
Train: data epoch: [44]  [40/74]  eta: 0:00:10  lr: 0.000006  loss: 0.0279  time: 0.2829  data: 0.0000  max mem: 10049
Train: data epoch: [44]  [60/74]  eta: 0:00:04  lr: 0.000006  loss: 0.0412  time: 0.2813  data: 0.0000  max mem: 10049
Train: data epoch: [44]  [73/74]  eta: 0:00:00  lr: 0.000006  loss: 0.0439  time: 0.2799  data: 0.0000  max mem: 10049
Train: data epoch: [44] Total time: 0:00:21 (0.2946 s / it)
2026-08-20 01:31:33,356 [INFO] Qual: EPOCH[44] -> PLCC: 0.882315, SROCC: 0.821247, KROCC: 0.635815, LOSS: 0.222795
2026-08-20 01:31:33,356 [INFO] Align: EPOCH[44] -> PLCC: 0.797059, SROCC: 0.633803, KROCC: 0.460812, LOSS: 0.380734
2026-08-20 01:31:33,356 [INFO] Start training
2026-08-20 01:31:33,649 [INFO] Start training epoch 45, 74 iters per inner epoch.
2026-08-20 01:31:55,217 [INFO] Averaged stats: lr: 0.000006  loss: 0.034668
2026-08-20 01:31:55,315 [INFO] local gates: {"epoch": 45, "outer_gate": 0.1208, "refine_gate": 0.2716}
2026-08-20 01:31:55,315 [INFO] Evaluating on val.
Train: data epoch: [45]  [ 0/74]  eta: 0:01:06  lr: 0.000006  loss: 0.0318  time: 0.9049  data: 0.0001  max mem: 10049
Train: data epoch: [45]  [20/74]  eta: 0:00:16  lr: 0.000006  loss: 0.0492  time: 0.2834  data: 0.0000  max mem: 10049
Train: data epoch: [45]  [40/74]  eta: 0:00:10  lr: 0.000006  loss: 0.0349  time: 0.2832  data: 0.0000  max mem: 10049
Train: data epoch: [45]  [60/74]  eta: 0:00:04  lr: 0.000006  loss: 0.0532  time: 0.2837  data: 0.0000  max mem: 10049
Train: data epoch: [45]  [73/74]  eta: 0:00:00  lr: 0.000006  loss: 0.0251  time: 0.2809  data: 0.0000  max mem: 10049
Train: data epoch: [45] Total time: 0:00:21 (0.2915 s / it)
2026-08-20 01:31:59,691 [INFO] Qual: EPOCH[45] -> PLCC: 0.880755, SROCC: 0.823487, KROCC: 0.638284, LOSS: 0.226500
2026-08-20 01:31:59,691 [INFO] Align: EPOCH[45] -> PLCC: 0.801523, SROCC: 0.638804, KROCC: 0.466598, LOSS: 0.351738
2026-08-20 01:31:59,701 [INFO] Saving checkpoint at epoch 45 to ../run/20260820011_A1_ms/checkpoint_latest.pth.
2026-08-20 01:32:01,165 [INFO] Start training
2026-08-20 01:32:01,511 [INFO] Start training epoch 46, 74 iters per inner epoch.
2026-08-20 01:32:22,849 [INFO] Averaged stats: lr: 0.000006  loss: 0.033651
2026-08-20 01:32:22,952 [INFO] local gates: {"epoch": 46, "outer_gate": 0.1208, "refine_gate": 0.2716}
2026-08-20 01:32:22,952 [INFO] Evaluating on val.
Train: data epoch: [46]  [ 0/74]  eta: 0:01:00  lr: 0.000006  loss: 0.0366  time: 0.8135  data: 0.0001  max mem: 10049
Train: data epoch: [46]  [20/74]  eta: 0:00:16  lr: 0.000006  loss: 0.0459  time: 0.2805  data: 0.0000  max mem: 10049
Train: data epoch: [46]  [40/74]  eta: 0:00:10  lr: 0.000006  loss: 0.0341  time: 0.2821  data: 0.0000  max mem: 10049
Train: data epoch: [46]  [60/74]  eta: 0:00:04  lr: 0.000006  loss: 0.0383  time: 0.2811  data: 0.0000  max mem: 10049
Train: data epoch: [46]  [73/74]  eta: 0:00:00  lr: 0.000006  loss: 0.0422  time: 0.2801  data: 0.0000  max mem: 10049
Train: data epoch: [46] Total time: 0:00:21 (0.2883 s / it)
2026-08-20 01:32:27,282 [INFO] Qual: EPOCH[46] -> PLCC: 0.881718, SROCC: 0.822663, KROCC: 0.637569, LOSS: 0.243552
2026-08-20 01:32:27,282 [INFO] Align: EPOCH[46] -> PLCC: 0.798124, SROCC: 0.639487, KROCC: 0.467570, LOSS: 0.371984
2026-08-20 01:32:27,283 [INFO] Start training
2026-08-20 01:32:27,584 [INFO] Start training epoch 47, 74 iters per inner epoch.
2026-08-20 01:32:49,114 [INFO] Averaged stats: lr: 0.000006  loss: 0.034476
2026-08-20 01:32:49,214 [INFO] local gates: {"epoch": 47, "outer_gate": 0.1208, "refine_gate": 0.2716}
2026-08-20 01:32:49,214 [INFO] Evaluating on val.
Train: data epoch: [47]  [ 0/74]  eta: 0:01:07  lr: 0.000006  loss: 0.0647  time: 0.9176  data: 0.0001  max mem: 10049
Train: data epoch: [47]  [20/74]  eta: 0:00:16  lr: 0.000006  loss: 0.0257  time: 0.2833  data: 0.0000  max mem: 10049
Train: data epoch: [47]  [40/74]  eta: 0:00:10  lr: 0.000006  loss: 0.0361  time: 0.2825  data: 0.0000  max mem: 10049
Train: data epoch: [47]  [60/74]  eta: 0:00:04  lr: 0.000006  loss: 0.0374  time: 0.2815  data: 0.0000  max mem: 10049
Train: data epoch: [47]  [73/74]  eta: 0:00:00  lr: 0.000006  loss: 0.0289  time: 0.2815  data: 0.0000  max mem: 10049
Train: data epoch: [47] Total time: 0:00:21 (0.2909 s / it)
2026-08-20 01:32:53,443 [INFO] Qual: EPOCH[47] -> PLCC: 0.881433, SROCC: 0.818464, KROCC: 0.634396, LOSS: 0.221341
2026-08-20 01:32:53,443 [INFO] Align: EPOCH[47] -> PLCC: 0.799655, SROCC: 0.630280, KROCC: 0.459344, LOSS: 0.371561
2026-08-20 01:32:53,444 [INFO] Start training
2026-08-20 01:32:53,780 [INFO] Start training epoch 48, 74 iters per inner epoch.
2026-08-20 01:33:15,617 [INFO] Averaged stats: lr: 0.000006  loss: 0.031902
2026-08-20 01:33:15,725 [INFO] local gates: {"epoch": 48, "outer_gate": 0.1209, "refine_gate": 0.2717}
2026-08-20 01:33:15,726 [INFO] Evaluating on val.
Train: data epoch: [48]  [ 0/74]  eta: 0:01:29  lr: 0.000006  loss: 0.0389  time: 1.2129  data: 0.0001  max mem: 10049
Train: data epoch: [48]  [20/74]  eta: 0:00:17  lr: 0.000006  loss: 0.0432  time: 0.2834  data: 0.0000  max mem: 10049
Train: data epoch: [48]  [40/74]  eta: 0:00:10  lr: 0.000006  loss: 0.0305  time: 0.2830  data: 0.0000  max mem: 10049
Train: data epoch: [48]  [60/74]  eta: 0:00:04  lr: 0.000006  loss: 0.0282  time: 0.2820  data: 0.0000  max mem: 10049
Train: data epoch: [48]  [73/74]  eta: 0:00:00  lr: 0.000006  loss: 0.0304  time: 0.2810  data: 0.0000  max mem: 10049
Train: data epoch: [48] Total time: 0:00:21 (0.2951 s / it)
2026-08-20 01:33:19,886 [INFO] Qual: EPOCH[48] -> PLCC: 0.880180, SROCC: 0.813632, KROCC: 0.628655, LOSS: 0.225388
2026-08-20 01:33:19,886 [INFO] Align: EPOCH[48] -> PLCC: 0.800389, SROCC: 0.627666, KROCC: 0.457461, LOSS: 0.364061
2026-08-20 01:33:19,887 [INFO] Start training
2026-08-20 01:33:20,225 [INFO] Start training epoch 49, 74 iters per inner epoch.
2026-08-20 01:33:42,155 [INFO] Averaged stats: lr: 0.000006  loss: 0.032965
2026-08-20 01:33:42,267 [INFO] local gates: {"epoch": 49, "outer_gate": 0.1209, "refine_gate": 0.2717}
2026-08-20 01:33:42,267 [INFO] Evaluating on val.
Train: data epoch: [49]  [ 0/74]  eta: 0:01:39  lr: 0.000006  loss: 0.0344  time: 1.3467  data: 0.0001  max mem: 10049
Train: data epoch: [49]  [20/74]  eta: 0:00:18  lr: 0.000006  loss: 0.0422  time: 0.2828  data: 0.0000  max mem: 10049
Train: data epoch: [49]  [40/74]  eta: 0:00:10  lr: 0.000006  loss: 0.0271  time: 0.2816  data: 0.0000  max mem: 10049
Train: data epoch: [49]  [60/74]  eta: 0:00:04  lr: 0.000006  loss: 0.0537  time: 0.2818  data: 0.0000  max mem: 10049
Train: data epoch: [49]  [73/74]  eta: 0:00:00  lr: 0.000006  loss: 0.0231  time: 0.2811  data: 0.0000  max mem: 10049
Train: data epoch: [49] Total time: 0:00:21 (0.2963 s / it)
2026-08-20 01:33:46,670 [INFO] Qual: EPOCH[49] -> PLCC: 0.879640, SROCC: 0.822032, KROCC: 0.637614, LOSS: 0.237297
2026-08-20 01:33:46,671 [INFO] Align: EPOCH[49] -> PLCC: 0.800953, SROCC: 0.637306, KROCC: 0.466062, LOSS: 0.366809
2026-08-20 01:33:46,671 [INFO] Start training
2026-08-20 01:33:47,009 [INFO] Start training epoch 50, 74 iters per inner epoch.
2026-08-20 01:34:08,924 [INFO] Averaged stats: lr: 0.000006  loss: 0.032138
2026-08-20 01:34:09,035 [INFO] local gates: {"epoch": 50, "outer_gate": 0.1209, "refine_gate": 0.2717}
2026-08-20 01:34:09,035 [INFO] Evaluating on val.
Train: data epoch: [50]  [ 0/74]  eta: 0:01:30  lr: 0.000005  loss: 0.0227  time: 1.2195  data: 0.0001  max mem: 10049
Train: data epoch: [50]  [20/74]  eta: 0:00:17  lr: 0.000005  loss: 0.0333  time: 0.2868  data: 0.0000  max mem: 10049
Train: data epoch: [50]  [40/74]  eta: 0:00:10  lr: 0.000005  loss: 0.0200  time: 0.2831  data: 0.0000  max mem: 10049
Train: data epoch: [50]  [60/74]  eta: 0:00:04  lr: 0.000005  loss: 0.0385  time: 0.2818  data: 0.0000  max mem: 10049
Train: data epoch: [50]  [73/74]  eta: 0:00:00  lr: 0.000005  loss: 0.0267  time: 0.2810  data: 0.0000  max mem: 10049
Train: data epoch: [50] Total time: 0:00:21 (0.2961 s / it)
2026-08-20 01:34:13,350 [INFO] Qual: EPOCH[50] -> PLCC: 0.882694, SROCC: 0.822343, KROCC: 0.638116, LOSS: 0.216869
2026-08-20 01:34:13,350 [INFO] Align: EPOCH[50] -> PLCC: 0.802933, SROCC: 0.643072, KROCC: 0.470418, LOSS: 0.381288
2026-08-20 01:34:13,362 [INFO] Saving checkpoint at epoch 50 to ../run/20260820011_A1_ms/checkpoint_latest.pth.
2026-08-20 01:34:14,910 [INFO] Start training
2026-08-20 01:34:15,216 [INFO] Start training epoch 51, 74 iters per inner epoch.
2026-08-20 01:34:37,073 [INFO] Averaged stats: lr: 0.000005  loss: 0.033975
2026-08-20 01:34:37,195 [INFO] local gates: {"epoch": 51, "outer_gate": 0.1209, "refine_gate": 0.2717}
2026-08-20 01:34:37,195 [INFO] Evaluating on val.
Train: data epoch: [51]  [ 0/74]  eta: 0:01:39  lr: 0.000005  loss: 0.0534  time: 1.3431  data: 0.0001  max mem: 10049
Train: data epoch: [51]  [20/74]  eta: 0:00:17  lr: 0.000005  loss: 0.0376  time: 0.2807  data: 0.0000  max mem: 10049
Train: data epoch: [51]  [40/74]  eta: 0:00:10  lr: 0.000005  loss: 0.0319  time: 0.2826  data: 0.0000  max mem: 10049
Train: data epoch: [51]  [60/74]  eta: 0:00:04  lr: 0.000005  loss: 0.0321  time: 0.2802  data: 0.0000  max mem: 10049
Train: data epoch: [51]  [73/74]  eta: 0:00:00  lr: 0.000005  loss: 0.0457  time: 0.2799  data: 0.0000  max mem: 10049
Train: data epoch: [51] Total time: 0:00:21 (0.2954 s / it)
2026-08-20 01:34:41,485 [INFO] Qual: EPOCH[51] -> PLCC: 0.885581, SROCC: 0.823517, KROCC: 0.639066, LOSS: 0.223833
2026-08-20 01:34:41,485 [INFO] Align: EPOCH[51] -> PLCC: 0.805109, SROCC: 0.629096, KROCC: 0.459516, LOSS: 0.347086
2026-08-20 01:34:41,494 [INFO] Saving checkpoint at epoch 51 to ../run/20260820011_A1_ms/checkpoint_best.pth.
2026-08-20 01:34:43,185 [INFO] Start training
2026-08-20 01:34:43,491 [INFO] Start training epoch 52, 74 iters per inner epoch.
2026-08-20 01:35:05,252 [INFO] Averaged stats: lr: 0.000005  loss: 0.033229
2026-08-20 01:35:05,368 [INFO] local gates: {"epoch": 52, "outer_gate": 0.1209, "refine_gate": 0.2718}
2026-08-20 01:35:05,368 [INFO] Evaluating on val.
Train: data epoch: [52]  [ 0/74]  eta: 0:01:24  lr: 0.000005  loss: 0.0613  time: 1.1480  data: 0.0001  max mem: 10049
Train: data epoch: [52]  [20/74]  eta: 0:00:17  lr: 0.000005  loss: 0.0285  time: 0.2844  data: 0.0000  max mem: 10049
Train: data epoch: [52]  [40/74]  eta: 0:00:10  lr: 0.000005  loss: 0.0285  time: 0.2827  data: 0.0000  max mem: 10049
Train: data epoch: [52]  [60/74]  eta: 0:00:04  lr: 0.000005  loss: 0.0496  time: 0.2811  data: 0.0000  max mem: 10049
Train: data epoch: [52]  [73/74]  eta: 0:00:00  lr: 0.000005  loss: 0.0529  time: 0.2802  data: 0.0000  max mem: 10049
Train: data epoch: [52] Total time: 0:00:21 (0.2941 s / it)
2026-08-20 01:35:09,701 [INFO] Qual: EPOCH[52] -> PLCC: 0.885848, SROCC: 0.826881, KROCC: 0.642763, LOSS: 0.214950
2026-08-20 01:35:09,702 [INFO] Align: EPOCH[52] -> PLCC: 0.800007, SROCC: 0.626899, KROCC: 0.455931, LOSS: 0.377469
2026-08-20 01:35:09,714 [INFO] Saving checkpoint at epoch 52 to ../run/20260820011_A1_ms/checkpoint_best.pth.
2026-08-20 01:35:11,435 [INFO] Start training
2026-08-20 01:35:11,781 [INFO] Start training epoch 53, 74 iters per inner epoch.
2026-08-20 01:35:33,471 [INFO] Averaged stats: lr: 0.000005  loss: 0.041607
2026-08-20 01:35:33,572 [INFO] local gates: {"epoch": 53, "outer_gate": 0.121, "refine_gate": 0.2718}
2026-08-20 01:35:33,573 [INFO] Evaluating on val.
Train: data epoch: [53]  [ 0/74]  eta: 0:01:23  lr: 0.000005  loss: 0.0357  time: 1.1270  data: 0.0001  max mem: 10049
Train: data epoch: [53]  [20/74]  eta: 0:00:17  lr: 0.000005  loss: 0.0481  time: 0.2838  data: 0.0000  max mem: 10049
Train: data epoch: [53]  [40/74]  eta: 0:00:10  lr: 0.000005  loss: 0.0390  time: 0.2815  data: 0.0000  max mem: 10049
Train: data epoch: [53]  [60/74]  eta: 0:00:04  lr: 0.000005  loss: 0.0413  time: 0.2808  data: 0.0000  max mem: 10049
Train: data epoch: [53]  [73/74]  eta: 0:00:00  lr: 0.000005  loss: 0.0276  time: 0.2801  data: 0.0000  max mem: 10049
Train: data epoch: [53] Total time: 0:00:21 (0.2931 s / it)
2026-08-20 01:35:37,903 [INFO] Qual: EPOCH[53] -> PLCC: 0.881438, SROCC: 0.817204, KROCC: 0.632549, LOSS: 0.242796
2026-08-20 01:35:37,903 [INFO] Align: EPOCH[53] -> PLCC: 0.803019, SROCC: 0.636878, KROCC: 0.465079, LOSS: 0.352160
2026-08-20 01:35:37,904 [INFO] Start training
2026-08-20 01:35:38,202 [INFO] Start training epoch 54, 74 iters per inner epoch.
2026-08-20 01:35:59,948 [INFO] Averaged stats: lr: 0.000005  loss: 0.035607
2026-08-20 01:36:00,037 [INFO] local gates: {"epoch": 54, "outer_gate": 0.121, "refine_gate": 0.2718}
2026-08-20 01:36:00,037 [INFO] Evaluating on val.
Train: data epoch: [54]  [ 0/74]  eta: 0:01:33  lr: 0.000005  loss: 0.0423  time: 1.2632  data: 0.0001  max mem: 10049
Train: data epoch: [54]  [20/74]  eta: 0:00:17  lr: 0.000005  loss: 0.0385  time: 0.2823  data: 0.0000  max mem: 10049
Train: data epoch: [54]  [40/74]  eta: 0:00:10  lr: 0.000005  loss: 0.0315  time: 0.2802  data: 0.0000  max mem: 10049
Train: data epoch: [54]  [60/74]  eta: 0:00:04  lr: 0.000005  loss: 0.0353  time: 0.2798  data: 0.0000  max mem: 10049
Train: data epoch: [54]  [73/74]  eta: 0:00:00  lr: 0.000005  loss: 0.0335  time: 0.2793  data: 0.0000  max mem: 10049
Train: data epoch: [54] Total time: 0:00:21 (0.2939 s / it)
2026-08-20 01:36:04,416 [INFO] Qual: EPOCH[54] -> PLCC: 0.879283, SROCC: 0.820479, KROCC: 0.636318, LOSS: 0.230564
2026-08-20 01:36:04,416 [INFO] Align: EPOCH[54] -> PLCC: 0.798959, SROCC: 0.632883, KROCC: 0.461627, LOSS: 0.363775
2026-08-20 01:36:04,417 [INFO] Start training
2026-08-20 01:36:04,720 [INFO] Start training epoch 55, 74 iters per inner epoch.
2026-08-20 01:36:26,158 [INFO] Averaged stats: lr: 0.000005  loss: 0.033745
2026-08-20 01:36:26,266 [INFO] local gates: {"epoch": 55, "outer_gate": 0.121, "refine_gate": 0.2718}
2026-08-20 01:36:26,267 [INFO] Evaluating on val.
Train: data epoch: [55]  [ 0/74]  eta: 0:01:00  lr: 0.000005  loss: 0.0399  time: 0.8162  data: 0.0001  max mem: 10049
Train: data epoch: [55]  [20/74]  eta: 0:00:16  lr: 0.000005  loss: 0.0251  time: 0.2834  data: 0.0000  max mem: 10049
Train: data epoch: [55]  [40/74]  eta: 0:00:10  lr: 0.000005  loss: 0.0338  time: 0.2835  data: 0.0000  max mem: 10049
Train: data epoch: [55]  [60/74]  eta: 0:00:04  lr: 0.000005  loss: 0.0375  time: 0.2819  data: 0.0000  max mem: 10049
Train: data epoch: [55]  [73/74]  eta: 0:00:00  lr: 0.000005  loss: 0.0247  time: 0.2804  data: 0.0000  max mem: 10049
Train: data epoch: [55] Total time: 0:00:21 (0.2897 s / it)
2026-08-20 01:36:30,650 [INFO] Qual: EPOCH[55] -> PLCC: 0.885016, SROCC: 0.825243, KROCC: 0.642015, LOSS: 0.214272
2026-08-20 01:36:30,650 [INFO] Align: EPOCH[55] -> PLCC: 0.801518, SROCC: 0.632328, KROCC: 0.460968, LOSS: 0.356913
2026-08-20 01:36:30,661 [INFO] Saving checkpoint at epoch 55 to ../run/20260820011_A1_ms/checkpoint_latest.pth.
2026-08-20 01:36:31,788 [INFO] Start training
2026-08-20 01:36:32,090 [INFO] Start training epoch 56, 74 iters per inner epoch.
2026-08-20 01:36:53,868 [INFO] Averaged stats: lr: 0.000005  loss: 0.030114
2026-08-20 01:36:53,962 [INFO] local gates: {"epoch": 56, "outer_gate": 0.121, "refine_gate": 0.2718}
2026-08-20 01:36:53,962 [INFO] Evaluating on val.
Train: data epoch: [56]  [ 0/74]  eta: 0:01:25  lr: 0.000005  loss: 0.0239  time: 1.1526  data: 0.0001  max mem: 10049
Train: data epoch: [56]  [20/74]  eta: 0:00:17  lr: 0.000005  loss: 0.0203  time: 0.2839  data: 0.0000  max mem: 10049
Train: data epoch: [56]  [40/74]  eta: 0:00:10  lr: 0.000005  loss: 0.0364  time: 0.2834  data: 0.0000  max mem: 10049
Train: data epoch: [56]  [60/74]  eta: 0:00:04  lr: 0.000005  loss: 0.0332  time: 0.2818  data: 0.0000  max mem: 10049
Train: data epoch: [56]  [73/74]  eta: 0:00:00  lr: 0.000005  loss: 0.0179  time: 0.2801  data: 0.0000  max mem: 10049
Train: data epoch: [56] Total time: 0:00:21 (0.2943 s / it)
2026-08-20 01:36:58,324 [INFO] Qual: EPOCH[56] -> PLCC: 0.883738, SROCC: 0.821634, KROCC: 0.637669, LOSS: 0.217616
2026-08-20 01:36:58,325 [INFO] Align: EPOCH[56] -> PLCC: 0.804825, SROCC: 0.632306, KROCC: 0.460008, LOSS: 0.343937
2026-08-20 01:36:58,325 [INFO] Start training
2026-08-20 01:36:58,633 [INFO] Start training epoch 57, 74 iters per inner epoch.
2026-08-20 01:37:20,514 [INFO] Averaged stats: lr: 0.000005  loss: 0.031707
2026-08-20 01:37:20,613 [INFO] local gates: {"epoch": 57, "outer_gate": 0.121, "refine_gate": 0.2718}
2026-08-20 01:37:20,613 [INFO] Evaluating on val.
Train: data epoch: [57]  [ 0/74]  eta: 0:01:35  lr: 0.000005  loss: 0.0242  time: 1.2927  data: 0.0001  max mem: 10049
Train: data epoch: [57]  [20/74]  eta: 0:00:17  lr: 0.000005  loss: 0.0159  time: 0.2826  data: 0.0000  max mem: 10049
Train: data epoch: [57]  [40/74]  eta: 0:00:10  lr: 0.000005  loss: 0.0330  time: 0.2822  data: 0.0000  max mem: 10049
Train: data epoch: [57]  [60/74]  eta: 0:00:04  lr: 0.000005  loss: 0.0244  time: 0.2820  data: 0.0000  max mem: 10049
Train: data epoch: [57]  [73/74]  eta: 0:00:00  lr: 0.000005  loss: 0.0337  time: 0.2806  data: 0.0000  max mem: 10049
Train: data epoch: [57] Total time: 0:00:21 (0.2957 s / it)
2026-08-20 01:37:24,973 [INFO] Qual: EPOCH[57] -> PLCC: 0.882818, SROCC: 0.822141, KROCC: 0.637870, LOSS: 0.218025
2026-08-20 01:37:24,973 [INFO] Align: EPOCH[57] -> PLCC: 0.801897, SROCC: 0.634501, KROCC: 0.463370, LOSS: 0.381783
2026-08-20 01:37:24,974 [INFO] Start training
2026-08-20 01:37:25,266 [INFO] Start training epoch 58, 74 iters per inner epoch.
2026-08-20 01:37:46,933 [INFO] Averaged stats: lr: 0.000004  loss: 0.028224
2026-08-20 01:37:47,032 [INFO] local gates: {"epoch": 58, "outer_gate": 0.121, "refine_gate": 0.2718}
2026-08-20 01:37:47,033 [INFO] Evaluating on val.
Train: data epoch: [58]  [ 0/74]  eta: 0:01:17  lr: 0.000004  loss: 0.0194  time: 1.0469  data: 0.0001  max mem: 10049
Train: data epoch: [58]  [20/74]  eta: 0:00:17  lr: 0.000004  loss: 0.0208  time: 0.2833  data: 0.0000  max mem: 10049
Train: data epoch: [58]  [40/74]  eta: 0:00:10  lr: 0.000004  loss: 0.0255  time: 0.2828  data: 0.0000  max mem: 10049
Train: data epoch: [58]  [60/74]  eta: 0:00:04  lr: 0.000004  loss: 0.0265  time: 0.2820  data: 0.0000  max mem: 10049
Train: data epoch: [58]  [73/74]  eta: 0:00:00  lr: 0.000004  loss: 0.0299  time: 0.2811  data: 0.0000  max mem: 10049
Train: data epoch: [58] Total time: 0:00:21 (0.2928 s / it)
2026-08-20 01:37:51,418 [INFO] Qual: EPOCH[58] -> PLCC: 0.882574, SROCC: 0.818504, KROCC: 0.634430, LOSS: 0.228446
2026-08-20 01:37:51,418 [INFO] Align: EPOCH[58] -> PLCC: 0.801918, SROCC: 0.635028, KROCC: 0.463426, LOSS: 0.362697
2026-08-20 01:37:51,419 [INFO] Start training
2026-08-20 01:37:51,711 [INFO] Start training epoch 59, 74 iters per inner epoch.
2026-08-20 01:38:13,724 [INFO] Averaged stats: lr: 0.000004  loss: 0.027317
2026-08-20 01:38:13,807 [INFO] local gates: {"epoch": 59, "outer_gate": 0.1211, "refine_gate": 0.2719}
2026-08-20 01:38:13,807 [INFO] Evaluating on val.
Train: data epoch: [59]  [ 0/74]  eta: 0:01:34  lr: 0.000004  loss: 0.0254  time: 1.2740  data: 0.0001  max mem: 10049
Train: data epoch: [59]  [20/74]  eta: 0:00:17  lr: 0.000004  loss: 0.0196  time: 0.2833  data: 0.0000  max mem: 10049
Train: data epoch: [59]  [40/74]  eta: 0:00:10  lr: 0.000004  loss: 0.0240  time: 0.2828  data: 0.0000  max mem: 10049
Train: data epoch: [59]  [60/74]  eta: 0:00:04  lr: 0.000004  loss: 0.0298  time: 0.2858  data: 0.0000  max mem: 10049
Train: data epoch: [59]  [73/74]  eta: 0:00:00  lr: 0.000004  loss: 0.0364  time: 0.2846  data: 0.0000  max mem: 10049
Train: data epoch: [59] Total time: 0:00:22 (0.2975 s / it)
2026-08-20 01:38:18,351 [INFO] Qual: EPOCH[59] -> PLCC: 0.883042, SROCC: 0.824372, KROCC: 0.640384, LOSS: 0.222792
2026-08-20 01:38:18,351 [INFO] Align: EPOCH[59] -> PLCC: 0.801675, SROCC: 0.636811, KROCC: 0.464844, LOSS: 0.387658
2026-08-20 01:38:18,352 [INFO] Start training
2026-08-20 01:38:18,719 [INFO] Start training epoch 60, 74 iters per inner epoch.
2026-08-20 01:38:40,411 [INFO] Averaged stats: lr: 0.000004  loss: 0.029331
2026-08-20 01:38:40,508 [INFO] local gates: {"epoch": 60, "outer_gate": 0.1211, "refine_gate": 0.2719}
2026-08-20 01:38:40,508 [INFO] Evaluating on val.
Train: data epoch: [60]  [ 0/74]  eta: 0:01:09  lr: 0.000004  loss: 0.0251  time: 0.9421  data: 0.0001  max mem: 10049
Train: data epoch: [60]  [20/74]  eta: 0:00:17  lr: 0.000004  loss: 0.0279  time: 0.2859  data: 0.0000  max mem: 10049
Train: data epoch: [60]  [40/74]  eta: 0:00:10  lr: 0.000004  loss: 0.0258  time: 0.2848  data: 0.0000  max mem: 10049
Train: data epoch: [60]  [60/74]  eta: 0:00:04  lr: 0.000004  loss: 0.0252  time: 0.2830  data: 0.0000  max mem: 10049
Train: data epoch: [60]  [73/74]  eta: 0:00:00  lr: 0.000004  loss: 0.0321  time: 0.2826  data: 0.0000  max mem: 10049
Train: data epoch: [60] Total time: 0:00:21 (0.2931 s / it)
2026-08-20 01:38:44,996 [INFO] Qual: EPOCH[60] -> PLCC: 0.881895, SROCC: 0.816546, KROCC: 0.632017, LOSS: 0.225011
2026-08-20 01:38:44,996 [INFO] Align: EPOCH[60] -> PLCC: 0.803372, SROCC: 0.632488, KROCC: 0.461572, LOSS: 0.351454
2026-08-20 01:38:45,008 [INFO] Saving checkpoint at epoch 60 to ../run/20260820011_A1_ms/checkpoint_latest.pth.
2026-08-20 01:38:46,466 [INFO] Start training
2026-08-20 01:38:46,809 [INFO] Start training epoch 61, 74 iters per inner epoch.
2026-08-20 01:39:08,241 [INFO] Averaged stats: lr: 0.000004  loss: 0.029361
2026-08-20 01:39:08,341 [INFO] local gates: {"epoch": 61, "outer_gate": 0.1211, "refine_gate": 0.2719}
2026-08-20 01:39:08,342 [INFO] Evaluating on val.
Train: data epoch: [61]  [ 0/74]  eta: 0:01:11  lr: 0.000004  loss: 0.0225  time: 0.9684  data: 0.0001  max mem: 10049
Train: data epoch: [61]  [20/74]  eta: 0:00:16  lr: 0.000004  loss: 0.0326  time: 0.2811  data: 0.0000  max mem: 10049
Train: data epoch: [61]  [40/74]  eta: 0:00:10  lr: 0.000004  loss: 0.0358  time: 0.2806  data: 0.0000  max mem: 10049
Train: data epoch: [61]  [60/74]  eta: 0:00:04  lr: 0.000004  loss: 0.0226  time: 0.2796  data: 0.0000  max mem: 10049
Train: data epoch: [61]  [73/74]  eta: 0:00:00  lr: 0.000004  loss: 0.0318  time: 0.2796  data: 0.0000  max mem: 10049
Train: data epoch: [61] Total time: 0:00:21 (0.2896 s / it)
2026-08-20 01:39:12,704 [INFO] Qual: EPOCH[61] -> PLCC: 0.881259, SROCC: 0.821326, KROCC: 0.636575, LOSS: 0.260176
2026-08-20 01:39:12,704 [INFO] Align: EPOCH[61] -> PLCC: 0.797187, SROCC: 0.624421, KROCC: 0.454222, LOSS: 0.367913
2026-08-20 01:39:12,705 [INFO] Start training
2026-08-20 01:39:13,002 [INFO] Start training epoch 62, 74 iters per inner epoch.
2026-08-20 01:39:34,929 [INFO] Averaged stats: lr: 0.000004  loss: 0.027149
2026-08-20 01:39:35,029 [INFO] local gates: {"epoch": 62, "outer_gate": 0.1211, "refine_gate": 0.2719}
2026-08-20 01:39:35,029 [INFO] Evaluating on val.
Train: data epoch: [62]  [ 0/74]  eta: 0:01:40  lr: 0.000004  loss: 0.0158  time: 1.3527  data: 0.0001  max mem: 10049
Train: data epoch: [62]  [20/74]  eta: 0:00:18  lr: 0.000004  loss: 0.0143  time: 0.2833  data: 0.0000  max mem: 10049
Train: data epoch: [62]  [40/74]  eta: 0:00:10  lr: 0.000004  loss: 0.0488  time: 0.2810  data: 0.0000  max mem: 10049
Train: data epoch: [62]  [60/74]  eta: 0:00:04  lr: 0.000004  loss: 0.0270  time: 0.2813  data: 0.0000  max mem: 10049
Train: data epoch: [62]  [73/74]  eta: 0:00:00  lr: 0.000004  loss: 0.0248  time: 0.2812  data: 0.0000  max mem: 10049
Train: data epoch: [62] Total time: 0:00:21 (0.2963 s / it)
2026-08-20 01:39:39,281 [INFO] Qual: EPOCH[62] -> PLCC: 0.883660, SROCC: 0.823540, KROCC: 0.639501, LOSS: 0.224977
2026-08-20 01:39:39,281 [INFO] Align: EPOCH[62] -> PLCC: 0.799354, SROCC: 0.628383, KROCC: 0.456701, LOSS: 0.372338
2026-08-20 01:39:39,282 [INFO] Start training
2026-08-20 01:39:39,617 [INFO] Start training epoch 63, 74 iters per inner epoch.
2026-08-20 01:40:01,204 [INFO] Averaged stats: lr: 0.000004  loss: 0.026706
2026-08-20 01:40:01,301 [INFO] local gates: {"epoch": 63, "outer_gate": 0.1211, "refine_gate": 0.2719}
2026-08-20 01:40:01,302 [INFO] Evaluating on val.
Train: data epoch: [63]  [ 0/74]  eta: 0:01:01  lr: 0.000004  loss: 0.0200  time: 0.8366  data: 0.0001  max mem: 10049
Train: data epoch: [63]  [20/74]  eta: 0:00:16  lr: 0.000004  loss: 0.0246  time: 0.2880  data: 0.0000  max mem: 10049
Train: data epoch: [63]  [40/74]  eta: 0:00:10  lr: 0.000004  loss: 0.0215  time: 0.2839  data: 0.0000  max mem: 10049
Train: data epoch: [63]  [60/74]  eta: 0:00:04  lr: 0.000004  loss: 0.0307  time: 0.2824  data: 0.0000  max mem: 10049
Train: data epoch: [63]  [73/74]  eta: 0:00:00  lr: 0.000004  loss: 0.0248  time: 0.2816  data: 0.0000  max mem: 10049
Train: data epoch: [63] Total time: 0:00:21 (0.2917 s / it)
2026-08-20 01:40:05,540 [INFO] Qual: EPOCH[63] -> PLCC: 0.883242, SROCC: 0.819499, KROCC: 0.634285, LOSS: 0.218503
2026-08-20 01:40:05,540 [INFO] Align: EPOCH[63] -> PLCC: 0.802047, SROCC: 0.634383, KROCC: 0.463750, LOSS: 0.354836
2026-08-20 01:40:05,541 [INFO] Start training
2026-08-20 01:40:05,891 [INFO] Start training epoch 64, 74 iters per inner epoch.
2026-08-20 01:40:27,423 [INFO] Averaged stats: lr: 0.000004  loss: 0.027559
2026-08-20 01:40:27,538 [INFO] local gates: {"epoch": 64, "outer_gate": 0.1211, "refine_gate": 0.2719}
2026-08-20 01:40:27,538 [INFO] Evaluating on val.
Train: data epoch: [64]  [ 0/74]  eta: 0:01:16  lr: 0.000004  loss: 0.0283  time: 1.0288  data: 0.0001  max mem: 10049
Train: data epoch: [64]  [20/74]  eta: 0:00:17  lr: 0.000004  loss: 0.0316  time: 0.2852  data: 0.0000  max mem: 10049
Train: data epoch: [64]  [40/74]  eta: 0:00:10  lr: 0.000004  loss: 0.0168  time: 0.2782  data: 0.0000  max mem: 10049
Train: data epoch: [64]  [60/74]  eta: 0:00:04  lr: 0.000004  loss: 0.0292  time: 0.2795  data: 0.0000  max mem: 10049
Train: data epoch: [64]  [73/74]  eta: 0:00:00  lr: 0.000004  loss: 0.0317  time: 0.2800  data: 0.0000  max mem: 10049
Train: data epoch: [64] Total time: 0:00:21 (0.2910 s / it)
2026-08-20 01:40:31,726 [INFO] Qual: EPOCH[64] -> PLCC: 0.883339, SROCC: 0.824005, KROCC: 0.639915, LOSS: 0.216012
2026-08-20 01:40:31,726 [INFO] Align: EPOCH[64] -> PLCC: 0.802693, SROCC: 0.637288, KROCC: 0.465113, LOSS: 0.343203
2026-08-20 01:40:31,727 [INFO] Start training
2026-08-20 01:40:32,042 [INFO] Start training epoch 65, 74 iters per inner epoch.
2026-08-20 01:40:53,825 [INFO] Averaged stats: lr: 0.000003  loss: 0.026457
2026-08-20 01:40:53,936 [INFO] local gates: {"epoch": 65, "outer_gate": 0.1211, "refine_gate": 0.2719}
2026-08-20 01:40:53,936 [INFO] Evaluating on val.
Train: data epoch: [65]  [ 0/74]  eta: 0:01:26  lr: 0.000003  loss: 0.0244  time: 1.1667  data: 0.0001  max mem: 10049
Train: data epoch: [65]  [20/74]  eta: 0:00:17  lr: 0.000003  loss: 0.0280  time: 0.2835  data: 0.0000  max mem: 10049
Train: data epoch: [65]  [40/74]  eta: 0:00:10  lr: 0.000003  loss: 0.0278  time: 0.2811  data: 0.0000  max mem: 10049
Train: data epoch: [65]  [60/74]  eta: 0:00:04  lr: 0.000003  loss: 0.0223  time: 0.2827  data: 0.0000  max mem: 10049
Train: data epoch: [65]  [73/74]  eta: 0:00:00  lr: 0.000003  loss: 0.0492  time: 0.2821  data: 0.0000  max mem: 10049
Train: data epoch: [65] Total time: 0:00:21 (0.2944 s / it)
2026-08-20 01:40:58,399 [INFO] Qual: EPOCH[65] -> PLCC: 0.884677, SROCC: 0.821368, KROCC: 0.636530, LOSS: 0.214515
2026-08-20 01:40:58,399 [INFO] Align: EPOCH[65] -> PLCC: 0.806617, SROCC: 0.639802, KROCC: 0.467648, LOSS: 0.340149
2026-08-20 01:40:58,411 [INFO] Saving checkpoint at epoch 65 to ../run/20260820011_A1_ms/checkpoint_latest.pth.
2026-08-20 01:41:00,017 [INFO] Start training
2026-08-20 01:41:00,342 [INFO] Start training epoch 66, 74 iters per inner epoch.
2026-08-20 01:41:22,230 [INFO] Averaged stats: lr: 0.000003  loss: 0.024916
2026-08-20 01:41:22,344 [INFO] local gates: {"epoch": 66, "outer_gate": 0.1211, "refine_gate": 0.2719}
2026-08-20 01:41:22,344 [INFO] Evaluating on val.
Train: data epoch: [66]  [ 0/74]  eta: 0:01:28  lr: 0.000003  loss: 0.0248  time: 1.1939  data: 0.0001  max mem: 10049
Train: data epoch: [66]  [20/74]  eta: 0:00:17  lr: 0.000003  loss: 0.0513  time: 0.2841  data: 0.0000  max mem: 10049
Train: data epoch: [66]  [40/74]  eta: 0:00:10  lr: 0.000003  loss: 0.0409  time: 0.2829  data: 0.0000  max mem: 10049
Train: data epoch: [66]  [60/74]  eta: 0:00:04  lr: 0.000003  loss: 0.0231  time: 0.2811  data: 0.0000  max mem: 10049
Train: data epoch: [66]  [73/74]  eta: 0:00:00  lr: 0.000003  loss: 0.0244  time: 0.2847  data: 0.0000  max mem: 10049
Train: data epoch: [66] Total time: 0:00:21 (0.2958 s / it)
2026-08-20 01:41:26,824 [INFO] Qual: EPOCH[66] -> PLCC: 0.884790, SROCC: 0.823530, KROCC: 0.639177, LOSS: 0.219181
2026-08-20 01:41:26,824 [INFO] Align: EPOCH[66] -> PLCC: 0.805310, SROCC: 0.640502, KROCC: 0.468519, LOSS: 0.345913
2026-08-20 01:41:26,825 [INFO] Start training
2026-08-20 01:41:27,304 [INFO] Start training epoch 67, 74 iters per inner epoch.
2026-08-20 01:41:49,468 [INFO] Averaged stats: lr: 0.000003  loss: 0.024512
2026-08-20 01:41:49,571 [INFO] local gates: {"epoch": 67, "outer_gate": 0.1211, "refine_gate": 0.272}
2026-08-20 01:41:49,572 [INFO] Evaluating on val.
Train: data epoch: [67]  [ 0/74]  eta: 0:01:02  lr: 0.000003  loss: 0.0199  time: 0.8473  data: 0.0001  max mem: 10049
Train: data epoch: [67]  [20/74]  eta: 0:00:18  lr: 0.000003  loss: 0.0208  time: 0.3184  data: 0.0000  max mem: 10049
Train: data epoch: [67]  [40/74]  eta: 0:00:10  lr: 0.000003  loss: 0.0249  time: 0.2833  data: 0.0000  max mem: 10049
Train: data epoch: [67]  [60/74]  eta: 0:00:04  lr: 0.000003  loss: 0.0319  time: 0.2817  data: 0.0000  max mem: 10049
Train: data epoch: [67]  [73/74]  eta: 0:00:00  lr: 0.000003  loss: 0.0184  time: 0.2806  data: 0.0000  max mem: 10049
Train: data epoch: [67] Total time: 0:00:22 (0.2995 s / it)
2026-08-20 01:41:53,715 [INFO] Qual: EPOCH[67] -> PLCC: 0.880775, SROCC: 0.820310, KROCC: 0.635815, LOSS: 0.224976
2026-08-20 01:41:53,715 [INFO] Align: EPOCH[67] -> PLCC: 0.805537, SROCC: 0.640372, KROCC: 0.467380, LOSS: 0.378144
2026-08-20 01:41:53,716 [INFO] Start training
2026-08-20 01:41:54,055 [INFO] Start training epoch 68, 74 iters per inner epoch.
2026-08-20 01:42:15,390 [INFO] Averaged stats: lr: 0.000003  loss: 0.024582
2026-08-20 01:42:15,488 [INFO] local gates: {"epoch": 68, "outer_gate": 0.1211, "refine_gate": 0.272}
2026-08-20 01:42:15,488 [INFO] Evaluating on val.
Train: data epoch: [68]  [ 0/74]  eta: 0:01:02  lr: 0.000003  loss: 0.0241  time: 0.8485  data: 0.0001  max mem: 10049
Train: data epoch: [68]  [20/74]  eta: 0:00:16  lr: 0.000003  loss: 0.0212  time: 0.2793  data: 0.0000  max mem: 10049
Train: data epoch: [68]  [40/74]  eta: 0:00:09  lr: 0.000003  loss: 0.0219  time: 0.2805  data: 0.0000  max mem: 10049
Train: data epoch: [68]  [60/74]  eta: 0:00:04  lr: 0.000003  loss: 0.0217  time: 0.2819  data: 0.0000  max mem: 10049
Train: data epoch: [68]  [73/74]  eta: 0:00:00  lr: 0.000003  loss: 0.0192  time: 0.2806  data: 0.0000  max mem: 10049
Train: data epoch: [68] Total time: 0:00:21 (0.2883 s / it)
2026-08-20 01:42:19,744 [INFO] Qual: EPOCH[68] -> PLCC: 0.883470, SROCC: 0.822005, KROCC: 0.637580, LOSS: 0.218976
2026-08-20 01:42:19,744 [INFO] Align: EPOCH[68] -> PLCC: 0.802352, SROCC: 0.638550, KROCC: 0.466017, LOSS: 0.373834
2026-08-20 01:42:19,745 [INFO] Start training
2026-08-20 01:42:20,067 [INFO] Start training epoch 69, 74 iters per inner epoch.
2026-08-20 01:42:42,141 [INFO] Averaged stats: lr: 0.000003  loss: 0.024918
2026-08-20 01:42:42,248 [INFO] local gates: {"epoch": 69, "outer_gate": 0.1212, "refine_gate": 0.272}
2026-08-20 01:42:42,248 [INFO] Evaluating on val.
Train: data epoch: [69]  [ 0/74]  eta: 0:01:39  lr: 0.000003  loss: 0.0340  time: 1.3387  data: 0.0001  max mem: 10049
Train: data epoch: [69]  [20/74]  eta: 0:00:18  lr: 0.000003  loss: 0.0176  time: 0.2845  data: 0.0000  max mem: 10049
Train: data epoch: [69]  [40/74]  eta: 0:00:10  lr: 0.000003  loss: 0.0268  time: 0.2849  data: 0.0000  max mem: 10049
Train: data epoch: [69]  [60/74]  eta: 0:00:04  lr: 0.000003  loss: 0.0160  time: 0.2834  data: 0.0000  max mem: 10049
Train: data epoch: [69]  [73/74]  eta: 0:00:00  lr: 0.000003  loss: 0.0325  time: 0.2829  data: 0.0000  max mem: 10049
Train: data epoch: [69] Total time: 0:00:22 (0.2983 s / it)
2026-08-20 01:42:46,582 [INFO] Qual: EPOCH[69] -> PLCC: 0.883904, SROCC: 0.821554, KROCC: 0.637267, LOSS: 0.217301
2026-08-20 01:42:46,583 [INFO] Align: EPOCH[69] -> PLCC: 0.801445, SROCC: 0.633857, KROCC: 0.461840, LOSS: 0.361796
2026-08-20 01:42:46,583 [INFO] Start training
2026-08-20 01:42:46,919 [INFO] Start training epoch 70, 74 iters per inner epoch.
2026-08-20 01:43:08,459 [INFO] Averaged stats: lr: 0.000003  loss: 0.024997
2026-08-20 01:43:08,565 [INFO] local gates: {"epoch": 70, "outer_gate": 0.1212, "refine_gate": 0.272}
2026-08-20 01:43:08,566 [INFO] Evaluating on val.
Train: data epoch: [70]  [ 0/74]  eta: 0:01:07  lr: 0.000003  loss: 0.0410  time: 0.9135  data: 0.0001  max mem: 10049
Train: data epoch: [70]  [20/74]  eta: 0:00:16  lr: 0.000003  loss: 0.0171  time: 0.2834  data: 0.0000  max mem: 10049
Train: data epoch: [70]  [40/74]  eta: 0:00:10  lr: 0.000003  loss: 0.0164  time: 0.2821  data: 0.0000  max mem: 10049
Train: data epoch: [70]  [60/74]  eta: 0:00:04  lr: 0.000003  loss: 0.0236  time: 0.2826  data: 0.0000  max mem: 10049
Train: data epoch: [70]  [73/74]  eta: 0:00:00  lr: 0.000003  loss: 0.0214  time: 0.2822  data: 0.0000  max mem: 10049
Train: data epoch: [70] Total time: 0:00:21 (0.2911 s / it)
2026-08-20 01:43:12,848 [INFO] Qual: EPOCH[70] -> PLCC: 0.882553, SROCC: 0.820819, KROCC: 0.637066, LOSS: 0.220845
2026-08-20 01:43:12,848 [INFO] Align: EPOCH[70] -> PLCC: 0.801583, SROCC: 0.633564, KROCC: 0.462744, LOSS: 0.361004
2026-08-20 01:43:12,860 [INFO] Saving checkpoint at epoch 70 to ../run/20260820011_A1_ms/checkpoint_latest.pth.
2026-08-20 01:43:14,389 [INFO] Start training
2026-08-20 01:43:14,712 [INFO] Start training epoch 71, 74 iters per inner epoch.
2026-08-20 01:43:36,667 [INFO] Averaged stats: lr: 0.000003  loss: 0.022213
2026-08-20 01:43:36,757 [INFO] local gates: {"epoch": 71, "outer_gate": 0.1212, "refine_gate": 0.272}
2026-08-20 01:43:36,757 [INFO] Evaluating on val.
Train: data epoch: [71]  [ 0/74]  eta: 0:01:36  lr: 0.000003  loss: 0.0279  time: 1.3013  data: 0.0001  max mem: 10049
Train: data epoch: [71]  [20/74]  eta: 0:00:17  lr: 0.000003  loss: 0.0203  time: 0.2843  data: 0.0000  max mem: 10049
Train: data epoch: [71]  [40/74]  eta: 0:00:10  lr: 0.000003  loss: 0.0182  time: 0.2822  data: 0.0000  max mem: 10049
Train: data epoch: [71]  [60/74]  eta: 0:00:04  lr: 0.000003  loss: 0.0283  time: 0.2826  data: 0.0000  max mem: 10049
Train: data epoch: [71]  [73/74]  eta: 0:00:00  lr: 0.000003  loss: 0.0231  time: 0.2823  data: 0.0000  max mem: 10049
Train: data epoch: [71] Total time: 0:00:21 (0.2967 s / it)
2026-08-20 01:43:41,026 [INFO] Qual: EPOCH[71] -> PLCC: 0.883517, SROCC: 0.820851, KROCC: 0.636485, LOSS: 0.216877
2026-08-20 01:43:41,026 [INFO] Align: EPOCH[71] -> PLCC: 0.803097, SROCC: 0.633114, KROCC: 0.461985, LOSS: 0.354410
2026-08-20 01:43:41,027 [INFO] Start training
2026-08-20 01:43:41,341 [INFO] Start training epoch 72, 74 iters per inner epoch.
2026-08-20 01:44:03,153 [INFO] Averaged stats: lr: 0.000003  loss: 0.022458
2026-08-20 01:44:03,260 [INFO] local gates: {"epoch": 72, "outer_gate": 0.1212, "refine_gate": 0.272}
2026-08-20 01:44:03,260 [INFO] Evaluating on val.
Train: data epoch: [72]  [ 0/74]  eta: 0:01:25  lr: 0.000003  loss: 0.0233  time: 1.1621  data: 0.0001  max mem: 10049
Train: data epoch: [72]  [20/74]  eta: 0:00:17  lr: 0.000003  loss: 0.0148  time: 0.2845  data: 0.0000  max mem: 10049
Train: data epoch: [72]  [40/74]  eta: 0:00:10  lr: 0.000003  loss: 0.0273  time: 0.2829  data: 0.0000  max mem: 10049
Train: data epoch: [72]  [60/74]  eta: 0:00:04  lr: 0.000003  loss: 0.0264  time: 0.2821  data: 0.0000  max mem: 10049
Train: data epoch: [72]  [73/74]  eta: 0:00:00  lr: 0.000003  loss: 0.0235  time: 0.2812  data: 0.0000  max mem: 10049
Train: data epoch: [72] Total time: 0:00:21 (0.2947 s / it)
2026-08-20 01:44:07,447 [INFO] Qual: EPOCH[72] -> PLCC: 0.883075, SROCC: 0.823092, KROCC: 0.638217, LOSS: 0.230832
2026-08-20 01:44:07,447 [INFO] Align: EPOCH[72] -> PLCC: 0.799912, SROCC: 0.630462, KROCC: 0.460410, LOSS: 0.372732
2026-08-20 01:44:07,448 [INFO] Start training
2026-08-20 01:44:07,736 [INFO] Start training epoch 73, 74 iters per inner epoch.
2026-08-20 01:44:29,769 [INFO] Averaged stats: lr: 0.000003  loss: 0.022244
2026-08-20 01:44:29,860 [INFO] local gates: {"epoch": 73, "outer_gate": 0.1212, "refine_gate": 0.272}
2026-08-20 01:44:29,860 [INFO] Evaluating on val.
Train: data epoch: [73]  [ 0/74]  eta: 0:01:36  lr: 0.000003  loss: 0.0218  time: 1.2974  data: 0.0001  max mem: 10049
Train: data epoch: [73]  [20/74]  eta: 0:00:18  lr: 0.000003  loss: 0.0240  time: 0.2854  data: 0.0000  max mem: 10049
Train: data epoch: [73]  [40/74]  eta: 0:00:10  lr: 0.000003  loss: 0.0223  time: 0.2851  data: 0.0000  max mem: 10049
Train: data epoch: [73]  [60/74]  eta: 0:00:04  lr: 0.000003  loss: 0.0227  time: 0.2825  data: 0.0000  max mem: 10049
Train: data epoch: [73]  [73/74]  eta: 0:00:00  lr: 0.000003  loss: 0.0269  time: 0.2823  data: 0.0000  max mem: 10049
Train: data epoch: [73] Total time: 0:00:22 (0.2977 s / it)
2026-08-20 01:44:34,169 [INFO] Qual: EPOCH[73] -> PLCC: 0.884516, SROCC: 0.825093, KROCC: 0.641110, LOSS: 0.216976
2026-08-20 01:44:34,170 [INFO] Align: EPOCH[73] -> PLCC: 0.800548, SROCC: 0.629518, KROCC: 0.458220, LOSS: 0.357417
2026-08-20 01:44:34,170 [INFO] Start training
2026-08-20 01:44:34,507 [INFO] Start training epoch 74, 74 iters per inner epoch.
2026-08-20 01:44:56,311 [INFO] Averaged stats: lr: 0.000002  loss: 0.021474
2026-08-20 01:44:56,431 [INFO] local gates: {"epoch": 74, "outer_gate": 0.1212, "refine_gate": 0.272}
2026-08-20 01:44:56,432 [INFO] Evaluating on val.
Train: data epoch: [74]  [ 0/74]  eta: 0:01:35  lr: 0.000002  loss: 0.0141  time: 1.2947  data: 0.0001  max mem: 10049
Train: data epoch: [74]  [20/74]  eta: 0:00:17  lr: 0.000002  loss: 0.0211  time: 0.2816  data: 0.0000  max mem: 10049
Train: data epoch: [74]  [40/74]  eta: 0:00:10  lr: 0.000002  loss: 0.0134  time: 0.2808  data: 0.0000  max mem: 10049
Train: data epoch: [74]  [60/74]  eta: 0:00:04  lr: 0.000002  loss: 0.0230  time: 0.2805  data: 0.0000  max mem: 10049
Train: data epoch: [74]  [73/74]  eta: 0:00:00  lr: 0.000002  loss: 0.0195  time: 0.2803  data: 0.0000  max mem: 10049
Train: data epoch: [74] Total time: 0:00:21 (0.2946 s / it)
2026-08-20 01:45:00,571 [INFO] Qual: EPOCH[74] -> PLCC: 0.883230, SROCC: 0.821235, KROCC: 0.636161, LOSS: 0.217018
2026-08-20 01:45:00,572 [INFO] Align: EPOCH[74] -> PLCC: 0.801931, SROCC: 0.634623, KROCC: 0.462499, LOSS: 0.347048
2026-08-20 01:45:00,572 [INFO] Start training
2026-08-20 01:45:00,877 [INFO] Start training epoch 75, 74 iters per inner epoch.
2026-08-20 01:45:22,713 [INFO] Averaged stats: lr: 0.000002  loss: 0.021853
2026-08-20 01:45:22,830 [INFO] local gates: {"epoch": 75, "outer_gate": 0.1212, "refine_gate": 0.272}
2026-08-20 01:45:22,830 [INFO] Evaluating on val.
Train: data epoch: [75]  [ 0/74]  eta: 0:01:28  lr: 0.000002  loss: 0.0193  time: 1.1976  data: 0.0001  max mem: 10049
Train: data epoch: [75]  [20/74]  eta: 0:00:17  lr: 0.000002  loss: 0.0197  time: 0.2841  data: 0.0000  max mem: 10049
Train: data epoch: [75]  [40/74]  eta: 0:00:10  lr: 0.000002  loss: 0.0314  time: 0.2820  data: 0.0000  max mem: 10049
Train: data epoch: [75]  [60/74]  eta: 0:00:04  lr: 0.000002  loss: 0.0200  time: 0.2829  data: 0.0000  max mem: 10049
Train: data epoch: [75]  [73/74]  eta: 0:00:00  lr: 0.000002  loss: 0.0271  time: 0.2813  data: 0.0000  max mem: 10049
Train: data epoch: [75] Total time: 0:00:21 (0.2951 s / it)
2026-08-20 01:45:27,035 [INFO] Qual: EPOCH[75] -> PLCC: 0.885160, SROCC: 0.823986, KROCC: 0.640261, LOSS: 0.214058
2026-08-20 01:45:27,035 [INFO] Align: EPOCH[75] -> PLCC: 0.803054, SROCC: 0.631281, KROCC: 0.460667, LOSS: 0.354710
2026-08-20 01:45:27,047 [INFO] Saving checkpoint at epoch 75 to ../run/20260820011_A1_ms/checkpoint_latest.pth.
2026-08-20 01:45:28,864 [INFO] Start training
2026-08-20 01:45:29,216 [INFO] Start training epoch 76, 74 iters per inner epoch.
2026-08-20 01:45:50,933 [INFO] Averaged stats: lr: 0.000002  loss: 0.021711
2026-08-20 01:45:51,020 [INFO] local gates: {"epoch": 76, "outer_gate": 0.1212, "refine_gate": 0.272}
2026-08-20 01:45:51,021 [INFO] Evaluating on val.
Train: data epoch: [76]  [ 0/74]  eta: 0:01:22  lr: 0.000002  loss: 0.0254  time: 1.1178  data: 0.0001  max mem: 10049
Train: data epoch: [76]  [20/74]  eta: 0:00:17  lr: 0.000002  loss: 0.0151  time: 0.2852  data: 0.0000  max mem: 10049
Train: data epoch: [76]  [40/74]  eta: 0:00:10  lr: 0.000002  loss: 0.0210  time: 0.2813  data: 0.0000  max mem: 10049
Train: data epoch: [76]  [60/74]  eta: 0:00:04  lr: 0.000002  loss: 0.0152  time: 0.2808  data: 0.0000  max mem: 10049
Train: data epoch: [76]  [73/74]  eta: 0:00:00  lr: 0.000002  loss: 0.0223  time: 0.2807  data: 0.0000  max mem: 10049
Train: data epoch: [76] Total time: 0:00:21 (0.2935 s / it)
2026-08-20 01:45:55,308 [INFO] Qual: EPOCH[76] -> PLCC: 0.884492, SROCC: 0.824644, KROCC: 0.640283, LOSS: 0.216146
2026-08-20 01:45:55,308 [INFO] Align: EPOCH[76] -> PLCC: 0.803077, SROCC: 0.635266, KROCC: 0.463086, LOSS: 0.356409
2026-08-20 01:45:55,308 [INFO] Start training
2026-08-20 01:45:55,608 [INFO] Start training epoch 77, 74 iters per inner epoch.
2026-08-20 01:46:17,228 [INFO] Averaged stats: lr: 0.000002  loss: 0.022015
2026-08-20 01:46:17,323 [INFO] local gates: {"epoch": 77, "outer_gate": 0.1212, "refine_gate": 0.272}
2026-08-20 01:46:17,324 [INFO] Evaluating on val.
Train: data epoch: [77]  [ 0/74]  eta: 0:01:13  lr: 0.000002  loss: 0.0183  time: 0.9900  data: 0.0001  max mem: 10049
Train: data epoch: [77]  [20/74]  eta: 0:00:17  lr: 0.000002  loss: 0.0123  time: 0.2837  data: 0.0000  max mem: 10049
Train: data epoch: [77]  [40/74]  eta: 0:00:10  lr: 0.000002  loss: 0.0191  time: 0.2830  data: 0.0000  max mem: 10049
Train: data epoch: [77]  [60/74]  eta: 0:00:04  lr: 0.000002  loss: 0.0295  time: 0.2818  data: 0.0000  max mem: 10049
Train: data epoch: [77]  [73/74]  eta: 0:00:00  lr: 0.000002  loss: 0.0165  time: 0.2812  data: 0.0000  max mem: 10049
Train: data epoch: [77] Total time: 0:00:21 (0.2921 s / it)
2026-08-20 01:46:21,399 [INFO] Qual: EPOCH[77] -> PLCC: 0.885693, SROCC: 0.826631, KROCC: 0.642730, LOSS: 0.220028
2026-08-20 01:46:21,399 [INFO] Align: EPOCH[77] -> PLCC: 0.803333, SROCC: 0.636977, KROCC: 0.465291, LOSS: 0.350792
2026-08-20 01:46:21,400 [INFO] Start training
2026-08-20 01:46:21,699 [INFO] Start training epoch 78, 74 iters per inner epoch.
2026-08-20 01:46:43,414 [INFO] Averaged stats: lr: 0.000002  loss: 0.021525
2026-08-20 01:46:43,518 [INFO] local gates: {"epoch": 78, "outer_gate": 0.1212, "refine_gate": 0.2721}
2026-08-20 01:46:43,518 [INFO] Evaluating on val.
Train: data epoch: [78]  [ 0/74]  eta: 0:01:19  lr: 0.000002  loss: 0.0300  time: 1.0761  data: 0.0001  max mem: 10049
Train: data epoch: [78]  [20/74]  eta: 0:00:17  lr: 0.000002  loss: 0.0128  time: 0.2833  data: 0.0000  max mem: 10049
Train: data epoch: [78]  [40/74]  eta: 0:00:10  lr: 0.000002  loss: 0.0203  time: 0.2830  data: 0.0000  max mem: 10049
Train: data epoch: [78]  [60/74]  eta: 0:00:04  lr: 0.000002  loss: 0.0141  time: 0.2828  data: 0.0000  max mem: 10049
Train: data epoch: [78]  [73/74]  eta: 0:00:00  lr: 0.000002  loss: 0.0208  time: 0.2810  data: 0.0000  max mem: 10049
Train: data epoch: [78] Total time: 0:00:21 (0.2934 s / it)
2026-08-20 01:46:47,765 [INFO] Qual: EPOCH[78] -> PLCC: 0.883547, SROCC: 0.822338, KROCC: 0.638284, LOSS: 0.217753
2026-08-20 01:46:47,765 [INFO] Align: EPOCH[78] -> PLCC: 0.802166, SROCC: 0.632081, KROCC: 0.460388, LOSS: 0.366994
2026-08-20 01:46:47,766 [INFO] Start training
2026-08-20 01:46:48,110 [INFO] Start training epoch 79, 74 iters per inner epoch.
2026-08-20 01:47:10,019 [INFO] Averaged stats: lr: 0.000002  loss: 0.019946
2026-08-20 01:47:10,110 [INFO] local gates: {"epoch": 79, "outer_gate": 0.1212, "refine_gate": 0.2721}
2026-08-20 01:47:10,110 [INFO] Evaluating on val.
Train: data epoch: [79]  [ 0/74]  eta: 0:01:33  lr: 0.000002  loss: 0.0189  time: 1.2597  data: 0.0001  max mem: 10049
Train: data epoch: [79]  [20/74]  eta: 0:00:17  lr: 0.000002  loss: 0.0170  time: 0.2842  data: 0.0000  max mem: 10049
Train: data epoch: [79]  [40/74]  eta: 0:00:10  lr: 0.000002  loss: 0.0175  time: 0.2821  data: 0.0000  max mem: 10049
Train: data epoch: [79]  [60/74]  eta: 0:00:04  lr: 0.000002  loss: 0.0242  time: 0.2827  data: 0.0000  max mem: 10049
Train: data epoch: [79]  [73/74]  eta: 0:00:00  lr: 0.000002  loss: 0.0183  time: 0.2816  data: 0.0000  max mem: 10049
Train: data epoch: [79] Total time: 0:00:21 (0.2961 s / it)
2026-08-20 01:47:14,500 [INFO] Qual: EPOCH[79] -> PLCC: 0.884477, SROCC: 0.823294, KROCC: 0.638552, LOSS: 0.221715
2026-08-20 01:47:14,500 [INFO] Align: EPOCH[79] -> PLCC: 0.806372, SROCC: 0.634664, KROCC: 0.463627, LOSS: 0.356621
2026-08-20 01:47:14,501 [INFO] Start training
2026-08-20 01:47:14,833 [INFO] Start training epoch 80, 74 iters per inner epoch.
2026-08-20 01:47:36,485 [INFO] Averaged stats: lr: 0.000002  loss: 0.019665
2026-08-20 01:47:36,577 [INFO] local gates: {"epoch": 80, "outer_gate": 0.1212, "refine_gate": 0.2721}
2026-08-20 01:47:36,577 [INFO] Evaluating on val.
Train: data epoch: [80]  [ 0/74]  eta: 0:01:14  lr: 0.000002  loss: 0.0315  time: 1.0028  data: 0.0001  max mem: 10049
Train: data epoch: [80]  [20/74]  eta: 0:00:17  lr: 0.000002  loss: 0.0263  time: 0.2839  data: 0.0000  max mem: 10049
Train: data epoch: [80]  [40/74]  eta: 0:00:10  lr: 0.000002  loss: 0.0192  time: 0.2828  data: 0.0000  max mem: 10049
Train: data epoch: [80]  [60/74]  eta: 0:00:04  lr: 0.000002  loss: 0.0222  time: 0.2823  data: 0.0000  max mem: 10049
Train: data epoch: [80]  [73/74]  eta: 0:00:00  lr: 0.000002  loss: 0.0218  time: 0.2819  data: 0.0000  max mem: 10049
Train: data epoch: [80] Total time: 0:00:21 (0.2926 s / it)
2026-08-20 01:47:40,904 [INFO] Qual: EPOCH[80] -> PLCC: 0.884727, SROCC: 0.824621, KROCC: 0.640362, LOSS: 0.224805
2026-08-20 01:47:40,904 [INFO] Align: EPOCH[80] -> PLCC: 0.804204, SROCC: 0.633119, KROCC: 0.461717, LOSS: 0.352036
2026-08-20 01:47:40,913 [INFO] Saving checkpoint at epoch 80 to ../run/20260820011_A1_ms/checkpoint_latest.pth.
2026-08-20 01:47:42,534 [INFO] Start training
2026-08-20 01:47:42,871 [INFO] Start training epoch 81, 74 iters per inner epoch.
2026-08-20 01:48:04,448 [INFO] Averaged stats: lr: 0.000002  loss: 0.021186
2026-08-20 01:48:04,556 [INFO] local gates: {"epoch": 81, "outer_gate": 0.1212, "refine_gate": 0.2721}
2026-08-20 01:48:04,557 [INFO] Evaluating on val.
Train: data epoch: [81]  [ 0/74]  eta: 0:01:10  lr: 0.000002  loss: 0.0222  time: 0.9554  data: 0.0001  max mem: 10049
Train: data epoch: [81]  [20/74]  eta: 0:00:17  lr: 0.000002  loss: 0.0273  time: 0.2837  data: 0.0000  max mem: 10049
Train: data epoch: [81]  [40/74]  eta: 0:00:10  lr: 0.000002  loss: 0.0168  time: 0.2826  data: 0.0000  max mem: 10049
Train: data epoch: [81]  [60/74]  eta: 0:00:04  lr: 0.000002  loss: 0.0186  time: 0.2822  data: 0.0000  max mem: 10049
Train: data epoch: [81]  [73/74]  eta: 0:00:00  lr: 0.000002  loss: 0.0194  time: 0.2806  data: 0.0000  max mem: 10049
Train: data epoch: [81] Total time: 0:00:21 (0.2916 s / it)
2026-08-20 01:48:08,908 [INFO] Qual: EPOCH[81] -> PLCC: 0.883019, SROCC: 0.821669, KROCC: 0.637077, LOSS: 0.227178
2026-08-20 01:48:08,909 [INFO] Align: EPOCH[81] -> PLCC: 0.802791, SROCC: 0.635087, KROCC: 0.463102, LOSS: 0.349153
2026-08-20 01:48:08,909 [INFO] Start training
2026-08-20 01:48:09,250 [INFO] Start training epoch 82, 74 iters per inner epoch.
2026-08-20 01:48:31,011 [INFO] Averaged stats: lr: 0.000002  loss: 0.019644
2026-08-20 01:48:31,106 [INFO] local gates: {"epoch": 82, "outer_gate": 0.1212, "refine_gate": 0.2721}
2026-08-20 01:48:31,107 [INFO] Evaluating on val.
Train: data epoch: [82]  [ 0/74]  eta: 0:01:19  lr: 0.000002  loss: 0.0140  time: 1.0736  data: 0.0001  max mem: 10049
Train: data epoch: [82]  [20/74]  eta: 0:00:17  lr: 0.000002  loss: 0.0170  time: 0.2845  data: 0.0000  max mem: 10049
Train: data epoch: [82]  [40/74]  eta: 0:00:10  lr: 0.000002  loss: 0.0108  time: 0.2833  data: 0.0000  max mem: 10049
Train: data epoch: [82]  [60/74]  eta: 0:00:04  lr: 0.000002  loss: 0.0233  time: 0.2833  data: 0.0000  max mem: 10049
Train: data epoch: [82]  [73/74]  eta: 0:00:00  lr: 0.000002  loss: 0.0164  time: 0.2820  data: 0.0000  max mem: 10049
Train: data epoch: [82] Total time: 0:00:21 (0.2941 s / it)
2026-08-20 01:48:35,392 [INFO] Qual: EPOCH[82] -> PLCC: 0.883958, SROCC: 0.823481, KROCC: 0.638909, LOSS: 0.216306
2026-08-20 01:48:35,392 [INFO] Align: EPOCH[82] -> PLCC: 0.805868, SROCC: 0.639018, KROCC: 0.466855, LOSS: 0.348256
2026-08-20 01:48:35,393 [INFO] Start training
2026-08-20 01:48:35,726 [INFO] Start training epoch 83, 74 iters per inner epoch.
2026-08-20 01:48:57,721 [INFO] Averaged stats: lr: 0.000002  loss: 0.020091
2026-08-20 01:48:57,815 [INFO] local gates: {"epoch": 83, "outer_gate": 0.1212, "refine_gate": 0.2721}
2026-08-20 01:48:57,816 [INFO] Evaluating on val.
Train: data epoch: [83]  [ 0/74]  eta: 0:01:34  lr: 0.000002  loss: 0.0203  time: 1.2763  data: 0.0001  max mem: 10049
Train: data epoch: [83]  [20/74]  eta: 0:00:17  lr: 0.000002  loss: 0.0138  time: 0.2826  data: 0.0000  max mem: 10049
Train: data epoch: [83]  [40/74]  eta: 0:00:10  lr: 0.000002  loss: 0.0138  time: 0.2831  data: 0.0000  max mem: 10049
Train: data epoch: [83]  [60/74]  eta: 0:00:04  lr: 0.000002  loss: 0.0204  time: 0.2839  data: 0.0000  max mem: 10049
Train: data epoch: [83]  [73/74]  eta: 0:00:00  lr: 0.000002  loss: 0.0113  time: 0.2870  data: 0.0000  max mem: 10049
Train: data epoch: [83] Total time: 0:00:21 (0.2972 s / it)
2026-08-20 01:49:02,188 [INFO] Qual: EPOCH[83] -> PLCC: 0.884045, SROCC: 0.823165, KROCC: 0.638704, LOSS: 0.215351
2026-08-20 01:49:02,188 [INFO] Align: EPOCH[83] -> PLCC: 0.807590, SROCC: 0.640768, KROCC: 0.468039, LOSS: 0.342178
2026-08-20 01:49:02,189 [INFO] Start training
2026-08-20 01:49:02,499 [INFO] Start training epoch 84, 74 iters per inner epoch.
2026-08-20 01:49:24,257 [INFO] Averaged stats: lr: 0.000002  loss: 0.019608
2026-08-20 01:49:24,384 [INFO] local gates: {"epoch": 84, "outer_gate": 0.1212, "refine_gate": 0.2721}
2026-08-20 01:49:24,385 [INFO] Evaluating on val.
Train: data epoch: [84]  [ 0/74]  eta: 0:01:18  lr: 0.000002  loss: 0.0193  time: 1.0559  data: 0.0001  max mem: 10049
Train: data epoch: [84]  [20/74]  eta: 0:00:17  lr: 0.000002  loss: 0.0217  time: 0.2848  data: 0.0000  max mem: 10049
Train: data epoch: [84]  [40/74]  eta: 0:00:10  lr: 0.000002  loss: 0.0166  time: 0.2842  data: 0.0000  max mem: 10049
Train: data epoch: [84]  [60/74]  eta: 0:00:04  lr: 0.000002  loss: 0.0252  time: 0.2827  data: 0.0000  max mem: 10049
Train: data epoch: [84]  [73/74]  eta: 0:00:00  lr: 0.000002  loss: 0.0113  time: 0.2818  data: 0.0000  max mem: 10049
Train: data epoch: [84] Total time: 0:00:21 (0.2940 s / it)
2026-08-20 01:49:28,601 [INFO] Qual: EPOCH[84] -> PLCC: 0.884304, SROCC: 0.824854, KROCC: 0.640127, LOSS: 0.221464
2026-08-20 01:49:28,601 [INFO] Align: EPOCH[84] -> PLCC: 0.805334, SROCC: 0.636898, KROCC: 0.464643, LOSS: 0.365418
2026-08-20 01:49:28,601 [INFO] Start training
2026-08-20 01:49:28,910 [INFO] Start training epoch 85, 74 iters per inner epoch.
2026-08-20 01:49:50,578 [INFO] Averaged stats: lr: 0.000001  loss: 0.019483
2026-08-20 01:49:50,673 [INFO] local gates: {"epoch": 85, "outer_gate": 0.1212, "refine_gate": 0.2721}
2026-08-20 01:49:50,674 [INFO] Evaluating on val.
Train: data epoch: [85]  [ 0/74]  eta: 0:01:17  lr: 0.000001  loss: 0.0197  time: 1.0450  data: 0.0001  max mem: 10049
Train: data epoch: [85]  [20/74]  eta: 0:00:17  lr: 0.000001  loss: 0.0274  time: 0.2830  data: 0.0000  max mem: 10049
Train: data epoch: [85]  [40/74]  eta: 0:00:10  lr: 0.000001  loss: 0.0198  time: 0.2830  data: 0.0000  max mem: 10049
Train: data epoch: [85]  [60/74]  eta: 0:00:04  lr: 0.000001  loss: 0.0189  time: 0.2821  data: 0.0000  max mem: 10049
Train: data epoch: [85]  [73/74]  eta: 0:00:00  lr: 0.000001  loss: 0.0105  time: 0.2813  data: 0.0000  max mem: 10049
Train: data epoch: [85] Total time: 0:00:21 (0.2928 s / it)
2026-08-20 01:49:54,914 [INFO] Qual: EPOCH[85] -> PLCC: 0.885130, SROCC: 0.826075, KROCC: 0.642004, LOSS: 0.218650
2026-08-20 01:49:54,914 [INFO] Align: EPOCH[85] -> PLCC: 0.804482, SROCC: 0.636043, KROCC: 0.464275, LOSS: 0.354195
2026-08-20 01:49:54,925 [INFO] Saving checkpoint at epoch 85 to ../run/20260820011_A1_ms/checkpoint_latest.pth.
2026-08-20 01:49:57,111 [INFO] Start training
2026-08-20 01:49:57,481 [INFO] Start training epoch 86, 74 iters per inner epoch.
2026-08-20 01:50:19,209 [INFO] Averaged stats: lr: 0.000001  loss: 0.020435
2026-08-20 01:50:19,306 [INFO] local gates: {"epoch": 86, "outer_gate": 0.1212, "refine_gate": 0.2721}
2026-08-20 01:50:19,307 [INFO] Evaluating on val.
Train: data epoch: [86]  [ 0/74]  eta: 0:01:22  lr: 0.000001  loss: 0.0172  time: 1.1120  data: 0.0001  max mem: 10049
Train: data epoch: [86]  [20/74]  eta: 0:00:17  lr: 0.000001  loss: 0.0223  time: 0.2842  data: 0.0000  max mem: 10049
Train: data epoch: [86]  [40/74]  eta: 0:00:10  lr: 0.000001  loss: 0.0224  time: 0.2824  data: 0.0000  max mem: 10049
Train: data epoch: [86]  [60/74]  eta: 0:00:04  lr: 0.000001  loss: 0.0226  time: 0.2814  data: 0.0000  max mem: 10049
Train: data epoch: [86]  [73/74]  eta: 0:00:00  lr: 0.000001  loss: 0.0194  time: 0.2809  data: 0.0000  max mem: 10049
Train: data epoch: [86] Total time: 0:00:21 (0.2936 s / it)
2026-08-20 01:50:23,796 [INFO] Qual: EPOCH[86] -> PLCC: 0.886012, SROCC: 0.825851, KROCC: 0.641166, LOSS: 0.213071
2026-08-20 01:50:23,796 [INFO] Align: EPOCH[86] -> PLCC: 0.805893, SROCC: 0.634922, KROCC: 0.463571, LOSS: 0.351009
2026-08-20 01:50:23,797 [INFO] Start training
2026-08-20 01:50:24,121 [INFO] Start training epoch 87, 74 iters per inner epoch.
2026-08-20 01:50:46,163 [INFO] Averaged stats: lr: 0.000001  loss: 0.021065
2026-08-20 01:50:46,293 [INFO] local gates: {"epoch": 87, "outer_gate": 0.1212, "refine_gate": 0.2721}
2026-08-20 01:50:46,293 [INFO] Evaluating on val.
Train: data epoch: [87]  [ 0/74]  eta: 0:01:38  lr: 0.000001  loss: 0.0236  time: 1.3278  data: 0.0001  max mem: 10049
Train: data epoch: [87]  [20/74]  eta: 0:00:18  lr: 0.000001  loss: 0.0203  time: 0.2848  data: 0.0000  max mem: 10049
Train: data epoch: [87]  [40/74]  eta: 0:00:10  lr: 0.000001  loss: 0.0208  time: 0.2835  data: 0.0000  max mem: 10049
Train: data epoch: [87]  [60/74]  eta: 0:00:04  lr: 0.000001  loss: 0.0239  time: 0.2832  data: 0.0000  max mem: 10049
Train: data epoch: [87]  [73/74]  eta: 0:00:00  lr: 0.000001  loss: 0.0150  time: 0.2829  data: 0.0000  max mem: 10049
Train: data epoch: [87] Total time: 0:00:22 (0.2979 s / it)
2026-08-20 01:50:50,643 [INFO] Qual: EPOCH[87] -> PLCC: 0.882833, SROCC: 0.822837, KROCC: 0.637591, LOSS: 0.226077
2026-08-20 01:50:50,643 [INFO] Align: EPOCH[87] -> PLCC: 0.802998, SROCC: 0.634985, KROCC: 0.463236, LOSS: 0.360739
2026-08-20 01:50:50,644 [INFO] Start training
2026-08-20 01:50:51,002 [INFO] Start training epoch 88, 74 iters per inner epoch.
2026-08-20 01:51:13,021 [INFO] Averaged stats: lr: 0.000001  loss: 0.019056
2026-08-20 01:51:13,125 [INFO] local gates: {"epoch": 88, "outer_gate": 0.1212, "refine_gate": 0.2721}
2026-08-20 01:51:13,125 [INFO] Evaluating on val.
Train: data epoch: [88]  [ 0/74]  eta: 0:01:29  lr: 0.000001  loss: 0.0210  time: 1.2127  data: 0.0001  max mem: 10049
Train: data epoch: [88]  [20/74]  eta: 0:00:17  lr: 0.000001  loss: 0.0155  time: 0.2888  data: 0.0000  max mem: 10049
Train: data epoch: [88]  [40/74]  eta: 0:00:10  lr: 0.000001  loss: 0.0187  time: 0.2864  data: 0.0000  max mem: 10049
Train: data epoch: [88]  [60/74]  eta: 0:00:04  lr: 0.000001  loss: 0.0215  time: 0.2829  data: 0.0000  max mem: 10049
Train: data epoch: [88]  [73/74]  eta: 0:00:00  lr: 0.000001  loss: 0.0181  time: 0.2805  data: 0.0000  max mem: 10049
Train: data epoch: [88] Total time: 0:00:22 (0.2975 s / it)
2026-08-20 01:51:17,297 [INFO] Qual: EPOCH[88] -> PLCC: 0.884644, SROCC: 0.824911, KROCC: 0.640529, LOSS: 0.217195
2026-08-20 01:51:17,297 [INFO] Align: EPOCH[88] -> PLCC: 0.807566, SROCC: 0.640842, KROCC: 0.468307, LOSS: 0.345116
2026-08-20 01:51:17,298 [INFO] Start training
2026-08-20 01:51:17,609 [INFO] Start training epoch 89, 74 iters per inner epoch.
2026-08-20 01:51:39,414 [INFO] Averaged stats: lr: 0.000001  loss: 0.019406
2026-08-20 01:51:39,515 [INFO] local gates: {"epoch": 89, "outer_gate": 0.1212, "refine_gate": 0.2721}
2026-08-20 01:51:39,516 [INFO] Evaluating on val.
Train: data epoch: [89]  [ 0/74]  eta: 0:01:20  lr: 0.000001  loss: 0.0278  time: 1.0929  data: 0.0001  max mem: 10049
Train: data epoch: [89]  [20/74]  eta: 0:00:17  lr: 0.000001  loss: 0.0154  time: 0.2832  data: 0.0000  max mem: 10049
Train: data epoch: [89]  [40/74]  eta: 0:00:10  lr: 0.000001  loss: 0.0208  time: 0.2842  data: 0.0000  max mem: 10049
Train: data epoch: [89]  [60/74]  eta: 0:00:04  lr: 0.000001  loss: 0.0217  time: 0.2837  data: 0.0000  max mem: 10049
Train: data epoch: [89]  [73/74]  eta: 0:00:00  lr: 0.000001  loss: 0.0180  time: 0.2832  data: 0.0000  max mem: 10049
Train: data epoch: [89] Total time: 0:00:21 (0.2947 s / it)
2026-08-20 01:51:43,737 [INFO] Qual: EPOCH[89] -> PLCC: 0.884079, SROCC: 0.821908, KROCC: 0.638060, LOSS: 0.225263
2026-08-20 01:51:43,737 [INFO] Align: EPOCH[89] -> PLCC: 0.806536, SROCC: 0.638443, KROCC: 0.465906, LOSS: 0.348482
2026-08-20 01:51:43,738 [INFO] Start training
2026-08-20 01:51:44,072 [INFO] Start training epoch 90, 74 iters per inner epoch.
2026-08-20 01:52:05,915 [INFO] Averaged stats: lr: 0.000001  loss: 0.019368
2026-08-20 01:52:06,018 [INFO] local gates: {"epoch": 90, "outer_gate": 0.1212, "refine_gate": 0.2721}
2026-08-20 01:52:06,018 [INFO] Evaluating on val.
Train: data epoch: [90]  [ 0/74]  eta: 0:01:19  lr: 0.000001  loss: 0.0161  time: 1.0808  data: 0.0001  max mem: 10049
Train: data epoch: [90]  [20/74]  eta: 0:00:17  lr: 0.000001  loss: 0.0175  time: 0.2867  data: 0.0000  max mem: 10049
Train: data epoch: [90]  [40/74]  eta: 0:00:10  lr: 0.000001  loss: 0.0147  time: 0.2832  data: 0.0000  max mem: 10049
Train: data epoch: [90]  [60/74]  eta: 0:00:04  lr: 0.000001  loss: 0.0212  time: 0.2824  data: 0.0000  max mem: 10049
Train: data epoch: [90]  [73/74]  eta: 0:00:00  lr: 0.000001  loss: 0.0126  time: 0.2841  data: 0.0000  max mem: 10049
Train: data epoch: [90] Total time: 0:00:21 (0.2952 s / it)
2026-08-20 01:52:10,506 [INFO] Qual: EPOCH[90] -> PLCC: 0.884079, SROCC: 0.822755, KROCC: 0.638708, LOSS: 0.219778
2026-08-20 01:52:10,506 [INFO] Align: EPOCH[90] -> PLCC: 0.802508, SROCC: 0.634332, KROCC: 0.461728, LOSS: 0.351501
2026-08-20 01:52:10,518 [INFO] Saving checkpoint at epoch 90 to ../run/20260820011_A1_ms/checkpoint_latest.pth.
2026-08-20 01:52:11,956 [INFO] Start training
2026-08-20 01:52:12,286 [INFO] Start training epoch 91, 74 iters per inner epoch.
2026-08-20 01:52:33,851 [INFO] Averaged stats: lr: 0.000001  loss: 0.018527
2026-08-20 01:52:33,934 [INFO] local gates: {"epoch": 91, "outer_gate": 0.1213, "refine_gate": 0.2721}
2026-08-20 01:52:33,935 [INFO] Evaluating on val.
Train: data epoch: [91]  [ 0/74]  eta: 0:01:02  lr: 0.000001  loss: 0.0119  time: 0.8478  data: 0.0001  max mem: 10049
Train: data epoch: [91]  [20/74]  eta: 0:00:16  lr: 0.000001  loss: 0.0195  time: 0.2866  data: 0.0000  max mem: 10049
Train: data epoch: [91]  [40/74]  eta: 0:00:10  lr: 0.000001  loss: 0.0151  time: 0.2835  data: 0.0000  max mem: 10049
Train: data epoch: [91]  [60/74]  eta: 0:00:04  lr: 0.000001  loss: 0.0249  time: 0.2826  data: 0.0000  max mem: 10049
Train: data epoch: [91]  [73/74]  eta: 0:00:00  lr: 0.000001  loss: 0.0149  time: 0.2817  data: 0.0000  max mem: 10049
Train: data epoch: [91] Total time: 0:00:21 (0.2914 s / it)
2026-08-20 01:52:38,218 [INFO] Qual: EPOCH[91] -> PLCC: 0.885161, SROCC: 0.823207, KROCC: 0.638764, LOSS: 0.214016
2026-08-20 01:52:38,219 [INFO] Align: EPOCH[91] -> PLCC: 0.806490, SROCC: 0.638245, KROCC: 0.466285, LOSS: 0.352846
2026-08-20 01:52:38,219 [INFO] Start training
2026-08-20 01:52:38,560 [INFO] Start training epoch 92, 74 iters per inner epoch.
2026-08-20 01:52:59,748 [INFO] Averaged stats: lr: 0.000001  loss: 0.018994
2026-08-20 01:52:59,852 [INFO] local gates: {"epoch": 92, "outer_gate": 0.1213, "refine_gate": 0.2721}
2026-08-20 01:52:59,853 [INFO] Evaluating on val.
Train: data epoch: [92]  [ 0/74]  eta: 0:00:37  lr: 0.000001  loss: 0.0180  time: 0.5073  data: 0.0001  max mem: 10049
Train: data epoch: [92]  [20/74]  eta: 0:00:15  lr: 0.000001  loss: 0.0272  time: 0.2845  data: 0.0000  max mem: 10049
Train: data epoch: [92]  [40/74]  eta: 0:00:09  lr: 0.000001  loss: 0.0180  time: 0.2830  data: 0.0000  max mem: 10049
Train: data epoch: [92]  [60/74]  eta: 0:00:04  lr: 0.000001  loss: 0.0114  time: 0.2829  data: 0.0000  max mem: 10049
Train: data epoch: [92]  [73/74]  eta: 0:00:00  lr: 0.000001  loss: 0.0126  time: 0.2822  data: 0.0000  max mem: 10049
Train: data epoch: [92] Total time: 0:00:21 (0.2863 s / it)
2026-08-20 01:53:04,312 [INFO] Qual: EPOCH[92] -> PLCC: 0.885387, SROCC: 0.823974, KROCC: 0.640630, LOSS: 0.213855
2026-08-20 01:53:04,312 [INFO] Align: EPOCH[92] -> PLCC: 0.806418, SROCC: 0.638490, KROCC: 0.465917, LOSS: 0.342644
2026-08-20 01:53:04,313 [INFO] Start training
2026-08-20 01:53:04,653 [INFO] Start training epoch 93, 74 iters per inner epoch.
2026-08-20 01:53:26,352 [INFO] Averaged stats: lr: 0.000001  loss: 0.019563
2026-08-20 01:53:26,476 [INFO] local gates: {"epoch": 93, "outer_gate": 0.1213, "refine_gate": 0.2721}
2026-08-20 01:53:26,477 [INFO] Evaluating on val.
Train: data epoch: [93]  [ 0/74]  eta: 0:01:13  lr: 0.000001  loss: 0.0235  time: 0.9924  data: 0.0001  max mem: 10049
Train: data epoch: [93]  [20/74]  eta: 0:00:17  lr: 0.000001  loss: 0.0230  time: 0.2838  data: 0.0000  max mem: 10049
Train: data epoch: [93]  [40/74]  eta: 0:00:10  lr: 0.000001  loss: 0.0352  time: 0.2846  data: 0.0000  max mem: 10049
Train: data epoch: [93]  [60/74]  eta: 0:00:04  lr: 0.000001  loss: 0.0255  time: 0.2831  data: 0.0000  max mem: 10049
Train: data epoch: [93]  [73/74]  eta: 0:00:00  lr: 0.000001  loss: 0.0143  time: 0.2824  data: 0.0000  max mem: 10049
Train: data epoch: [93] Total time: 0:00:21 (0.2932 s / it)
2026-08-20 01:53:30,852 [INFO] Qual: EPOCH[93] -> PLCC: 0.883826, SROCC: 0.822812, KROCC: 0.638887, LOSS: 0.220941
2026-08-20 01:53:30,852 [INFO] Align: EPOCH[93] -> PLCC: 0.802978, SROCC: 0.632719, KROCC: 0.460443, LOSS: 0.356169
2026-08-20 01:53:30,853 [INFO] Start training
2026-08-20 01:53:31,190 [INFO] Start training epoch 94, 74 iters per inner epoch.
2026-08-20 01:53:53,044 [INFO] Averaged stats: lr: 0.000001  loss: 0.019512
2026-08-20 01:53:53,126 [INFO] local gates: {"epoch": 94, "outer_gate": 0.1213, "refine_gate": 0.2721}
2026-08-20 01:53:53,126 [INFO] Evaluating on val.
Train: data epoch: [94]  [ 0/74]  eta: 0:01:28  lr: 0.000001  loss: 0.0139  time: 1.1960  data: 0.0001  max mem: 10049
Train: data epoch: [94]  [20/74]  eta: 0:00:17  lr: 0.000001  loss: 0.0199  time: 0.2853  data: 0.0000  max mem: 10049
Train: data epoch: [94]  [40/74]  eta: 0:00:10  lr: 0.000001  loss: 0.0171  time: 0.2830  data: 0.0000  max mem: 10049
Train: data epoch: [94]  [60/74]  eta: 0:00:04  lr: 0.000001  loss: 0.0178  time: 0.2814  data: 0.0000  max mem: 10049
Train: data epoch: [94]  [73/74]  eta: 0:00:00  lr: 0.000001  loss: 0.0161  time: 0.2811  data: 0.0000  max mem: 10049
Train: data epoch: [94] Total time: 0:00:21 (0.2953 s / it)
2026-08-20 01:53:57,678 [INFO] Qual: EPOCH[94] -> PLCC: 0.885050, SROCC: 0.822480, KROCC: 0.638999, LOSS: 0.217834
2026-08-20 01:53:57,678 [INFO] Align: EPOCH[94] -> PLCC: 0.804265, SROCC: 0.630324, KROCC: 0.458846, LOSS: 0.353815
2026-08-20 01:53:57,679 [INFO] Start training
2026-08-20 01:53:58,035 [INFO] Start training epoch 95, 74 iters per inner epoch.
2026-08-20 01:54:19,981 [INFO] Averaged stats: lr: 0.000001  loss: 0.017548
2026-08-20 01:54:20,091 [INFO] local gates: {"epoch": 95, "outer_gate": 0.1213, "refine_gate": 0.2721}
2026-08-20 01:54:20,091 [INFO] Evaluating on val.
Train: data epoch: [95]  [ 0/74]  eta: 0:01:37  lr: 0.000001  loss: 0.0229  time: 1.3181  data: 0.0001  max mem: 10049
Train: data epoch: [95]  [20/74]  eta: 0:00:18  lr: 0.000001  loss: 0.0275  time: 0.2842  data: 0.0000  max mem: 10049
Train: data epoch: [95]  [40/74]  eta: 0:00:10  lr: 0.000001  loss: 0.0136  time: 0.2824  data: 0.0000  max mem: 10049
Train: data epoch: [95]  [60/74]  eta: 0:00:04  lr: 0.000001  loss: 0.0166  time: 0.2821  data: 0.0000  max mem: 10049
Train: data epoch: [95]  [73/74]  eta: 0:00:00  lr: 0.000001  loss: 0.0092  time: 0.2807  data: 0.0000  max mem: 10049
Train: data epoch: [95] Total time: 0:00:21 (0.2966 s / it)
2026-08-20 01:54:24,330 [INFO] Qual: EPOCH[95] -> PLCC: 0.883776, SROCC: 0.821400, KROCC: 0.637390, LOSS: 0.221771
2026-08-20 01:54:24,330 [INFO] Align: EPOCH[95] -> PLCC: 0.803233, SROCC: 0.632776, KROCC: 0.461739, LOSS: 0.357452
2026-08-20 01:54:24,342 [INFO] Saving checkpoint at epoch 95 to ../run/20260820011_A1_ms/checkpoint_latest.pth.
2026-08-20 01:54:26,565 [INFO] Start training
2026-08-20 01:54:26,930 [INFO] Start training epoch 96, 74 iters per inner epoch.
2026-08-20 01:54:48,849 [INFO] Averaged stats: lr: 0.000001  loss: 0.019192
2026-08-20 01:54:48,935 [INFO] local gates: {"epoch": 96, "outer_gate": 0.1213, "refine_gate": 0.2721}
2026-08-20 01:54:48,935 [INFO] Evaluating on val.
Train: data epoch: [96]  [ 0/74]  eta: 0:01:35  lr: 0.000001  loss: 0.0177  time: 1.2863  data: 0.0001  max mem: 10049
Train: data epoch: [96]  [20/74]  eta: 0:00:17  lr: 0.000001  loss: 0.0177  time: 0.2841  data: 0.0000  max mem: 10049
Train: data epoch: [96]  [40/74]  eta: 0:00:10  lr: 0.000001  loss: 0.0229  time: 0.2832  data: 0.0000  max mem: 10049
Train: data epoch: [96]  [60/74]  eta: 0:00:04  lr: 0.000001  loss: 0.0267  time: 0.2816  data: 0.0000  max mem: 10049
Train: data epoch: [96]  [73/74]  eta: 0:00:00  lr: 0.000001  loss: 0.0242  time: 0.2809  data: 0.0000  max mem: 10049
Train: data epoch: [96] Total time: 0:00:21 (0.2962 s / it)
2026-08-20 01:54:53,349 [INFO] Qual: EPOCH[96] -> PLCC: 0.883534, SROCC: 0.821417, KROCC: 0.637178, LOSS: 0.223746
2026-08-20 01:54:53,349 [INFO] Align: EPOCH[96] -> PLCC: 0.806071, SROCC: 0.638659, KROCC: 0.466174, LOSS: 0.348640
2026-08-20 01:54:53,350 [INFO] Start training
2026-08-20 01:54:53,688 [INFO] Start training epoch 97, 74 iters per inner epoch.
2026-08-20 01:55:15,546 [INFO] Averaged stats: lr: 0.000001  loss: 0.018340
2026-08-20 01:55:15,675 [INFO] local gates: {"epoch": 97, "outer_gate": 0.1213, "refine_gate": 0.2721}
2026-08-20 01:55:15,676 [INFO] Evaluating on val.
Train: data epoch: [97]  [ 0/74]  eta: 0:01:20  lr: 0.000001  loss: 0.0133  time: 1.0822  data: 0.0001  max mem: 10049
Train: data epoch: [97]  [20/74]  eta: 0:00:17  lr: 0.000001  loss: 0.0154  time: 0.2869  data: 0.0000  max mem: 10049
Train: data epoch: [97]  [40/74]  eta: 0:00:10  lr: 0.000001  loss: 0.0163  time: 0.2852  data: 0.0000  max mem: 10049
Train: data epoch: [97]  [60/74]  eta: 0:00:04  lr: 0.000001  loss: 0.0231  time: 0.2834  data: 0.0000  max mem: 10049
Train: data epoch: [97]  [73/74]  eta: 0:00:00  lr: 0.000001  loss: 0.0163  time: 0.2817  data: 0.0000  max mem: 10049
Train: data epoch: [97] Total time: 0:00:21 (0.2954 s / it)
2026-08-20 01:55:19,998 [INFO] Qual: EPOCH[97] -> PLCC: 0.884196, SROCC: 0.821951, KROCC: 0.638183, LOSS: 0.221959
2026-08-20 01:55:19,998 [INFO] Align: EPOCH[97] -> PLCC: 0.808680, SROCC: 0.640600, KROCC: 0.468061, LOSS: 0.346012
2026-08-20 01:55:19,999 [INFO] Start training
2026-08-20 01:55:20,303 [INFO] Start training epoch 98, 74 iters per inner epoch.
2026-08-20 01:55:41,868 [INFO] Averaged stats: lr: 0.000001  loss: 0.019766
2026-08-20 01:55:41,949 [INFO] local gates: {"epoch": 98, "outer_gate": 0.1213, "refine_gate": 0.2721}
2026-08-20 01:55:41,949 [INFO] Evaluating on val.
Train: data epoch: [98]  [ 0/74]  eta: 0:01:06  lr: 0.000001  loss: 0.0198  time: 0.8956  data: 0.0001  max mem: 10049
Train: data epoch: [98]  [20/74]  eta: 0:00:16  lr: 0.000001  loss: 0.0122  time: 0.2836  data: 0.0000  max mem: 10049
Train: data epoch: [98]  [40/74]  eta: 0:00:10  lr: 0.000001  loss: 0.0122  time: 0.2837  data: 0.0000  max mem: 10049
Train: data epoch: [98]  [60/74]  eta: 0:00:04  lr: 0.000001  loss: 0.0241  time: 0.2833  data: 0.0000  max mem: 10049
Train: data epoch: [98]  [73/74]  eta: 0:00:00  lr: 0.000001  loss: 0.0247  time: 0.2810  data: 0.0000  max mem: 10049
Train: data epoch: [98] Total time: 0:00:21 (0.2914 s / it)
2026-08-20 01:55:46,100 [INFO] Qual: EPOCH[98] -> PLCC: 0.885311, SROCC: 0.823288, KROCC: 0.639244, LOSS: 0.214374
2026-08-20 01:55:46,100 [INFO] Align: EPOCH[98] -> PLCC: 0.807446, SROCC: 0.638727, KROCC: 0.466118, LOSS: 0.341869
2026-08-20 01:55:46,101 [INFO] Start training
2026-08-20 01:55:46,456 [INFO] Start training epoch 99, 74 iters per inner epoch.
2026-08-20 01:56:08,142 [INFO] Averaged stats: lr: 0.000001  loss: 0.019424
2026-08-20 01:56:08,238 [INFO] local gates: {"epoch": 99, "outer_gate": 0.1213, "refine_gate": 0.2721}
2026-08-20 01:56:08,238 [INFO] Evaluating on val.
Train: data epoch: [99]  [ 0/74]  eta: 0:01:25  lr: 0.000001  loss: 0.0227  time: 1.1524  data: 0.0001  max mem: 10049
Train: data epoch: [99]  [20/74]  eta: 0:00:17  lr: 0.000001  loss: 0.0176  time: 0.2836  data: 0.0000  max mem: 10049
Train: data epoch: [99]  [40/74]  eta: 0:00:10  lr: 0.000001  loss: 0.0268  time: 0.2808  data: 0.0000  max mem: 10049
Train: data epoch: [99]  [60/74]  eta: 0:00:04  lr: 0.000001  loss: 0.0151  time: 0.2799  data: 0.0000  max mem: 10049
Train: data epoch: [99]  [73/74]  eta: 0:00:00  lr: 0.000001  loss: 0.0302  time: 0.2799  data: 0.0000  max mem: 10049
Train: data epoch: [99] Total time: 0:00:21 (0.2930 s / it)
2026-08-20 01:56:12,595 [INFO] Qual: EPOCH[99] -> PLCC: 0.883019, SROCC: 0.822697, KROCC: 0.639066, LOSS: 0.225591
2026-08-20 01:56:12,595 [INFO] Align: EPOCH[99] -> PLCC: 0.806564, SROCC: 0.638541, KROCC: 0.465626, LOSS: 0.350230
2026-08-20 01:56:12,607 [INFO] Saving checkpoint at epoch 99 to ../run/20260820011_A1_ms/checkpoint_latest.pth.
[{'agg_metrics': np.float64(4.238329103784436), 'qual_agg': np.float64(2.355492364671922), 'qual_PLCC': np.float64(0.8858482171107123), 'qual_SROCC': np.float64(0.8268809205120967), 'qual_KROCC': np.float64(0.6427632270491126), 'align_agg': np.float64(1.8828367391125145), 'align_PLCC': np.float64(0.8000070219765933), 'align_SROCC': np.float64(0.6268991306826742), 'align_KROCC': np.float64(0.45593058645324686)}]
{'agg_metrics': np.float64(4.238329103784436), 'qual_agg': np.float64(2.355492364671922), 'qual_PLCC': np.float64(0.8858482171107123), 'qual_SROCC': np.float64(0.8268809205120967), 'qual_KROCC': np.float64(0.6427632270491126), 'align_agg': np.float64(1.8828367391125145), 'align_PLCC': np.float64(0.8000070219765933), 'align_SROCC': np.float64(0.6268991306826742), 'align_KROCC': np.float64(0.45593058645324686)}
2026-08-20 01:57:23,785 [INFO] Start training
2026-08-20 01:57:24,030 [INFO] number of trainable parameters: 84206213
Not using distributed mode
['ipiqa']
Position interpolate from 7x7 to 16x16
Freezing <class 'clip.model.Transformer'> ...
use qa-token, unfreeze wte ...
Freezing <class 'clip.model.LayerNorm'> ...
Freezing <class 'torch.nn.parameter.Parameter'> ...
Freezing <class 'torch.nn.parameter.Parameter'> ...
use_local_branch: True (GatedLocalFusion injected, branch_type=msda)
head scale: 10.0
2026-08-20 01:57:24,539 [INFO] Start training epoch 0, 74 iters per inner epoch.
2026-08-20 01:57:49,182 [INFO] Averaged stats: lr: 0.000005  loss: 2.994205
2026-08-20 01:57:49,297 [INFO] local gates: {"epoch": 0, "outer_gate": 0.1191, "refine_gate": 0.2691}
2026-08-20 01:57:49,298 [INFO] Evaluating on val.
Train: data epoch: [0]  [ 0/74]  eta: 0:04:22  lr: 0.000000  loss: 6.4443  time: 3.5420  data: 0.0001  max mem: 9619
Train: data epoch: [0]  [20/74]  eta: 0:00:24  lr: 0.000003  loss: 4.4043  time: 0.2945  data: 0.0000  max mem: 10267
Train: data epoch: [0]  [40/74]  eta: 0:00:12  lr: 0.000005  loss: 1.1158  time: 0.2891  data: 0.0000  max mem: 10267
Train: data epoch: [0]  [60/74]  eta: 0:00:04  lr: 0.000008  loss: 0.6896  time: 0.2878  data: 0.0000  max mem: 10267
Train: data epoch: [0]  [73/74]  eta: 0:00:00  lr: 0.000010  loss: 0.4498  time: 0.2835  data: 0.0000  max mem: 10267
Train: data epoch: [0] Total time: 0:00:24 (0.3330 s / it)
2026-08-20 01:57:53,796 [INFO] Qual: EPOCH[0] -> PLCC: 0.757482, SROCC: 0.699574, KROCC: 0.504056, LOSS: 0.771883
2026-08-20 01:57:53,796 [INFO] Align: EPOCH[0] -> PLCC: 0.665827, SROCC: 0.564541, KROCC: 0.387826, LOSS: 0.688430
2026-08-20 01:57:53,808 [INFO] Saving checkpoint at epoch 0 to ../run/20260820015_A2_ms_da/checkpoint_best.pth.
2026-08-20 01:57:54,972 [INFO] Start training
2026-08-20 01:57:55,280 [INFO] Start training epoch 1, 74 iters per inner epoch.
2026-08-20 01:58:17,574 [INFO] Averaged stats: lr: 0.000010  loss: 0.410945
2026-08-20 01:58:17,697 [INFO] local gates: {"epoch": 1, "outer_gate": 0.1192, "refine_gate": 0.269}
2026-08-20 01:58:17,697 [INFO] Evaluating on val.
Train: data epoch: [1]  [ 0/74]  eta: 0:01:40  lr: 0.000010  loss: 0.4251  time: 1.3600  data: 0.0001  max mem: 10267
Train: data epoch: [1]  [20/74]  eta: 0:00:18  lr: 0.000010  loss: 0.3812  time: 0.2870  data: 0.0000  max mem: 10267
Train: data epoch: [1]  [40/74]  eta: 0:00:10  lr: 0.000010  loss: 0.3450  time: 0.2870  data: 0.0000  max mem: 10267
Train: data epoch: [1]  [60/74]  eta: 0:00:04  lr: 0.000010  loss: 0.4171  time: 0.2865  data: 0.0000  max mem: 10267
Train: data epoch: [1]  [73/74]  eta: 0:00:00  lr: 0.000010  loss: 0.3091  time: 0.2861  data: 0.0000  max mem: 10267
Train: data epoch: [1] Total time: 0:00:22 (0.3013 s / it)
2026-08-20 01:58:22,072 [INFO] Qual: EPOCH[1] -> PLCC: 0.844874, SROCC: 0.773927, KROCC: 0.580810, LOSS: 0.304488
2026-08-20 01:58:22,072 [INFO] Align: EPOCH[1] -> PLCC: 0.773596, SROCC: 0.622828, KROCC: 0.445498, LOSS: 0.425126
2026-08-20 01:58:22,085 [INFO] Saving checkpoint at epoch 1 to ../run/20260820015_A2_ms_da/checkpoint_best.pth.
2026-08-20 01:58:24,141 [INFO] Start training
2026-08-20 01:58:24,491 [INFO] Start training epoch 2, 74 iters per inner epoch.
2026-08-20 01:58:46,594 [INFO] Averaged stats: lr: 0.000010  loss: 0.305859
2026-08-20 01:58:46,692 [INFO] local gates: {"epoch": 2, "outer_gate": 0.1192, "refine_gate": 0.269}
2026-08-20 01:58:46,692 [INFO] Evaluating on val.
Train: data epoch: [2]  [ 0/74]  eta: 0:01:29  lr: 0.000010  loss: 0.2102  time: 1.2155  data: 0.0001  max mem: 10267
Train: data epoch: [2]  [20/74]  eta: 0:00:17  lr: 0.000010  loss: 0.2241  time: 0.2864  data: 0.0000  max mem: 10267
Train: data epoch: [2]  [40/74]  eta: 0:00:10  lr: 0.000010  loss: 0.3075  time: 0.2864  data: 0.0000  max mem: 10267
Train: data epoch: [2]  [60/74]  eta: 0:00:04  lr: 0.000010  loss: 0.3245  time: 0.2857  data: 0.0000  max mem: 10267
Train: data epoch: [2]  [73/74]  eta: 0:00:00  lr: 0.000010  loss: 0.3472  time: 0.2854  data: 0.0000  max mem: 10267
Train: data epoch: [2] Total time: 0:00:22 (0.2987 s / it)
2026-08-20 01:58:51,001 [INFO] Qual: EPOCH[2] -> PLCC: 0.864636, SROCC: 0.798683, KROCC: 0.606503, LOSS: 0.339152
2026-08-20 01:58:51,001 [INFO] Align: EPOCH[2] -> PLCC: 0.801427, SROCC: 0.641274, KROCC: 0.462890, LOSS: 0.489271
2026-08-20 01:58:51,014 [INFO] Saving checkpoint at epoch 2 to ../run/20260820015_A2_ms_da/checkpoint_best.pth.
2026-08-20 01:58:53,267 [INFO] Start training
2026-08-20 01:58:53,618 [INFO] Start training epoch 3, 74 iters per inner epoch.
2026-08-20 01:59:15,393 [INFO] Averaged stats: lr: 0.000010  loss: 0.266197
2026-08-20 01:59:15,498 [INFO] local gates: {"epoch": 3, "outer_gate": 0.1192, "refine_gate": 0.2691}
2026-08-20 01:59:15,498 [INFO] Evaluating on val.
Train: data epoch: [3]  [ 0/74]  eta: 0:01:14  lr: 0.000010  loss: 0.2205  time: 1.0023  data: 0.0001  max mem: 10267
Train: data epoch: [3]  [20/74]  eta: 0:00:17  lr: 0.000010  loss: 0.2774  time: 0.2884  data: 0.0000  max mem: 10267
Train: data epoch: [3]  [40/74]  eta: 0:00:10  lr: 0.000010  loss: 0.1479  time: 0.2873  data: 0.0000  max mem: 10267
Train: data epoch: [3]  [60/74]  eta: 0:00:04  lr: 0.000010  loss: 0.3297  time: 0.2810  data: 0.0000  max mem: 10267
Train: data epoch: [3]  [73/74]  eta: 0:00:00  lr: 0.000010  loss: 0.2186  time: 0.2794  data: 0.0000  max mem: 10267
Train: data epoch: [3] Total time: 0:00:21 (0.2942 s / it)
2026-08-20 01:59:19,720 [INFO] Qual: EPOCH[3] -> PLCC: 0.867440, SROCC: 0.803004, KROCC: 0.612144, LOSS: 0.253676
2026-08-20 01:59:19,721 [INFO] Align: EPOCH[3] -> PLCC: 0.807132, SROCC: 0.645374, KROCC: 0.466989, LOSS: 0.351132
2026-08-20 01:59:19,733 [INFO] Saving checkpoint at epoch 3 to ../run/20260820015_A2_ms_da/checkpoint_best.pth.
2026-08-20 01:59:22,036 [INFO] Start training
2026-08-20 01:59:22,388 [INFO] Start training epoch 4, 74 iters per inner epoch.
2026-08-20 01:59:44,691 [INFO] Averaged stats: lr: 0.000010  loss: 0.228451
2026-08-20 01:59:44,803 [INFO] local gates: {"epoch": 4, "outer_gate": 0.1192, "refine_gate": 0.2691}
2026-08-20 01:59:44,803 [INFO] Evaluating on val.
Train: data epoch: [4]  [ 0/74]  eta: 0:01:34  lr: 0.000010  loss: 0.1482  time: 1.2806  data: 0.0001  max mem: 10267
Train: data epoch: [4]  [20/74]  eta: 0:00:18  lr: 0.000010  loss: 0.2106  time: 0.2869  data: 0.0000  max mem: 10267
Train: data epoch: [4]  [40/74]  eta: 0:00:10  lr: 0.000010  loss: 0.2137  time: 0.2885  data: 0.0000  max mem: 10267
Train: data epoch: [4]  [60/74]  eta: 0:00:04  lr: 0.000010  loss: 0.2202  time: 0.2865  data: 0.0000  max mem: 10267
Train: data epoch: [4]  [73/74]  eta: 0:00:00  lr: 0.000010  loss: 0.2550  time: 0.2890  data: 0.0000  max mem: 10267
Train: data epoch: [4] Total time: 0:00:22 (0.3014 s / it)
2026-08-20 01:59:49,245 [INFO] Qual: EPOCH[4] -> PLCC: 0.868346, SROCC: 0.805772, KROCC: 0.615976, LOSS: 0.270023
2026-08-20 01:59:49,245 [INFO] Align: EPOCH[4] -> PLCC: 0.809131, SROCC: 0.644730, KROCC: 0.467447, LOSS: 0.389528
2026-08-20 01:59:49,259 [INFO] Saving checkpoint at epoch 4 to ../run/20260820015_A2_ms_da/checkpoint_best.pth.
2026-08-20 01:59:51,315 [INFO] Start training
2026-08-20 01:59:51,678 [INFO] Start training epoch 5, 74 iters per inner epoch.
2026-08-20 02:00:13,751 [INFO] Averaged stats: lr: 0.000010  loss: 0.214642
2026-08-20 02:00:13,854 [INFO] local gates: {"epoch": 5, "outer_gate": 0.1192, "refine_gate": 0.2691}
2026-08-20 02:00:13,854 [INFO] Evaluating on val.
Train: data epoch: [5]  [ 0/74]  eta: 0:01:16  lr: 0.000010  loss: 0.1899  time: 1.0286  data: 0.0001  max mem: 10267
Train: data epoch: [5]  [20/74]  eta: 0:00:17  lr: 0.000010  loss: 0.2553  time: 0.2927  data: 0.0000  max mem: 10267
Train: data epoch: [5]  [40/74]  eta: 0:00:10  lr: 0.000010  loss: 0.2614  time: 0.2882  data: 0.0000  max mem: 10267
Train: data epoch: [5]  [60/74]  eta: 0:00:04  lr: 0.000010  loss: 0.3615  time: 0.2858  data: 0.0000  max mem: 10267
Train: data epoch: [5]  [73/74]  eta: 0:00:00  lr: 0.000010  loss: 0.1748  time: 0.2848  data: 0.0000  max mem: 10267
Train: data epoch: [5] Total time: 0:00:22 (0.2983 s / it)
2026-08-20 02:00:18,303 [INFO] Qual: EPOCH[5] -> PLCC: 0.866972, SROCC: 0.797441, KROCC: 0.608112, LOSS: 0.262809
2026-08-20 02:00:18,303 [INFO] Align: EPOCH[5] -> PLCC: 0.801363, SROCC: 0.637740, KROCC: 0.462052, LOSS: 0.429777
2026-08-20 02:00:18,313 [INFO] Saving checkpoint at epoch 5 to ../run/20260820015_A2_ms_da/checkpoint_latest.pth.
2026-08-20 02:00:19,395 [INFO] Start training
2026-08-20 02:00:19,690 [INFO] Start training epoch 6, 74 iters per inner epoch.
2026-08-20 02:00:41,586 [INFO] Averaged stats: lr: 0.000010  loss: 0.195528
2026-08-20 02:00:41,695 [INFO] local gates: {"epoch": 6, "outer_gate": 0.1192, "refine_gate": 0.2692}
2026-08-20 02:00:41,695 [INFO] Evaluating on val.
Train: data epoch: [6]  [ 0/74]  eta: 0:01:16  lr: 0.000010  loss: 0.1480  time: 1.0402  data: 0.0001  max mem: 10267
Train: data epoch: [6]  [20/74]  eta: 0:00:17  lr: 0.000010  loss: 0.2644  time: 0.2880  data: 0.0000  max mem: 10267
Train: data epoch: [6]  [40/74]  eta: 0:00:10  lr: 0.000010  loss: 0.2487  time: 0.2856  data: 0.0000  max mem: 10267
Train: data epoch: [6]  [60/74]  eta: 0:00:04  lr: 0.000010  loss: 0.3651  time: 0.2843  data: 0.0000  max mem: 10267
Train: data epoch: [6]  [73/74]  eta: 0:00:00  lr: 0.000010  loss: 0.2192  time: 0.2839  data: 0.0000  max mem: 10267
Train: data epoch: [6] Total time: 0:00:21 (0.2959 s / it)
2026-08-20 02:00:46,035 [INFO] Qual: EPOCH[6] -> PLCC: 0.872252, SROCC: 0.810734, KROCC: 0.621729, LOSS: 0.265261
2026-08-20 02:00:46,035 [INFO] Align: EPOCH[6] -> PLCC: 0.811810, SROCC: 0.646005, KROCC: 0.469994, LOSS: 0.366364
2026-08-20 02:00:46,046 [INFO] Saving checkpoint at epoch 6 to ../run/20260820015_A2_ms_da/checkpoint_best.pth.
2026-08-20 02:00:47,924 [INFO] Start training
2026-08-20 02:00:48,276 [INFO] Start training epoch 7, 74 iters per inner epoch.
2026-08-20 02:01:10,392 [INFO] Averaged stats: lr: 0.000010  loss: 0.179260
2026-08-20 02:01:10,497 [INFO] local gates: {"epoch": 7, "outer_gate": 0.1192, "refine_gate": 0.2692}
2026-08-20 02:01:10,497 [INFO] Evaluating on val.
Train: data epoch: [7]  [ 0/74]  eta: 0:01:30  lr: 0.000010  loss: 0.1293  time: 1.2245  data: 0.0001  max mem: 10267
Train: data epoch: [7]  [20/74]  eta: 0:00:17  lr: 0.000010  loss: 0.2233  time: 0.2879  data: 0.0000  max mem: 10267
Train: data epoch: [7]  [40/74]  eta: 0:00:10  lr: 0.000010  loss: 0.1842  time: 0.2859  data: 0.0000  max mem: 10267
Train: data epoch: [7]  [60/74]  eta: 0:00:04  lr: 0.000010  loss: 0.0885  time: 0.2854  data: 0.0000  max mem: 10267
Train: data epoch: [7]  [73/74]  eta: 0:00:00  lr: 0.000010  loss: 0.1683  time: 0.2848  data: 0.0000  max mem: 10267
Train: data epoch: [7] Total time: 0:00:22 (0.2989 s / it)
2026-08-20 02:01:14,822 [INFO] Qual: EPOCH[7] -> PLCC: 0.873137, SROCC: 0.811982, KROCC: 0.623237, LOSS: 0.246290
2026-08-20 02:01:14,823 [INFO] Align: EPOCH[7] -> PLCC: 0.802069, SROCC: 0.647231, KROCC: 0.472429, LOSS: 0.378842
2026-08-20 02:01:14,837 [INFO] Saving checkpoint at epoch 7 to ../run/20260820015_A2_ms_da/checkpoint_best.pth.
2026-08-20 02:01:16,778 [INFO] Start training
2026-08-20 02:01:17,115 [INFO] Start training epoch 8, 74 iters per inner epoch.
2026-08-20 02:01:38,920 [INFO] Averaged stats: lr: 0.000010  loss: 0.148944
2026-08-20 02:01:39,014 [INFO] local gates: {"epoch": 8, "outer_gate": 0.1192, "refine_gate": 0.2692}
2026-08-20 02:01:39,014 [INFO] Evaluating on val.
Train: data epoch: [8]  [ 0/74]  eta: 0:01:08  lr: 0.000010  loss: 0.1869  time: 0.9218  data: 0.0001  max mem: 10267
Train: data epoch: [8]  [20/74]  eta: 0:00:16  lr: 0.000010  loss: 0.1664  time: 0.2842  data: 0.0000  max mem: 10267
Train: data epoch: [8]  [40/74]  eta: 0:00:10  lr: 0.000010  loss: 0.1248  time: 0.2886  data: 0.0000  max mem: 10267
Train: data epoch: [8]  [60/74]  eta: 0:00:04  lr: 0.000010  loss: 0.1316  time: 0.2863  data: 0.0000  max mem: 10267
Train: data epoch: [8]  [73/74]  eta: 0:00:00  lr: 0.000010  loss: 0.1390  time: 0.2846  data: 0.0000  max mem: 10267
Train: data epoch: [8] Total time: 0:00:21 (0.2947 s / it)
2026-08-20 02:01:43,242 [INFO] Qual: EPOCH[8] -> PLCC: 0.876946, SROCC: 0.811685, KROCC: 0.623561, LOSS: 0.309348
2026-08-20 02:01:43,242 [INFO] Align: EPOCH[8] -> PLCC: 0.806489, SROCC: 0.635440, KROCC: 0.462063, LOSS: 0.403192
2026-08-20 02:01:43,252 [INFO] Saving checkpoint at epoch 8 to ../run/20260820015_A2_ms_da/checkpoint_best.pth.
2026-08-20 02:01:44,816 [INFO] Start training
2026-08-20 02:01:45,160 [INFO] Start training epoch 9, 74 iters per inner epoch.
2026-08-20 02:02:07,330 [INFO] Averaged stats: lr: 0.000010  loss: 0.143011
2026-08-20 02:02:07,434 [INFO] local gates: {"epoch": 9, "outer_gate": 0.1193, "refine_gate": 0.2692}
2026-08-20 02:02:07,434 [INFO] Evaluating on val.
Train: data epoch: [9]  [ 0/74]  eta: 0:01:11  lr: 0.000010  loss: 0.1481  time: 0.9596  data: 0.0001  max mem: 10267
Train: data epoch: [9]  [20/74]  eta: 0:00:17  lr: 0.000010  loss: 0.1303  time: 0.2883  data: 0.0000  max mem: 10267
Train: data epoch: [9]  [40/74]  eta: 0:00:10  lr: 0.000010  loss: 0.1934  time: 0.2946  data: 0.0000  max mem: 10267
Train: data epoch: [9]  [60/74]  eta: 0:00:04  lr: 0.000010  loss: 0.0862  time: 0.2904  data: 0.0000  max mem: 10267
Train: data epoch: [9]  [73/74]  eta: 0:00:00  lr: 0.000010  loss: 0.1615  time: 0.2880  data: 0.0000  max mem: 10267
Train: data epoch: [9] Total time: 0:00:22 (0.2996 s / it)
2026-08-20 02:02:11,703 [INFO] Qual: EPOCH[9] -> PLCC: 0.868755, SROCC: 0.810126, KROCC: 0.623047, LOSS: 0.256350
2026-08-20 02:02:11,703 [INFO] Align: EPOCH[9] -> PLCC: 0.798052, SROCC: 0.649014, KROCC: 0.473434, LOSS: 0.366458
2026-08-20 02:02:11,704 [INFO] Start training
2026-08-20 02:02:11,988 [INFO] Start training epoch 10, 74 iters per inner epoch.
2026-08-20 02:02:33,678 [INFO] Averaged stats: lr: 0.000010  loss: 0.123454
2026-08-20 02:02:33,774 [INFO] local gates: {"epoch": 10, "outer_gate": 0.1193, "refine_gate": 0.2693}
2026-08-20 02:02:33,774 [INFO] Evaluating on val.
Train: data epoch: [10]  [ 0/74]  eta: 0:01:12  lr: 0.000010  loss: 0.1220  time: 0.9761  data: 0.0001  max mem: 10267
Train: data epoch: [10]  [20/74]  eta: 0:00:17  lr: 0.000010  loss: 0.1186  time: 0.2906  data: 0.0000  max mem: 10267
Train: data epoch: [10]  [40/74]  eta: 0:00:10  lr: 0.000010  loss: 0.1047  time: 0.2844  data: 0.0000  max mem: 10267
Train: data epoch: [10]  [60/74]  eta: 0:00:04  lr: 0.000010  loss: 0.1438  time: 0.2781  data: 0.0000  max mem: 10267
Train: data epoch: [10]  [73/74]  eta: 0:00:00  lr: 0.000010  loss: 0.1058  time: 0.2800  data: 0.0000  max mem: 10267
Train: data epoch: [10] Total time: 0:00:21 (0.2931 s / it)
2026-08-20 02:02:38,021 [INFO] Qual: EPOCH[10] -> PLCC: 0.871352, SROCC: 0.801870, KROCC: 0.614345, LOSS: 0.245013
2026-08-20 02:02:38,021 [INFO] Align: EPOCH[10] -> PLCC: 0.802771, SROCC: 0.649230, KROCC: 0.473233, LOSS: 0.403794
2026-08-20 02:02:38,031 [INFO] Saving checkpoint at epoch 10 to ../run/20260820015_A2_ms_da/checkpoint_latest.pth.
2026-08-20 02:02:39,580 [INFO] Start training
2026-08-20 02:02:39,911 [INFO] Start training epoch 11, 74 iters per inner epoch.
2026-08-20 02:03:02,213 [INFO] Averaged stats: lr: 0.000010  loss: 0.127253
2026-08-20 02:03:02,313 [INFO] local gates: {"epoch": 11, "outer_gate": 0.1193, "refine_gate": 0.2693}
2026-08-20 02:03:02,314 [INFO] Evaluating on val.
Train: data epoch: [11]  [ 0/74]  eta: 0:01:35  lr: 0.000010  loss: 0.1242  time: 1.2889  data: 0.0001  max mem: 10267
Train: data epoch: [11]  [20/74]  eta: 0:00:18  lr: 0.000010  loss: 0.1810  time: 0.2890  data: 0.0000  max mem: 10267
Train: data epoch: [11]  [40/74]  eta: 0:00:10  lr: 0.000010  loss: 0.1468  time: 0.2873  data: 0.0000  max mem: 10267
Train: data epoch: [11]  [60/74]  eta: 0:00:04  lr: 0.000010  loss: 0.1368  time: 0.2867  data: 0.0000  max mem: 10267
Train: data epoch: [11]  [73/74]  eta: 0:00:00  lr: 0.000010  loss: 0.1125  time: 0.2879  data: 0.0000  max mem: 10267
Train: data epoch: [11] Total time: 0:00:22 (0.3014 s / it)
2026-08-20 02:03:06,634 [INFO] Qual: EPOCH[11] -> PLCC: 0.874667, SROCC: 0.809196, KROCC: 0.622689, LOSS: 0.262423
2026-08-20 02:03:06,634 [INFO] Align: EPOCH[11] -> PLCC: 0.804607, SROCC: 0.642867, KROCC: 0.467682, LOSS: 0.372807
2026-08-20 02:03:06,635 [INFO] Start training
2026-08-20 02:03:06,929 [INFO] Start training epoch 12, 74 iters per inner epoch.
2026-08-20 02:03:28,752 [INFO] Averaged stats: lr: 0.000010  loss: 0.110891
2026-08-20 02:03:28,871 [INFO] local gates: {"epoch": 12, "outer_gate": 0.1193, "refine_gate": 0.2694}
2026-08-20 02:03:28,871 [INFO] Evaluating on val.
Train: data epoch: [12]  [ 0/74]  eta: 0:01:02  lr: 0.000010  loss: 0.1029  time: 0.8443  data: 0.0001  max mem: 10267
Train: data epoch: [12]  [20/74]  eta: 0:00:16  lr: 0.000010  loss: 0.1141  time: 0.2880  data: 0.0000  max mem: 10267
Train: data epoch: [12]  [40/74]  eta: 0:00:10  lr: 0.000010  loss: 0.1190  time: 0.2869  data: 0.0000  max mem: 10267
Train: data epoch: [12]  [60/74]  eta: 0:00:04  lr: 0.000010  loss: 0.0879  time: 0.2882  data: 0.0000  max mem: 10267
Train: data epoch: [12]  [73/74]  eta: 0:00:00  lr: 0.000010  loss: 0.1009  time: 0.2863  data: 0.0000  max mem: 10267
Train: data epoch: [12] Total time: 0:00:21 (0.2949 s / it)
2026-08-20 02:03:33,266 [INFO] Qual: EPOCH[12] -> PLCC: 0.868292, SROCC: 0.812326, KROCC: 0.625851, LOSS: 0.261196
2026-08-20 02:03:33,266 [INFO] Align: EPOCH[12] -> PLCC: 0.796386, SROCC: 0.642677, KROCC: 0.466397, LOSS: 0.441127
2026-08-20 02:03:33,267 [INFO] Start training
2026-08-20 02:03:33,568 [INFO] Start training epoch 13, 74 iters per inner epoch.
2026-08-20 02:03:55,393 [INFO] Averaged stats: lr: 0.000010  loss: 0.104253
2026-08-20 02:03:55,515 [INFO] local gates: {"epoch": 13, "outer_gate": 0.1193, "refine_gate": 0.2695}
2026-08-20 02:03:55,515 [INFO] Evaluating on val.
Train: data epoch: [13]  [ 0/74]  eta: 0:01:06  lr: 0.000010  loss: 0.1737  time: 0.8994  data: 0.0001  max mem: 10267
Train: data epoch: [13]  [20/74]  eta: 0:00:17  lr: 0.000010  loss: 0.0960  time: 0.2890  data: 0.0000  max mem: 10267
Train: data epoch: [13]  [40/74]  eta: 0:00:10  lr: 0.000010  loss: 0.0873  time: 0.2867  data: 0.0000  max mem: 10267
Train: data epoch: [13]  [60/74]  eta: 0:00:04  lr: 0.000010  loss: 0.1019  time: 0.2855  data: 0.0000  max mem: 10267
Train: data epoch: [13]  [73/74]  eta: 0:00:00  lr: 0.000010  loss: 0.1053  time: 0.2846  data: 0.0000  max mem: 10267
Train: data epoch: [13] Total time: 0:00:21 (0.2949 s / it)
2026-08-20 02:03:59,737 [INFO] Qual: EPOCH[13] -> PLCC: 0.867880, SROCC: 0.805011, KROCC: 0.616244, LOSS: 0.244881
2026-08-20 02:03:59,737 [INFO] Align: EPOCH[13] -> PLCC: 0.788829, SROCC: 0.628591, KROCC: 0.455450, LOSS: 0.372408
2026-08-20 02:03:59,738 [INFO] Start training
2026-08-20 02:04:00,037 [INFO] Start training epoch 14, 74 iters per inner epoch.
2026-08-20 02:04:22,460 [INFO] Averaged stats: lr: 0.000010  loss: 0.103306
2026-08-20 02:04:22,567 [INFO] local gates: {"epoch": 14, "outer_gate": 0.1194, "refine_gate": 0.2695}
2026-08-20 02:04:22,568 [INFO] Evaluating on val.
Train: data epoch: [14]  [ 0/74]  eta: 0:01:47  lr: 0.000010  loss: 0.1192  time: 1.4509  data: 0.0001  max mem: 10267
Train: data epoch: [14]  [20/74]  eta: 0:00:18  lr: 0.000010  loss: 0.1117  time: 0.2884  data: 0.0000  max mem: 10267
Train: data epoch: [14]  [40/74]  eta: 0:00:10  lr: 0.000010  loss: 0.1126  time: 0.2880  data: 0.0000  max mem: 10267
Train: data epoch: [14]  [60/74]  eta: 0:00:04  lr: 0.000010  loss: 0.1060  time: 0.2864  data: 0.0000  max mem: 10267
Train: data epoch: [14]  [73/74]  eta: 0:00:00  lr: 0.000010  loss: 0.1257  time: 0.2856  data: 0.0000  max mem: 10267
Train: data epoch: [14] Total time: 0:00:22 (0.3030 s / it)
2026-08-20 02:04:26,939 [INFO] Qual: EPOCH[14] -> PLCC: 0.874014, SROCC: 0.815140, KROCC: 0.627746, LOSS: 0.245715
2026-08-20 02:04:26,940 [INFO] Align: EPOCH[14] -> PLCC: 0.786432, SROCC: 0.622835, KROCC: 0.451016, LOSS: 0.455710
2026-08-20 02:04:26,951 [INFO] Saving checkpoint at epoch 14 to ../run/20260820015_A2_ms_da/checkpoint_best.pth.
2026-08-20 02:04:28,496 [INFO] Start training
2026-08-20 02:04:28,840 [INFO] Start training epoch 15, 74 iters per inner epoch.
2026-08-20 02:04:50,989 [INFO] Averaged stats: lr: 0.000010  loss: 0.099930
2026-08-20 02:04:51,091 [INFO] local gates: {"epoch": 15, "outer_gate": 0.1194, "refine_gate": 0.2696}
2026-08-20 02:04:51,091 [INFO] Evaluating on val.
Train: data epoch: [15]  [ 0/74]  eta: 0:01:30  lr: 0.000010  loss: 0.1416  time: 1.2256  data: 0.0001  max mem: 10267
Train: data epoch: [15]  [20/74]  eta: 0:00:17  lr: 0.000010  loss: 0.0939  time: 0.2881  data: 0.0000  max mem: 10267
Train: data epoch: [15]  [40/74]  eta: 0:00:10  lr: 0.000010  loss: 0.1035  time: 0.2864  data: 0.0000  max mem: 10267
Train: data epoch: [15]  [60/74]  eta: 0:00:04  lr: 0.000010  loss: 0.0894  time: 0.2856  data: 0.0000  max mem: 10267
Train: data epoch: [15]  [73/74]  eta: 0:00:00  lr: 0.000010  loss: 0.0809  time: 0.2855  data: 0.0000  max mem: 10267
Train: data epoch: [15] Total time: 0:00:22 (0.2993 s / it)
2026-08-20 02:04:55,420 [INFO] Qual: EPOCH[15] -> PLCC: 0.873660, SROCC: 0.816084, KROCC: 0.631168, LOSS: 0.235700
2026-08-20 02:04:55,420 [INFO] Align: EPOCH[15] -> PLCC: 0.806067, SROCC: 0.632770, KROCC: 0.459349, LOSS: 0.362421
2026-08-20 02:04:55,432 [INFO] Saving checkpoint at epoch 15 to ../run/20260820015_A2_ms_da/checkpoint_best.pth.
2026-08-20 02:04:56,957 [INFO] Start training
2026-08-20 02:04:57,300 [INFO] Start training epoch 16, 74 iters per inner epoch.
2026-08-20 02:05:19,470 [INFO] Averaged stats: lr: 0.000009  loss: 0.081035
2026-08-20 02:05:19,583 [INFO] local gates: {"epoch": 16, "outer_gate": 0.1194, "refine_gate": 0.2697}
2026-08-20 02:05:19,583 [INFO] Evaluating on val.
Train: data epoch: [16]  [ 0/74]  eta: 0:01:40  lr: 0.000009  loss: 0.0802  time: 1.3604  data: 0.0001  max mem: 10267
Train: data epoch: [16]  [20/74]  eta: 0:00:18  lr: 0.000009  loss: 0.0683  time: 0.2883  data: 0.0000  max mem: 10267
Train: data epoch: [16]  [40/74]  eta: 0:00:10  lr: 0.000009  loss: 0.0614  time: 0.2838  data: 0.0000  max mem: 10267
Train: data epoch: [16]  [60/74]  eta: 0:00:04  lr: 0.000009  loss: 0.0800  time: 0.2834  data: 0.0000  max mem: 10267
Train: data epoch: [16]  [73/74]  eta: 0:00:00  lr: 0.000009  loss: 0.0985  time: 0.2840  data: 0.0000  max mem: 10267
Train: data epoch: [16] Total time: 0:00:22 (0.2996 s / it)
2026-08-20 02:05:23,810 [INFO] Qual: EPOCH[16] -> PLCC: 0.873244, SROCC: 0.817182, KROCC: 0.629168, LOSS: 0.273868
2026-08-20 02:05:23,810 [INFO] Align: EPOCH[16] -> PLCC: 0.808529, SROCC: 0.650078, KROCC: 0.474317, LOSS: 0.361854
2026-08-20 02:05:23,823 [INFO] Saving checkpoint at epoch 16 to ../run/20260820015_A2_ms_da/checkpoint_best.pth.
2026-08-20 02:05:25,709 [INFO] Start training
2026-08-20 02:05:26,021 [INFO] Start training epoch 17, 74 iters per inner epoch.
2026-08-20 02:05:47,825 [INFO] Averaged stats: lr: 0.000009  loss: 0.076872
2026-08-20 02:05:47,928 [INFO] local gates: {"epoch": 17, "outer_gate": 0.1195, "refine_gate": 0.2698}
2026-08-20 02:05:47,929 [INFO] Evaluating on val.
Train: data epoch: [17]  [ 0/74]  eta: 0:01:06  lr: 0.000009  loss: 0.0785  time: 0.9045  data: 0.0001  max mem: 10267
Train: data epoch: [17]  [20/74]  eta: 0:00:17  lr: 0.000009  loss: 0.1052  time: 0.2891  data: 0.0000  max mem: 10267
Train: data epoch: [17]  [40/74]  eta: 0:00:10  lr: 0.000009  loss: 0.0864  time: 0.2864  data: 0.0000  max mem: 10267
Train: data epoch: [17]  [60/74]  eta: 0:00:04  lr: 0.000009  loss: 0.1207  time: 0.2849  data: 0.0000  max mem: 10267
Train: data epoch: [17]  [73/74]  eta: 0:00:00  lr: 0.000009  loss: 0.0831  time: 0.2836  data: 0.0000  max mem: 10267
Train: data epoch: [17] Total time: 0:00:21 (0.2946 s / it)
2026-08-20 02:05:52,490 [INFO] Qual: EPOCH[17] -> PLCC: 0.874685, SROCC: 0.815800, KROCC: 0.627471, LOSS: 0.244639
2026-08-20 02:05:52,490 [INFO] Align: EPOCH[17] -> PLCC: 0.785968, SROCC: 0.617454, KROCC: 0.446425, LOSS: 0.476314
2026-08-20 02:05:52,503 [INFO] Saving checkpoint at epoch 17 to ../run/20260820015_A2_ms_da/checkpoint_best.pth.
2026-08-20 02:05:54,109 [INFO] Start training
2026-08-20 02:05:54,414 [INFO] Start training epoch 18, 74 iters per inner epoch.
2026-08-20 02:06:16,517 [INFO] Averaged stats: lr: 0.000009  loss: 0.072613
2026-08-20 02:06:16,632 [INFO] local gates: {"epoch": 18, "outer_gate": 0.1195, "refine_gate": 0.2698}
2026-08-20 02:06:16,633 [INFO] Evaluating on val.
Train: data epoch: [18]  [ 0/74]  eta: 0:01:25  lr: 0.000009  loss: 0.0549  time: 1.1593  data: 0.0001  max mem: 10267
Train: data epoch: [18]  [20/74]  eta: 0:00:17  lr: 0.000009  loss: 0.0569  time: 0.2863  data: 0.0000  max mem: 10267
Train: data epoch: [18]  [40/74]  eta: 0:00:10  lr: 0.000009  loss: 0.0650  time: 0.2867  data: 0.0000  max mem: 10267
Train: data epoch: [18]  [60/74]  eta: 0:00:04  lr: 0.000009  loss: 0.0819  time: 0.2862  data: 0.0000  max mem: 10267
Train: data epoch: [18]  [73/74]  eta: 0:00:00  lr: 0.000009  loss: 0.0441  time: 0.2881  data: 0.0000  max mem: 10267
Train: data epoch: [18] Total time: 0:00:22 (0.2987 s / it)
2026-08-20 02:06:21,245 [INFO] Qual: EPOCH[18] -> PLCC: 0.875609, SROCC: 0.816247, KROCC: 0.628979, LOSS: 0.230778
2026-08-20 02:06:21,246 [INFO] Align: EPOCH[18] -> PLCC: 0.795908, SROCC: 0.629868, KROCC: 0.457360, LOSS: 0.386799
2026-08-20 02:06:21,256 [INFO] Saving checkpoint at epoch 18 to ../run/20260820015_A2_ms_da/checkpoint_best.pth.
2026-08-20 02:06:22,775 [INFO] Start training
2026-08-20 02:06:23,103 [INFO] Start training epoch 19, 74 iters per inner epoch.
2026-08-20 02:06:45,395 [INFO] Averaged stats: lr: 0.000009  loss: 0.070961
2026-08-20 02:06:45,485 [INFO] local gates: {"epoch": 19, "outer_gate": 0.1195, "refine_gate": 0.2699}
2026-08-20 02:06:45,486 [INFO] Evaluating on val.
Train: data epoch: [19]  [ 0/74]  eta: 0:01:37  lr: 0.000009  loss: 0.0572  time: 1.3233  data: 0.0001  max mem: 10267
Train: data epoch: [19]  [20/74]  eta: 0:00:18  lr: 0.000009  loss: 0.0746  time: 0.2879  data: 0.0000  max mem: 10267
Train: data epoch: [19]  [40/74]  eta: 0:00:10  lr: 0.000009  loss: 0.0668  time: 0.2872  data: 0.0000  max mem: 10267
Train: data epoch: [19]  [60/74]  eta: 0:00:04  lr: 0.000009  loss: 0.0874  time: 0.2868  data: 0.0000  max mem: 10267
Train: data epoch: [19]  [73/74]  eta: 0:00:00  lr: 0.000009  loss: 0.0687  time: 0.2864  data: 0.0000  max mem: 10267
Train: data epoch: [19] Total time: 0:00:22 (0.3012 s / it)
2026-08-20 02:06:49,855 [INFO] Qual: EPOCH[19] -> PLCC: 0.872441, SROCC: 0.815663, KROCC: 0.628051, LOSS: 0.244627
2026-08-20 02:06:49,855 [INFO] Align: EPOCH[19] -> PLCC: 0.798850, SROCC: 0.629059, KROCC: 0.457863, LOSS: 0.362146
2026-08-20 02:06:49,856 [INFO] Start training
2026-08-20 02:06:50,179 [INFO] Start training epoch 20, 74 iters per inner epoch.
2026-08-20 02:07:12,276 [INFO] Averaged stats: lr: 0.000009  loss: 0.065509
2026-08-20 02:07:12,392 [INFO] local gates: {"epoch": 20, "outer_gate": 0.1196, "refine_gate": 0.2699}
2026-08-20 02:07:12,393 [INFO] Evaluating on val.
Train: data epoch: [20]  [ 0/74]  eta: 0:01:25  lr: 0.000009  loss: 0.0988  time: 1.1547  data: 0.0001  max mem: 10267
Train: data epoch: [20]  [20/74]  eta: 0:00:17  lr: 0.000009  loss: 0.0752  time: 0.2880  data: 0.0000  max mem: 10267
Train: data epoch: [20]  [40/74]  eta: 0:00:10  lr: 0.000009  loss: 0.0652  time: 0.2867  data: 0.0000  max mem: 10267
Train: data epoch: [20]  [60/74]  eta: 0:00:04  lr: 0.000009  loss: 0.0413  time: 0.2864  data: 0.0000  max mem: 10267
Train: data epoch: [20]  [73/74]  eta: 0:00:00  lr: 0.000009  loss: 0.0479  time: 0.2857  data: 0.0000  max mem: 10267
Train: data epoch: [20] Total time: 0:00:22 (0.2986 s / it)
2026-08-20 02:07:16,716 [INFO] Qual: EPOCH[20] -> PLCC: 0.874958, SROCC: 0.817479, KROCC: 0.628874, LOSS: 0.234898
2026-08-20 02:07:16,716 [INFO] Align: EPOCH[20] -> PLCC: 0.803166, SROCC: 0.634411, KROCC: 0.460991, LOSS: 0.351810
2026-08-20 02:07:16,727 [INFO] Saving checkpoint at epoch 20 to ../run/20260820015_A2_ms_da/checkpoint_best.pth.
2026-08-20 02:07:18,223 [INFO] Start training
2026-08-20 02:07:18,561 [INFO] Start training epoch 21, 74 iters per inner epoch.
2026-08-20 02:07:40,914 [INFO] Averaged stats: lr: 0.000009  loss: 0.069486
2026-08-20 02:07:41,030 [INFO] local gates: {"epoch": 21, "outer_gate": 0.1196, "refine_gate": 0.27}
2026-08-20 02:07:41,030 [INFO] Evaluating on val.
Train: data epoch: [21]  [ 0/74]  eta: 0:01:47  lr: 0.000009  loss: 0.0552  time: 1.4519  data: 0.0001  max mem: 10267
Train: data epoch: [21]  [20/74]  eta: 0:00:18  lr: 0.000009  loss: 0.0585  time: 0.2885  data: 0.0000  max mem: 10267
Train: data epoch: [21]  [40/74]  eta: 0:00:10  lr: 0.000009  loss: 0.0788  time: 0.2852  data: 0.0000  max mem: 10267
Train: data epoch: [21]  [60/74]  eta: 0:00:04  lr: 0.000009  loss: 0.0468  time: 0.2852  data: 0.0000  max mem: 10267
Train: data epoch: [21]  [73/74]  eta: 0:00:00  lr: 0.000009  loss: 0.0665  time: 0.2854  data: 0.0000  max mem: 10267
Train: data epoch: [21] Total time: 0:00:22 (0.3021 s / it)
2026-08-20 02:07:45,576 [INFO] Qual: EPOCH[21] -> PLCC: 0.881117, SROCC: 0.821987, KROCC: 0.636050, LOSS: 0.249408
2026-08-20 02:07:45,576 [INFO] Align: EPOCH[21] -> PLCC: 0.800213, SROCC: 0.632570, KROCC: 0.459423, LOSS: 0.356964
2026-08-20 02:07:45,589 [INFO] Saving checkpoint at epoch 21 to ../run/20260820015_A2_ms_da/checkpoint_best.pth.
2026-08-20 02:07:47,395 [INFO] Start training
2026-08-20 02:07:47,734 [INFO] Start training epoch 22, 74 iters per inner epoch.
2026-08-20 02:08:10,074 [INFO] Averaged stats: lr: 0.000009  loss: 0.063493
2026-08-20 02:08:10,165 [INFO] local gates: {"epoch": 22, "outer_gate": 0.1197, "refine_gate": 0.27}
2026-08-20 02:08:10,165 [INFO] Evaluating on val.
Train: data epoch: [22]  [ 0/74]  eta: 0:01:49  lr: 0.000009  loss: 0.0601  time: 1.4834  data: 0.0001  max mem: 10267
Train: data epoch: [22]  [20/74]  eta: 0:00:18  lr: 0.000009  loss: 0.0540  time: 0.2880  data: 0.0000  max mem: 10267
Train: data epoch: [22]  [40/74]  eta: 0:00:10  lr: 0.000009  loss: 0.0915  time: 0.2851  data: 0.0000  max mem: 10267
Train: data epoch: [22]  [60/74]  eta: 0:00:04  lr: 0.000009  loss: 0.1125  time: 0.2852  data: 0.0000  max mem: 10267
Train: data epoch: [22]  [73/74]  eta: 0:00:00  lr: 0.000009  loss: 0.0749  time: 0.2839  data: 0.0000  max mem: 10267
Train: data epoch: [22] Total time: 0:00:22 (0.3019 s / it)
2026-08-20 02:08:14,534 [INFO] Qual: EPOCH[22] -> PLCC: 0.877798, SROCC: 0.822043, KROCC: 0.635234, LOSS: 0.230231
2026-08-20 02:08:14,534 [INFO] Align: EPOCH[22] -> PLCC: 0.796260, SROCC: 0.631988, KROCC: 0.458433, LOSS: 0.358696
2026-08-20 02:08:14,535 [INFO] Start training
2026-08-20 02:08:14,831 [INFO] Start training epoch 23, 74 iters per inner epoch.
2026-08-20 02:08:36,857 [INFO] Averaged stats: lr: 0.000009  loss: 0.062460
2026-08-20 02:08:36,961 [INFO] local gates: {"epoch": 23, "outer_gate": 0.1197, "refine_gate": 0.27}
2026-08-20 02:08:36,961 [INFO] Evaluating on val.
Train: data epoch: [23]  [ 0/74]  eta: 0:01:08  lr: 0.000009  loss: 0.0531  time: 0.9260  data: 0.0001  max mem: 10267
Train: data epoch: [23]  [20/74]  eta: 0:00:17  lr: 0.000009  loss: 0.0456  time: 0.2878  data: 0.0000  max mem: 10267
Train: data epoch: [23]  [40/74]  eta: 0:00:10  lr: 0.000009  loss: 0.0632  time: 0.2905  data: 0.0000  max mem: 10267
Train: data epoch: [23]  [60/74]  eta: 0:00:04  lr: 0.000009  loss: 0.0475  time: 0.2894  data: 0.0000  max mem: 10267
Train: data epoch: [23]  [73/74]  eta: 0:00:00  lr: 0.000009  loss: 0.0422  time: 0.2881  data: 0.0000  max mem: 10267
Train: data epoch: [23] Total time: 0:00:22 (0.2976 s / it)
2026-08-20 02:08:41,252 [INFO] Qual: EPOCH[23] -> PLCC: 0.879155, SROCC: 0.821183, KROCC: 0.633436, LOSS: 0.239536
2026-08-20 02:08:41,252 [INFO] Align: EPOCH[23] -> PLCC: 0.797868, SROCC: 0.631998, KROCC: 0.461024, LOSS: 0.371762
2026-08-20 02:08:41,253 [INFO] Start training
2026-08-20 02:08:41,578 [INFO] Start training epoch 24, 74 iters per inner epoch.
2026-08-20 02:09:03,550 [INFO] Averaged stats: lr: 0.000009  loss: 0.057862
2026-08-20 02:09:03,647 [INFO] local gates: {"epoch": 24, "outer_gate": 0.1197, "refine_gate": 0.2701}
2026-08-20 02:09:03,647 [INFO] Evaluating on val.
Train: data epoch: [24]  [ 0/74]  eta: 0:01:19  lr: 0.000009  loss: 0.0638  time: 1.0768  data: 0.0001  max mem: 10267
Train: data epoch: [24]  [20/74]  eta: 0:00:17  lr: 0.000009  loss: 0.0649  time: 0.2873  data: 0.0000  max mem: 10267
Train: data epoch: [24]  [40/74]  eta: 0:00:10  lr: 0.000009  loss: 0.0350  time: 0.2880  data: 0.0000  max mem: 10267
Train: data epoch: [24]  [60/74]  eta: 0:00:04  lr: 0.000009  loss: 0.0509  time: 0.2844  data: 0.0000  max mem: 10267
Train: data epoch: [24]  [73/74]  eta: 0:00:00  lr: 0.000009  loss: 0.0493  time: 0.2841  data: 0.0000  max mem: 10267
Train: data epoch: [24] Total time: 0:00:21 (0.2969 s / it)
2026-08-20 02:09:08,099 [INFO] Qual: EPOCH[24] -> PLCC: 0.876745, SROCC: 0.818762, KROCC: 0.631034, LOSS: 0.236897
2026-08-20 02:09:08,099 [INFO] Align: EPOCH[24] -> PLCC: 0.799047, SROCC: 0.627463, KROCC: 0.455093, LOSS: 0.375979
2026-08-20 02:09:08,100 [INFO] Start training
2026-08-20 02:09:08,398 [INFO] Start training epoch 25, 74 iters per inner epoch.
2026-08-20 02:09:30,756 [INFO] Averaged stats: lr: 0.000009  loss: 0.059914
2026-08-20 02:09:30,884 [INFO] local gates: {"epoch": 25, "outer_gate": 0.1198, "refine_gate": 0.2701}
2026-08-20 02:09:30,885 [INFO] Evaluating on val.
Train: data epoch: [25]  [ 0/74]  eta: 0:01:39  lr: 0.000009  loss: 0.0449  time: 1.3472  data: 0.0001  max mem: 10267
Train: data epoch: [25]  [20/74]  eta: 0:00:18  lr: 0.000009  loss: 0.0773  time: 0.2880  data: 0.0000  max mem: 10267
Train: data epoch: [25]  [40/74]  eta: 0:00:10  lr: 0.000009  loss: 0.0601  time: 0.2884  data: 0.0000  max mem: 10267
Train: data epoch: [25]  [60/74]  eta: 0:00:04  lr: 0.000009  loss: 0.0532  time: 0.2863  data: 0.0000  max mem: 10267
Train: data epoch: [25]  [73/74]  eta: 0:00:00  lr: 0.000009  loss: 0.0483  time: 0.2878  data: 0.0000  max mem: 10267
Train: data epoch: [25] Total time: 0:00:22 (0.3021 s / it)
2026-08-20 02:09:35,230 [INFO] Qual: EPOCH[25] -> PLCC: 0.878932, SROCC: 0.820458, KROCC: 0.633927, LOSS: 0.235763
2026-08-20 02:09:35,230 [INFO] Align: EPOCH[25] -> PLCC: 0.805991, SROCC: 0.615237, KROCC: 0.445442, LOSS: 0.371863
2026-08-20 02:09:35,241 [INFO] Saving checkpoint at epoch 25 to ../run/20260820015_A2_ms_da/checkpoint_latest.pth.
2026-08-20 02:09:36,432 [INFO] Start training
2026-08-20 02:09:36,729 [INFO] Start training epoch 26, 74 iters per inner epoch.
2026-08-20 02:09:58,739 [INFO] Averaged stats: lr: 0.000009  loss: 0.058744
2026-08-20 02:09:58,838 [INFO] local gates: {"epoch": 26, "outer_gate": 0.1198, "refine_gate": 0.2701}
2026-08-20 02:09:58,838 [INFO] Evaluating on val.
Train: data epoch: [26]  [ 0/74]  eta: 0:01:18  lr: 0.000009  loss: 0.0561  time: 1.0655  data: 0.0001  max mem: 10267
Train: data epoch: [26]  [20/74]  eta: 0:00:17  lr: 0.000009  loss: 0.0430  time: 0.2883  data: 0.0000  max mem: 10267
Train: data epoch: [26]  [40/74]  eta: 0:00:10  lr: 0.000009  loss: 0.0449  time: 0.2866  data: 0.0000  max mem: 10267
Train: data epoch: [26]  [60/74]  eta: 0:00:04  lr: 0.000009  loss: 0.0579  time: 0.2863  data: 0.0000  max mem: 10267
Train: data epoch: [26]  [73/74]  eta: 0:00:00  lr: 0.000009  loss: 0.0589  time: 0.2862  data: 0.0000  max mem: 10267
Train: data epoch: [26] Total time: 0:00:22 (0.2974 s / it)
2026-08-20 02:10:03,070 [INFO] Qual: EPOCH[26] -> PLCC: 0.877796, SROCC: 0.818683, KROCC: 0.630945, LOSS: 0.232743
2026-08-20 02:10:03,070 [INFO] Align: EPOCH[26] -> PLCC: 0.788843, SROCC: 0.603378, KROCC: 0.435757, LOSS: 0.460955
2026-08-20 02:10:03,070 [INFO] Start training
2026-08-20 02:10:03,365 [INFO] Start training epoch 27, 74 iters per inner epoch.
2026-08-20 02:10:25,536 [INFO] Averaged stats: lr: 0.000008  loss: 0.057478
2026-08-20 02:10:25,636 [INFO] local gates: {"epoch": 27, "outer_gate": 0.1199, "refine_gate": 0.2702}
2026-08-20 02:10:25,636 [INFO] Evaluating on val.
Train: data epoch: [27]  [ 0/74]  eta: 0:01:38  lr: 0.000008  loss: 0.0718  time: 1.3282  data: 0.0001  max mem: 10267
Train: data epoch: [27]  [20/74]  eta: 0:00:18  lr: 0.000008  loss: 0.0483  time: 0.2860  data: 0.0000  max mem: 10267
Train: data epoch: [27]  [40/74]  eta: 0:00:10  lr: 0.000008  loss: 0.0461  time: 0.2857  data: 0.0000  max mem: 10267
Train: data epoch: [27]  [60/74]  eta: 0:00:04  lr: 0.000008  loss: 0.0728  time: 0.2857  data: 0.0000  max mem: 10267
Train: data epoch: [27]  [73/74]  eta: 0:00:00  lr: 0.000008  loss: 0.0694  time: 0.2843  data: 0.0000  max mem: 10267
Train: data epoch: [27] Total time: 0:00:22 (0.2996 s / it)
2026-08-20 02:10:29,880 [INFO] Qual: EPOCH[27] -> PLCC: 0.865955, SROCC: 0.803884, KROCC: 0.615507, LOSS: 0.249840
2026-08-20 02:10:29,880 [INFO] Align: EPOCH[27] -> PLCC: 0.800620, SROCC: 0.622603, KROCC: 0.451831, LOSS: 0.358294
2026-08-20 02:10:29,881 [INFO] Start training
2026-08-20 02:10:30,199 [INFO] Start training epoch 28, 74 iters per inner epoch.
2026-08-20 02:10:52,266 [INFO] Averaged stats: lr: 0.000008  loss: 0.061804
2026-08-20 02:10:52,387 [INFO] local gates: {"epoch": 28, "outer_gate": 0.1199, "refine_gate": 0.2702}
2026-08-20 02:10:52,388 [INFO] Evaluating on val.
Train: data epoch: [28]  [ 0/74]  eta: 0:01:19  lr: 0.000008  loss: 0.0814  time: 1.0726  data: 0.0001  max mem: 10267
Train: data epoch: [28]  [20/74]  eta: 0:00:17  lr: 0.000008  loss: 0.0617  time: 0.2895  data: 0.0000  max mem: 10267
Train: data epoch: [28]  [40/74]  eta: 0:00:10  lr: 0.000008  loss: 0.0484  time: 0.2883  data: 0.0000  max mem: 10267
Train: data epoch: [28]  [60/74]  eta: 0:00:04  lr: 0.000008  loss: 0.0427  time: 0.2865  data: 0.0000  max mem: 10267
Train: data epoch: [28]  [73/74]  eta: 0:00:00  lr: 0.000008  loss: 0.0557  time: 0.2851  data: 0.0000  max mem: 10267
Train: data epoch: [28] Total time: 0:00:22 (0.2982 s / it)
2026-08-20 02:10:56,758 [INFO] Qual: EPOCH[28] -> PLCC: 0.872525, SROCC: 0.810229, KROCC: 0.623099, LOSS: 0.277824
2026-08-20 02:10:56,758 [INFO] Align: EPOCH[28] -> PLCC: 0.796678, SROCC: 0.630032, KROCC: 0.459930, LOSS: 0.407626
2026-08-20 02:10:56,759 [INFO] Start training
2026-08-20 02:10:57,045 [INFO] Start training epoch 29, 74 iters per inner epoch.
2026-08-20 02:11:19,116 [INFO] Averaged stats: lr: 0.000008  loss: 0.054557
2026-08-20 02:11:19,213 [INFO] local gates: {"epoch": 29, "outer_gate": 0.12, "refine_gate": 0.2702}
2026-08-20 02:11:19,213 [INFO] Evaluating on val.
Train: data epoch: [29]  [ 0/74]  eta: 0:01:26  lr: 0.000008  loss: 0.0407  time: 1.1724  data: 0.0001  max mem: 10267
Train: data epoch: [29]  [20/74]  eta: 0:00:17  lr: 0.000008  loss: 0.0412  time: 0.2904  data: 0.0000  max mem: 10267
Train: data epoch: [29]  [40/74]  eta: 0:00:10  lr: 0.000008  loss: 0.0651  time: 0.2847  data: 0.0000  max mem: 10267
Train: data epoch: [29]  [60/74]  eta: 0:00:04  lr: 0.000008  loss: 0.0489  time: 0.2853  data: 0.0000  max mem: 10267
Train: data epoch: [29]  [73/74]  eta: 0:00:00  lr: 0.000008  loss: 0.0816  time: 0.2837  data: 0.0000  max mem: 10267
Train: data epoch: [29] Total time: 0:00:22 (0.2983 s / it)
2026-08-20 02:11:23,540 [INFO] Qual: EPOCH[29] -> PLCC: 0.878246, SROCC: 0.818134, KROCC: 0.629269, LOSS: 0.227599
2026-08-20 02:11:23,540 [INFO] Align: EPOCH[29] -> PLCC: 0.804928, SROCC: 0.620761, KROCC: 0.449642, LOSS: 0.347797
2026-08-20 02:11:23,541 [INFO] Start training
2026-08-20 02:11:23,839 [INFO] Start training epoch 30, 74 iters per inner epoch.
2026-08-20 02:11:45,991 [INFO] Averaged stats: lr: 0.000008  loss: 0.051380
2026-08-20 02:11:46,102 [INFO] local gates: {"epoch": 30, "outer_gate": 0.12, "refine_gate": 0.2702}
2026-08-20 02:11:46,102 [INFO] Evaluating on val.
Train: data epoch: [30]  [ 0/74]  eta: 0:01:29  lr: 0.000008  loss: 0.0385  time: 1.2050  data: 0.0001  max mem: 10267
Train: data epoch: [30]  [20/74]  eta: 0:00:17  lr: 0.000008  loss: 0.0848  time: 0.2880  data: 0.0000  max mem: 10267
Train: data epoch: [30]  [40/74]  eta: 0:00:10  lr: 0.000008  loss: 0.0321  time: 0.2868  data: 0.0000  max mem: 10267
Train: data epoch: [30]  [60/74]  eta: 0:00:04  lr: 0.000008  loss: 0.0375  time: 0.2867  data: 0.0000  max mem: 10267
Train: data epoch: [30]  [73/74]  eta: 0:00:00  lr: 0.000008  loss: 0.0335  time: 0.2856  data: 0.0000  max mem: 10267
Train: data epoch: [30] Total time: 0:00:22 (0.2993 s / it)
2026-08-20 02:11:50,405 [INFO] Qual: EPOCH[30] -> PLCC: 0.878033, SROCC: 0.822723, KROCC: 0.633961, LOSS: 0.234684
2026-08-20 02:11:50,405 [INFO] Align: EPOCH[30] -> PLCC: 0.791924, SROCC: 0.621788, KROCC: 0.450513, LOSS: 0.455189
2026-08-20 02:11:50,416 [INFO] Saving checkpoint at epoch 30 to ../run/20260820015_A2_ms_da/checkpoint_latest.pth.
2026-08-20 02:11:51,875 [INFO] Start training
2026-08-20 02:11:52,206 [INFO] Start training epoch 31, 74 iters per inner epoch.
2026-08-20 02:12:14,464 [INFO] Averaged stats: lr: 0.000008  loss: 0.050015
2026-08-20 02:12:14,578 [INFO] local gates: {"epoch": 31, "outer_gate": 0.12, "refine_gate": 0.2703}
2026-08-20 02:12:14,579 [INFO] Evaluating on val.
Train: data epoch: [31]  [ 0/74]  eta: 0:01:40  lr: 0.000008  loss: 0.0226  time: 1.3591  data: 0.0001  max mem: 10267
Train: data epoch: [31]  [20/74]  eta: 0:00:18  lr: 0.000008  loss: 0.0727  time: 0.2872  data: 0.0000  max mem: 10267
Train: data epoch: [31]  [40/74]  eta: 0:00:10  lr: 0.000008  loss: 0.0453  time: 0.2853  data: 0.0000  max mem: 10267
Train: data epoch: [31]  [60/74]  eta: 0:00:04  lr: 0.000008  loss: 0.0568  time: 0.2860  data: 0.0000  max mem: 10267
Train: data epoch: [31]  [73/74]  eta: 0:00:00  lr: 0.000008  loss: 0.0496  time: 0.2861  data: 0.0000  max mem: 10267
Train: data epoch: [31] Total time: 0:00:22 (0.3008 s / it)
2026-08-20 02:12:18,924 [INFO] Qual: EPOCH[31] -> PLCC: 0.877757, SROCC: 0.819757, KROCC: 0.633927, LOSS: 0.233290
2026-08-20 02:12:18,924 [INFO] Align: EPOCH[31] -> PLCC: 0.796316, SROCC: 0.629773, KROCC: 0.456456, LOSS: 0.408541
2026-08-20 02:12:18,925 [INFO] Start training
2026-08-20 02:12:19,219 [INFO] Start training epoch 32, 74 iters per inner epoch.
2026-08-20 02:12:41,085 [INFO] Averaged stats: lr: 0.000008  loss: 0.045707
2026-08-20 02:12:41,187 [INFO] local gates: {"epoch": 32, "outer_gate": 0.1201, "refine_gate": 0.2703}
2026-08-20 02:12:41,187 [INFO] Evaluating on val.
Train: data epoch: [32]  [ 0/74]  eta: 0:01:01  lr: 0.000008  loss: 0.0358  time: 0.8347  data: 0.0001  max mem: 10267
Train: data epoch: [32]  [20/74]  eta: 0:00:17  lr: 0.000008  loss: 0.0466  time: 0.2908  data: 0.0000  max mem: 10267
Train: data epoch: [32]  [40/74]  eta: 0:00:10  lr: 0.000008  loss: 0.0350  time: 0.2876  data: 0.0000  max mem: 10267
Train: data epoch: [32]  [60/74]  eta: 0:00:04  lr: 0.000008  loss: 0.0600  time: 0.2867  data: 0.0000  max mem: 10267
Train: data epoch: [32]  [73/74]  eta: 0:00:00  lr: 0.000008  loss: 0.0393  time: 0.2863  data: 0.0000  max mem: 10267
Train: data epoch: [32] Total time: 0:00:21 (0.2955 s / it)
2026-08-20 02:12:45,533 [INFO] Qual: EPOCH[32] -> PLCC: 0.881087, SROCC: 0.816259, KROCC: 0.630878, LOSS: 0.220766
2026-08-20 02:12:45,533 [INFO] Align: EPOCH[32] -> PLCC: 0.804321, SROCC: 0.635609, KROCC: 0.461828, LOSS: 0.375320
2026-08-20 02:12:45,534 [INFO] Start training
2026-08-20 02:12:45,856 [INFO] Start training epoch 33, 74 iters per inner epoch.
2026-08-20 02:13:07,738 [INFO] Averaged stats: lr: 0.000008  loss: 0.044998
2026-08-20 02:13:07,858 [INFO] local gates: {"epoch": 33, "outer_gate": 0.1201, "refine_gate": 0.2703}
2026-08-20 02:13:07,858 [INFO] Evaluating on val.
Train: data epoch: [33]  [ 0/74]  eta: 0:01:03  lr: 0.000008  loss: 0.0367  time: 0.8615  data: 0.0001  max mem: 10267
Train: data epoch: [33]  [20/74]  eta: 0:00:17  lr: 0.000008  loss: 0.0555  time: 0.2916  data: 0.0000  max mem: 10267
Train: data epoch: [33]  [40/74]  eta: 0:00:10  lr: 0.000008  loss: 0.0520  time: 0.2884  data: 0.0000  max mem: 10267
Train: data epoch: [33]  [60/74]  eta: 0:00:04  lr: 0.000008  loss: 0.0421  time: 0.2859  data: 0.0000  max mem: 10267
Train: data epoch: [33]  [73/74]  eta: 0:00:00  lr: 0.000008  loss: 0.0523  time: 0.2849  data: 0.0000  max mem: 10267
Train: data epoch: [33] Total time: 0:00:21 (0.2957 s / it)
2026-08-20 02:13:12,323 [INFO] Qual: EPOCH[33] -> PLCC: 0.875508, SROCC: 0.812336, KROCC: 0.625080, LOSS: 0.260043
2026-08-20 02:13:12,323 [INFO] Align: EPOCH[33] -> PLCC: 0.793264, SROCC: 0.645201, KROCC: 0.468151, LOSS: 0.374291
2026-08-20 02:13:12,324 [INFO] Start training
2026-08-20 02:13:12,614 [INFO] Start training epoch 34, 74 iters per inner epoch.
2026-08-20 02:13:34,798 [INFO] Averaged stats: lr: 0.000008  loss: 0.072373
2026-08-20 02:13:34,921 [INFO] local gates: {"epoch": 34, "outer_gate": 0.1201, "refine_gate": 0.2703}
2026-08-20 02:13:34,921 [INFO] Evaluating on val.
Train: data epoch: [34]  [ 0/74]  eta: 0:01:28  lr: 0.000008  loss: 0.0676  time: 1.1911  data: 0.0001  max mem: 10267
Train: data epoch: [34]  [20/74]  eta: 0:00:17  lr: 0.000008  loss: 0.0556  time: 0.2897  data: 0.0000  max mem: 10267
Train: data epoch: [34]  [40/74]  eta: 0:00:10  lr: 0.000008  loss: 0.0580  time: 0.2869  data: 0.0000  max mem: 10267
Train: data epoch: [34]  [60/74]  eta: 0:00:04  lr: 0.000008  loss: 0.0533  time: 0.2865  data: 0.0000  max mem: 10267
Train: data epoch: [34]  [73/74]  eta: 0:00:00  lr: 0.000008  loss: 0.0542  time: 0.2861  data: 0.0000  max mem: 10267
Train: data epoch: [34] Total time: 0:00:22 (0.2998 s / it)
2026-08-20 02:13:39,370 [INFO] Qual: EPOCH[34] -> PLCC: 0.875393, SROCC: 0.816321, KROCC: 0.628275, LOSS: 0.237004
2026-08-20 02:13:39,371 [INFO] Align: EPOCH[34] -> PLCC: 0.788065, SROCC: 0.633618, KROCC: 0.458455, LOSS: 0.377253
2026-08-20 02:13:39,371 [INFO] Start training
2026-08-20 02:13:39,684 [INFO] Start training epoch 35, 74 iters per inner epoch.
2026-08-20 02:14:01,389 [INFO] Averaged stats: lr: 0.000008  loss: 0.060395
2026-08-20 02:14:01,484 [INFO] local gates: {"epoch": 35, "outer_gate": 0.1201, "refine_gate": 0.2703}
2026-08-20 02:14:01,484 [INFO] Evaluating on val.
Train: data epoch: [35]  [ 0/74]  eta: 0:01:07  lr: 0.000008  loss: 0.0452  time: 0.9138  data: 0.0001  max mem: 10267
Train: data epoch: [35]  [20/74]  eta: 0:00:17  lr: 0.000008  loss: 0.0626  time: 0.2869  data: 0.0000  max mem: 10267
Train: data epoch: [35]  [40/74]  eta: 0:00:10  lr: 0.000008  loss: 0.0658  time: 0.2842  data: 0.0000  max mem: 10267
Train: data epoch: [35]  [60/74]  eta: 0:00:04  lr: 0.000008  loss: 0.0625  time: 0.2843  data: 0.0000  max mem: 10267
Train: data epoch: [35]  [73/74]  eta: 0:00:00  lr: 0.000008  loss: 0.0544  time: 0.2831  data: 0.0000  max mem: 10267
Train: data epoch: [35] Total time: 0:00:21 (0.2933 s / it)
2026-08-20 02:14:05,809 [INFO] Qual: EPOCH[35] -> PLCC: 0.880029, SROCC: 0.823279, KROCC: 0.636731, LOSS: 0.225229
2026-08-20 02:14:05,809 [INFO] Align: EPOCH[35] -> PLCC: 0.792790, SROCC: 0.623297, KROCC: 0.449832, LOSS: 0.363272
2026-08-20 02:14:05,821 [INFO] Saving checkpoint at epoch 35 to ../run/20260820015_A2_ms_da/checkpoint_best.pth.
2026-08-20 02:14:07,671 [INFO] Start training
2026-08-20 02:14:08,014 [INFO] Start training epoch 36, 74 iters per inner epoch.
2026-08-20 02:14:29,923 [INFO] Averaged stats: lr: 0.000007  loss: 0.056358
2026-08-20 02:14:30,019 [INFO] local gates: {"epoch": 36, "outer_gate": 0.1202, "refine_gate": 0.2704}
2026-08-20 02:14:30,019 [INFO] Evaluating on val.
Train: data epoch: [36]  [ 0/74]  eta: 0:01:13  lr: 0.000007  loss: 0.0580  time: 0.9903  data: 0.0001  max mem: 10267
Train: data epoch: [36]  [20/74]  eta: 0:00:17  lr: 0.000007  loss: 0.0681  time: 0.2874  data: 0.0000  max mem: 10267
Train: data epoch: [36]  [40/74]  eta: 0:00:10  lr: 0.000007  loss: 0.0562  time: 0.2869  data: 0.0000  max mem: 10267
Train: data epoch: [36]  [60/74]  eta: 0:00:04  lr: 0.000007  loss: 0.0529  time: 0.2860  data: 0.0000  max mem: 10267
Train: data epoch: [36]  [73/74]  eta: 0:00:00  lr: 0.000007  loss: 0.0510  time: 0.2855  data: 0.0000  max mem: 10267
Train: data epoch: [36] Total time: 0:00:21 (0.2961 s / it)
2026-08-20 02:14:34,437 [INFO] Qual: EPOCH[36] -> PLCC: 0.878548, SROCC: 0.824129, KROCC: 0.635748, LOSS: 0.227178
2026-08-20 02:14:34,438 [INFO] Align: EPOCH[36] -> PLCC: 0.795541, SROCC: 0.639623, KROCC: 0.463739, LOSS: 0.406404
2026-08-20 02:14:34,438 [INFO] Start training
2026-08-20 02:14:34,757 [INFO] Start training epoch 37, 74 iters per inner epoch.
2026-08-20 02:14:56,994 [INFO] Averaged stats: lr: 0.000007  loss: 0.056364
2026-08-20 02:14:57,123 [INFO] local gates: {"epoch": 37, "outer_gate": 0.1202, "refine_gate": 0.2704}
2026-08-20 02:14:57,124 [INFO] Evaluating on val.
Train: data epoch: [37]  [ 0/74]  eta: 0:01:36  lr: 0.000007  loss: 0.0340  time: 1.3074  data: 0.0001  max mem: 10267
Train: data epoch: [37]  [20/74]  eta: 0:00:18  lr: 0.000007  loss: 0.0528  time: 0.2862  data: 0.0000  max mem: 10267
Train: data epoch: [37]  [40/74]  eta: 0:00:10  lr: 0.000007  loss: 0.0802  time: 0.2875  data: 0.0000  max mem: 10267
Train: data epoch: [37]  [60/74]  eta: 0:00:04  lr: 0.000007  loss: 0.0641  time: 0.2871  data: 0.0000  max mem: 10267
Train: data epoch: [37]  [73/74]  eta: 0:00:00  lr: 0.000007  loss: 0.0615  time: 0.2857  data: 0.0000  max mem: 10267
Train: data epoch: [37] Total time: 0:00:22 (0.3005 s / it)
2026-08-20 02:15:01,404 [INFO] Qual: EPOCH[37] -> PLCC: 0.876273, SROCC: 0.815208, KROCC: 0.627560, LOSS: 0.230759
2026-08-20 02:15:01,404 [INFO] Align: EPOCH[37] -> PLCC: 0.795004, SROCC: 0.637197, KROCC: 0.459997, LOSS: 0.362157
2026-08-20 02:15:01,405 [INFO] Start training
2026-08-20 02:15:01,749 [INFO] Start training epoch 38, 74 iters per inner epoch.
2026-08-20 02:15:23,674 [INFO] Averaged stats: lr: 0.000007  loss: 0.053155
2026-08-20 02:15:23,770 [INFO] local gates: {"epoch": 38, "outer_gate": 0.1202, "refine_gate": 0.2704}
2026-08-20 02:15:23,770 [INFO] Evaluating on val.
Train: data epoch: [38]  [ 0/74]  eta: 0:01:13  lr: 0.000007  loss: 0.0478  time: 0.9954  data: 0.0001  max mem: 10267
Train: data epoch: [38]  [20/74]  eta: 0:00:17  lr: 0.000007  loss: 0.0747  time: 0.2877  data: 0.0000  max mem: 10267
Train: data epoch: [38]  [40/74]  eta: 0:00:10  lr: 0.000007  loss: 0.0616  time: 0.2881  data: 0.0000  max mem: 10267
Train: data epoch: [38]  [60/74]  eta: 0:00:04  lr: 0.000007  loss: 0.0558  time: 0.2857  data: 0.0000  max mem: 10267
Train: data epoch: [38]  [73/74]  eta: 0:00:00  lr: 0.000007  loss: 0.0589  time: 0.2844  data: 0.0000  max mem: 10267
Train: data epoch: [38] Total time: 0:00:21 (0.2963 s / it)
2026-08-20 02:15:28,219 [INFO] Qual: EPOCH[38] -> PLCC: 0.880239, SROCC: 0.822591, KROCC: 0.635871, LOSS: 0.228762
2026-08-20 02:15:28,219 [INFO] Align: EPOCH[38] -> PLCC: 0.801324, SROCC: 0.636493, KROCC: 0.459371, LOSS: 0.394779
2026-08-20 02:15:28,220 [INFO] Start training
2026-08-20 02:15:28,506 [INFO] Start training epoch 39, 74 iters per inner epoch.
2026-08-20 02:15:50,765 [INFO] Averaged stats: lr: 0.000007  loss: 0.047659
2026-08-20 02:15:50,865 [INFO] local gates: {"epoch": 39, "outer_gate": 0.1202, "refine_gate": 0.2704}
2026-08-20 02:15:50,865 [INFO] Evaluating on val.
Train: data epoch: [39]  [ 0/74]  eta: 0:01:37  lr: 0.000007  loss: 0.0516  time: 1.3240  data: 0.0001  max mem: 10267
Train: data epoch: [39]  [20/74]  eta: 0:00:18  lr: 0.000007  loss: 0.0743  time: 0.2889  data: 0.0000  max mem: 10267
Train: data epoch: [39]  [40/74]  eta: 0:00:10  lr: 0.000007  loss: 0.0631  time: 0.2867  data: 0.0000  max mem: 10267
Train: data epoch: [39]  [60/74]  eta: 0:00:04  lr: 0.000007  loss: 0.0342  time: 0.2857  data: 0.0000  max mem: 10267
Train: data epoch: [39]  [73/74]  eta: 0:00:00  lr: 0.000007  loss: 0.0380  time: 0.2850  data: 0.0000  max mem: 10267
Train: data epoch: [39] Total time: 0:00:22 (0.3008 s / it)
2026-08-20 02:15:55,218 [INFO] Qual: EPOCH[39] -> PLCC: 0.882641, SROCC: 0.820636, KROCC: 0.633771, LOSS: 0.229799
2026-08-20 02:15:55,218 [INFO] Align: EPOCH[39] -> PLCC: 0.799164, SROCC: 0.638148, KROCC: 0.461158, LOSS: 0.388762
2026-08-20 02:15:55,219 [INFO] Start training
2026-08-20 02:15:55,510 [INFO] Start training epoch 40, 74 iters per inner epoch.
2026-08-20 02:16:17,818 [INFO] Averaged stats: lr: 0.000007  loss: 0.067917
2026-08-20 02:16:17,926 [INFO] local gates: {"epoch": 40, "outer_gate": 0.1202, "refine_gate": 0.2704}
2026-08-20 02:16:17,926 [INFO] Evaluating on val.
Train: data epoch: [40]  [ 0/74]  eta: 0:01:25  lr: 0.000007  loss: 0.0305  time: 1.1518  data: 0.0001  max mem: 10267
Train: data epoch: [40]  [20/74]  eta: 0:00:18  lr: 0.000007  loss: 0.0672  time: 0.2936  data: 0.0000  max mem: 10267
Train: data epoch: [40]  [40/74]  eta: 0:00:10  lr: 0.000007  loss: 0.1168  time: 0.2903  data: 0.0000  max mem: 10267
Train: data epoch: [40]  [60/74]  eta: 0:00:04  lr: 0.000007  loss: 0.0765  time: 0.2877  data: 0.0000  max mem: 10267
Train: data epoch: [40]  [73/74]  eta: 0:00:00  lr: 0.000007  loss: 0.0568  time: 0.2862  data: 0.0000  max mem: 10267
Train: data epoch: [40] Total time: 0:00:22 (0.3014 s / it)
2026-08-20 02:16:22,212 [INFO] Qual: EPOCH[40] -> PLCC: 0.873124, SROCC: 0.812942, KROCC: 0.623996, LOSS: 0.243040
2026-08-20 02:16:22,212 [INFO] Align: EPOCH[40] -> PLCC: 0.781702, SROCC: 0.634063, KROCC: 0.457501, LOSS: 0.409711
2026-08-20 02:16:22,222 [INFO] Saving checkpoint at epoch 40 to ../run/20260820015_A2_ms_da/checkpoint_latest.pth.
2026-08-20 02:16:24,176 [INFO] Start training
2026-08-20 02:16:24,514 [INFO] Start training epoch 41, 74 iters per inner epoch.
2026-08-20 02:16:46,685 [INFO] Averaged stats: lr: 0.000007  loss: 0.055105
2026-08-20 02:16:46,807 [INFO] local gates: {"epoch": 41, "outer_gate": 0.1202, "refine_gate": 0.2704}
2026-08-20 02:16:46,807 [INFO] Evaluating on val.
Train: data epoch: [41]  [ 0/74]  eta: 0:01:36  lr: 0.000007  loss: 0.0570  time: 1.3002  data: 0.0001  max mem: 10267
Train: data epoch: [41]  [20/74]  eta: 0:00:18  lr: 0.000007  loss: 0.0512  time: 0.2874  data: 0.0000  max mem: 10267
Train: data epoch: [41]  [40/74]  eta: 0:00:10  lr: 0.000007  loss: 0.0450  time: 0.2848  data: 0.0000  max mem: 10267
Train: data epoch: [41]  [60/74]  eta: 0:00:04  lr: 0.000007  loss: 0.0593  time: 0.2858  data: 0.0000  max mem: 10267
Train: data epoch: [41]  [73/74]  eta: 0:00:00  lr: 0.000007  loss: 0.0408  time: 0.2854  data: 0.0000  max mem: 10267
Train: data epoch: [41] Total time: 0:00:22 (0.2996 s / it)
2026-08-20 02:16:51,283 [INFO] Qual: EPOCH[41] -> PLCC: 0.881779, SROCC: 0.819120, KROCC: 0.634128, LOSS: 0.219576
2026-08-20 02:16:51,283 [INFO] Align: EPOCH[41] -> PLCC: 0.794830, SROCC: 0.628279, KROCC: 0.453965, LOSS: 0.372145
2026-08-20 02:16:51,283 [INFO] Start training
2026-08-20 02:16:51,572 [INFO] Start training epoch 42, 74 iters per inner epoch.
2026-08-20 02:17:13,666 [INFO] Averaged stats: lr: 0.000007  loss: 0.046914
2026-08-20 02:17:13,771 [INFO] local gates: {"epoch": 42, "outer_gate": 0.1202, "refine_gate": 0.2704}
2026-08-20 02:17:13,772 [INFO] Evaluating on val.
Train: data epoch: [42]  [ 0/74]  eta: 0:01:28  lr: 0.000007  loss: 0.0720  time: 1.1974  data: 0.0001  max mem: 10267
Train: data epoch: [42]  [20/74]  eta: 0:00:17  lr: 0.000007  loss: 0.0469  time: 0.2868  data: 0.0000  max mem: 10267
Train: data epoch: [42]  [40/74]  eta: 0:00:10  lr: 0.000007  loss: 0.0444  time: 0.2858  data: 0.0000  max mem: 10267
Train: data epoch: [42]  [60/74]  eta: 0:00:04  lr: 0.000007  loss: 0.0409  time: 0.2863  data: 0.0000  max mem: 10267
Train: data epoch: [42]  [73/74]  eta: 0:00:00  lr: 0.000007  loss: 0.0374  time: 0.2854  data: 0.0000  max mem: 10267
Train: data epoch: [42] Total time: 0:00:22 (0.2986 s / it)
2026-08-20 02:17:18,154 [INFO] Qual: EPOCH[42] -> PLCC: 0.880709, SROCC: 0.818341, KROCC: 0.631269, LOSS: 0.226035
2026-08-20 02:17:18,154 [INFO] Align: EPOCH[42] -> PLCC: 0.798741, SROCC: 0.633685, KROCC: 0.459784, LOSS: 0.368351
2026-08-20 02:17:18,155 [INFO] Start training
2026-08-20 02:17:18,478 [INFO] Start training epoch 43, 74 iters per inner epoch.
2026-08-20 02:17:40,329 [INFO] Averaged stats: lr: 0.000006  loss: 0.044000
2026-08-20 02:17:40,440 [INFO] local gates: {"epoch": 43, "outer_gate": 0.1203, "refine_gate": 0.2705}
2026-08-20 02:17:40,441 [INFO] Evaluating on val.
Train: data epoch: [43]  [ 0/74]  eta: 0:01:03  lr: 0.000006  loss: 0.0403  time: 0.8525  data: 0.0001  max mem: 10267
Train: data epoch: [43]  [20/74]  eta: 0:00:17  lr: 0.000006  loss: 0.0464  time: 0.2907  data: 0.0000  max mem: 10267
Train: data epoch: [43]  [40/74]  eta: 0:00:10  lr: 0.000006  loss: 0.0329  time: 0.2875  data: 0.0000  max mem: 10267
Train: data epoch: [43]  [60/74]  eta: 0:00:04  lr: 0.000006  loss: 0.0305  time: 0.2866  data: 0.0000  max mem: 10267
Train: data epoch: [43]  [73/74]  eta: 0:00:00  lr: 0.000006  loss: 0.0339  time: 0.2843  data: 0.0000  max mem: 10267
Train: data epoch: [43] Total time: 0:00:21 (0.2953 s / it)
2026-08-20 02:17:44,707 [INFO] Qual: EPOCH[43] -> PLCC: 0.879363, SROCC: 0.819202, KROCC: 0.632073, LOSS: 0.235418
2026-08-20 02:17:44,707 [INFO] Align: EPOCH[43] -> PLCC: 0.803253, SROCC: 0.636836, KROCC: 0.460857, LOSS: 0.358679
2026-08-20 02:17:44,708 [INFO] Start training
2026-08-20 02:17:45,023 [INFO] Start training epoch 44, 74 iters per inner epoch.
2026-08-20 02:18:06,823 [INFO] Averaged stats: lr: 0.000006  loss: 0.043874
2026-08-20 02:18:06,924 [INFO] local gates: {"epoch": 44, "outer_gate": 0.1203, "refine_gate": 0.2705}
2026-08-20 02:18:06,924 [INFO] Evaluating on val.
Train: data epoch: [44]  [ 0/74]  eta: 0:01:17  lr: 0.000006  loss: 0.0637  time: 1.0411  data: 0.0001  max mem: 10267
Train: data epoch: [44]  [20/74]  eta: 0:00:17  lr: 0.000006  loss: 0.0787  time: 0.2844  data: 0.0000  max mem: 10267
Train: data epoch: [44]  [40/74]  eta: 0:00:10  lr: 0.000006  loss: 0.0377  time: 0.2850  data: 0.0000  max mem: 10267
Train: data epoch: [44]  [60/74]  eta: 0:00:04  lr: 0.000006  loss: 0.0446  time: 0.2837  data: 0.0000  max mem: 10267
Train: data epoch: [44]  [73/74]  eta: 0:00:00  lr: 0.000006  loss: 0.0257  time: 0.2837  data: 0.0000  max mem: 10267
Train: data epoch: [44] Total time: 0:00:21 (0.2946 s / it)
2026-08-20 02:18:11,332 [INFO] Qual: EPOCH[44] -> PLCC: 0.879448, SROCC: 0.820517, KROCC: 0.633268, LOSS: 0.226184
2026-08-20 02:18:11,332 [INFO] Align: EPOCH[44] -> PLCC: 0.805623, SROCC: 0.651093, KROCC: 0.473904, LOSS: 0.347570
2026-08-20 02:18:11,333 [INFO] Start training
2026-08-20 02:18:11,618 [INFO] Start training epoch 45, 74 iters per inner epoch.
2026-08-20 02:18:33,960 [INFO] Averaged stats: lr: 0.000006  loss: 0.040588
2026-08-20 02:18:34,077 [INFO] local gates: {"epoch": 45, "outer_gate": 0.1203, "refine_gate": 0.2705}
2026-08-20 02:18:34,078 [INFO] Evaluating on val.
Train: data epoch: [45]  [ 0/74]  eta: 0:01:46  lr: 0.000006  loss: 0.0576  time: 1.4365  data: 0.0001  max mem: 10267
Train: data epoch: [45]  [20/74]  eta: 0:00:18  lr: 0.000006  loss: 0.0309  time: 0.2888  data: 0.0000  max mem: 10267
Train: data epoch: [45]  [40/74]  eta: 0:00:10  lr: 0.000006  loss: 0.0563  time: 0.2868  data: 0.0000  max mem: 10267
Train: data epoch: [45]  [60/74]  eta: 0:00:04  lr: 0.000006  loss: 0.0371  time: 0.2849  data: 0.0000  max mem: 10267
Train: data epoch: [45]  [73/74]  eta: 0:00:00  lr: 0.000006  loss: 0.0238  time: 0.2839  data: 0.0000  max mem: 10267
Train: data epoch: [45] Total time: 0:00:22 (0.3019 s / it)
2026-08-20 02:18:38,367 [INFO] Qual: EPOCH[45] -> PLCC: 0.882593, SROCC: 0.827863, KROCC: 0.640183, LOSS: 0.224391
2026-08-20 02:18:38,368 [INFO] Align: EPOCH[45] -> PLCC: 0.804276, SROCC: 0.645705, KROCC: 0.469167, LOSS: 0.362594
2026-08-20 02:18:38,380 [INFO] Saving checkpoint at epoch 45 to ../run/20260820015_A2_ms_da/checkpoint_best.pth.
2026-08-20 02:18:40,639 [INFO] Start training
2026-08-20 02:18:40,999 [INFO] Start training epoch 46, 74 iters per inner epoch.
2026-08-20 02:19:03,280 [INFO] Averaged stats: lr: 0.000006  loss: 0.039070
2026-08-20 02:19:03,396 [INFO] local gates: {"epoch": 46, "outer_gate": 0.1203, "refine_gate": 0.2705}
2026-08-20 02:19:03,396 [INFO] Evaluating on val.
Train: data epoch: [46]  [ 0/74]  eta: 0:01:34  lr: 0.000006  loss: 0.0338  time: 1.2794  data: 0.0001  max mem: 10267
Train: data epoch: [46]  [20/74]  eta: 0:00:18  lr: 0.000006  loss: 0.0376  time: 0.2882  data: 0.0000  max mem: 10267
Train: data epoch: [46]  [40/74]  eta: 0:00:10  lr: 0.000006  loss: 0.0479  time: 0.2885  data: 0.0000  max mem: 10267
Train: data epoch: [46]  [60/74]  eta: 0:00:04  lr: 0.000006  loss: 0.0678  time: 0.2872  data: 0.0000  max mem: 10267
Train: data epoch: [46]  [73/74]  eta: 0:00:00  lr: 0.000006  loss: 0.0466  time: 0.2861  data: 0.0000  max mem: 10267
Train: data epoch: [46] Total time: 0:00:22 (0.3011 s / it)
2026-08-20 02:19:07,850 [INFO] Qual: EPOCH[46] -> PLCC: 0.883957, SROCC: 0.825185, KROCC: 0.637937, LOSS: 0.226025
2026-08-20 02:19:07,850 [INFO] Align: EPOCH[46] -> PLCC: 0.800058, SROCC: 0.634900, KROCC: 0.460332, LOSS: 0.353828
2026-08-20 02:19:07,851 [INFO] Start training
2026-08-20 02:19:08,167 [INFO] Start training epoch 47, 74 iters per inner epoch.
2026-08-20 02:19:29,921 [INFO] Averaged stats: lr: 0.000006  loss: 0.037757
2026-08-20 02:19:30,034 [INFO] local gates: {"epoch": 47, "outer_gate": 0.1203, "refine_gate": 0.2705}
2026-08-20 02:19:30,035 [INFO] Evaluating on val.
Train: data epoch: [47]  [ 0/74]  eta: 0:01:04  lr: 0.000006  loss: 0.0329  time: 0.8749  data: 0.0001  max mem: 10267
Train: data epoch: [47]  [20/74]  eta: 0:00:17  lr: 0.000006  loss: 0.0368  time: 0.2952  data: 0.0000  max mem: 10267
Train: data epoch: [47]  [40/74]  eta: 0:00:10  lr: 0.000006  loss: 0.0467  time: 0.2816  data: 0.0000  max mem: 10267
Train: data epoch: [47]  [60/74]  eta: 0:00:04  lr: 0.000006  loss: 0.0371  time: 0.2832  data: 0.0000  max mem: 10267
Train: data epoch: [47]  [73/74]  eta: 0:00:00  lr: 0.000006  loss: 0.0471  time: 0.2825  data: 0.0000  max mem: 10267
Train: data epoch: [47] Total time: 0:00:21 (0.2940 s / it)
2026-08-20 02:19:34,400 [INFO] Qual: EPOCH[47] -> PLCC: 0.882500, SROCC: 0.826032, KROCC: 0.637681, LOSS: 0.218251
2026-08-20 02:19:34,400 [INFO] Align: EPOCH[47] -> PLCC: 0.805421, SROCC: 0.640157, KROCC: 0.464755, LOSS: 0.340200
2026-08-20 02:19:34,401 [INFO] Start training
2026-08-20 02:19:34,695 [INFO] Start training epoch 48, 74 iters per inner epoch.
2026-08-20 02:19:57,479 [INFO] Averaged stats: lr: 0.000006  loss: 0.050239
2026-08-20 02:19:57,585 [INFO] local gates: {"epoch": 48, "outer_gate": 0.1203, "refine_gate": 0.2705}
2026-08-20 02:19:57,586 [INFO] Evaluating on val.
Train: data epoch: [48]  [ 0/74]  eta: 0:01:49  lr: 0.000006  loss: 0.0388  time: 1.4757  data: 0.0001  max mem: 10267
Train: data epoch: [48]  [20/74]  eta: 0:00:18  lr: 0.000006  loss: 0.0311  time: 0.2903  data: 0.0000  max mem: 10267
Train: data epoch: [48]  [40/74]  eta: 0:00:10  lr: 0.000006  loss: 0.0451  time: 0.2950  data: 0.0000  max mem: 10267
Train: data epoch: [48]  [60/74]  eta: 0:00:04  lr: 0.000006  loss: 0.0622  time: 0.2923  data: 0.0000  max mem: 10267
Train: data epoch: [48]  [73/74]  eta: 0:00:00  lr: 0.000006  loss: 0.1027  time: 0.2890  data: 0.0000  max mem: 10267
Train: data epoch: [48] Total time: 0:00:22 (0.3079 s / it)
2026-08-20 02:20:01,948 [INFO] Qual: EPOCH[48] -> PLCC: 0.876092, SROCC: 0.816668, KROCC: 0.627672, LOSS: 0.281841
2026-08-20 02:20:01,949 [INFO] Align: EPOCH[48] -> PLCC: 0.784148, SROCC: 0.611480, KROCC: 0.438471, LOSS: 0.494966
2026-08-20 02:20:01,949 [INFO] Start training
2026-08-20 02:20:02,275 [INFO] Start training epoch 49, 74 iters per inner epoch.
2026-08-20 02:20:24,272 [INFO] Averaged stats: lr: 0.000006  loss: 0.050326
2026-08-20 02:20:24,384 [INFO] local gates: {"epoch": 49, "outer_gate": 0.1203, "refine_gate": 0.2705}
2026-08-20 02:20:24,385 [INFO] Evaluating on val.
Train: data epoch: [49]  [ 0/74]  eta: 0:01:11  lr: 0.000006  loss: 0.0749  time: 0.9720  data: 0.0001  max mem: 10267
Train: data epoch: [49]  [20/74]  eta: 0:00:17  lr: 0.000006  loss: 0.0542  time: 0.2949  data: 0.0000  max mem: 10267
Train: data epoch: [49]  [40/74]  eta: 0:00:10  lr: 0.000006  loss: 0.0609  time: 0.2877  data: 0.0000  max mem: 10267
Train: data epoch: [49]  [60/74]  eta: 0:00:04  lr: 0.000006  loss: 0.0474  time: 0.2851  data: 0.0000  max mem: 10267
Train: data epoch: [49]  [73/74]  eta: 0:00:00  lr: 0.000006  loss: 0.0593  time: 0.2817  data: 0.0000  max mem: 10267
Train: data epoch: [49] Total time: 0:00:21 (0.2972 s / it)
2026-08-20 02:20:28,755 [INFO] Qual: EPOCH[49] -> PLCC: 0.877950, SROCC: 0.825063, KROCC: 0.636240, LOSS: 0.274569
2026-08-20 02:20:28,755 [INFO] Align: EPOCH[49] -> PLCC: 0.785327, SROCC: 0.627175, KROCC: 0.452512, LOSS: 0.410186
2026-08-20 02:20:28,756 [INFO] Start training
2026-08-20 02:20:29,038 [INFO] Start training epoch 50, 74 iters per inner epoch.
2026-08-20 02:20:51,244 [INFO] Averaged stats: lr: 0.000006  loss: 0.041716
2026-08-20 02:20:51,357 [INFO] local gates: {"epoch": 50, "outer_gate": 0.1203, "refine_gate": 0.2705}
2026-08-20 02:20:51,358 [INFO] Evaluating on val.
Train: data epoch: [50]  [ 0/74]  eta: 0:01:34  lr: 0.000005  loss: 0.0431  time: 1.2806  data: 0.0001  max mem: 10267
Train: data epoch: [50]  [20/74]  eta: 0:00:18  lr: 0.000005  loss: 0.0481  time: 0.2871  data: 0.0000  max mem: 10267
Train: data epoch: [50]  [40/74]  eta: 0:00:10  lr: 0.000005  loss: 0.0456  time: 0.2870  data: 0.0000  max mem: 10267
Train: data epoch: [50]  [60/74]  eta: 0:00:04  lr: 0.000005  loss: 0.0339  time: 0.2865  data: 0.0000  max mem: 10267
Train: data epoch: [50]  [73/74]  eta: 0:00:00  lr: 0.000005  loss: 0.0347  time: 0.2855  data: 0.0000  max mem: 10267
Train: data epoch: [50] Total time: 0:00:22 (0.3001 s / it)
2026-08-20 02:20:55,668 [INFO] Qual: EPOCH[50] -> PLCC: 0.884605, SROCC: 0.827993, KROCC: 0.641021, LOSS: 0.215161
2026-08-20 02:20:55,668 [INFO] Align: EPOCH[50] -> PLCC: 0.796455, SROCC: 0.637056, KROCC: 0.461683, LOSS: 0.373073
2026-08-20 02:20:55,681 [INFO] Saving checkpoint at epoch 50 to ../run/20260820015_A2_ms_da/checkpoint_best.pth.
2026-08-20 02:20:57,718 [INFO] Start training
2026-08-20 02:20:58,073 [INFO] Start training epoch 51, 74 iters per inner epoch.
2026-08-20 02:21:20,108 [INFO] Averaged stats: lr: 0.000005  loss: 0.036025
2026-08-20 02:21:20,220 [INFO] local gates: {"epoch": 51, "outer_gate": 0.1203, "refine_gate": 0.2705}
2026-08-20 02:21:20,220 [INFO] Evaluating on val.
Train: data epoch: [51]  [ 0/74]  eta: 0:01:25  lr: 0.000005  loss: 0.0300  time: 1.1569  data: 0.0002  max mem: 10267
Train: data epoch: [51]  [20/74]  eta: 0:00:17  lr: 0.000005  loss: 0.0295  time: 0.2876  data: 0.0000  max mem: 10267
Train: data epoch: [51]  [40/74]  eta: 0:00:10  lr: 0.000005  loss: 0.0305  time: 0.2852  data: 0.0000  max mem: 10267
Train: data epoch: [51]  [60/74]  eta: 0:00:04  lr: 0.000005  loss: 0.0316  time: 0.2857  data: 0.0000  max mem: 10267
Train: data epoch: [51]  [73/74]  eta: 0:00:00  lr: 0.000005  loss: 0.0435  time: 0.2848  data: 0.0000  max mem: 10267
Train: data epoch: [51] Total time: 0:00:22 (0.2978 s / it)
2026-08-20 02:21:24,622 [INFO] Qual: EPOCH[51] -> PLCC: 0.884343, SROCC: 0.831331, KROCC: 0.644193, LOSS: 0.222758
2026-08-20 02:21:24,623 [INFO] Align: EPOCH[51] -> PLCC: 0.796287, SROCC: 0.632723, KROCC: 0.457729, LOSS: 0.366501
2026-08-20 02:21:24,635 [INFO] Saving checkpoint at epoch 51 to ../run/20260820015_A2_ms_da/checkpoint_best.pth.
2026-08-20 02:21:26,823 [INFO] Start training
2026-08-20 02:21:27,150 [INFO] Start training epoch 52, 74 iters per inner epoch.
2026-08-20 02:21:49,248 [INFO] Averaged stats: lr: 0.000005  loss: 0.036861
2026-08-20 02:21:49,358 [INFO] local gates: {"epoch": 52, "outer_gate": 0.1203, "refine_gate": 0.2705}
2026-08-20 02:21:49,358 [INFO] Evaluating on val.
Train: data epoch: [52]  [ 0/74]  eta: 0:01:26  lr: 0.000005  loss: 0.0284  time: 1.1677  data: 0.0001  max mem: 10267
Train: data epoch: [52]  [20/74]  eta: 0:00:17  lr: 0.000005  loss: 0.0334  time: 0.2879  data: 0.0000  max mem: 10267
Train: data epoch: [52]  [40/74]  eta: 0:00:10  lr: 0.000005  loss: 0.0469  time: 0.2867  data: 0.0000  max mem: 10267
Train: data epoch: [52]  [60/74]  eta: 0:00:04  lr: 0.000005  loss: 0.0322  time: 0.2863  data: 0.0000  max mem: 10267
Train: data epoch: [52]  [73/74]  eta: 0:00:00  lr: 0.000005  loss: 0.0327  time: 0.2853  data: 0.0000  max mem: 10267
Train: data epoch: [52] Total time: 0:00:22 (0.2986 s / it)
2026-08-20 02:21:53,840 [INFO] Qual: EPOCH[52] -> PLCC: 0.881961, SROCC: 0.826361, KROCC: 0.638049, LOSS: 0.220416
2026-08-20 02:21:53,840 [INFO] Align: EPOCH[52] -> PLCC: 0.788977, SROCC: 0.627833, KROCC: 0.455227, LOSS: 0.389991
2026-08-20 02:21:53,841 [INFO] Start training
2026-08-20 02:21:54,164 [INFO] Start training epoch 53, 74 iters per inner epoch.
2026-08-20 02:22:16,627 [INFO] Averaged stats: lr: 0.000005  loss: 0.033053
2026-08-20 02:22:16,737 [INFO] local gates: {"epoch": 53, "outer_gate": 0.1203, "refine_gate": 0.2705}
2026-08-20 02:22:16,738 [INFO] Evaluating on val.
Train: data epoch: [53]  [ 0/74]  eta: 0:01:33  lr: 0.000005  loss: 0.0294  time: 1.2582  data: 0.0001  max mem: 10267
Train: data epoch: [53]  [20/74]  eta: 0:00:18  lr: 0.000005  loss: 0.0372  time: 0.2955  data: 0.0000  max mem: 10267
Train: data epoch: [53]  [40/74]  eta: 0:00:10  lr: 0.000005  loss: 0.0288  time: 0.2905  data: 0.0000  max mem: 10267
Train: data epoch: [53]  [60/74]  eta: 0:00:04  lr: 0.000005  loss: 0.0278  time: 0.2876  data: 0.0000  max mem: 10267
Train: data epoch: [53]  [73/74]  eta: 0:00:00  lr: 0.000005  loss: 0.0305  time: 0.2868  data: 0.0000  max mem: 10267
Train: data epoch: [53] Total time: 0:00:22 (0.3036 s / it)
2026-08-20 02:22:21,048 [INFO] Qual: EPOCH[53] -> PLCC: 0.886676, SROCC: 0.829231, KROCC: 0.642216, LOSS: 0.212065
2026-08-20 02:22:21,048 [INFO] Align: EPOCH[53] -> PLCC: 0.790105, SROCC: 0.625292, KROCC: 0.453071, LOSS: 0.382868
2026-08-20 02:22:21,058 [INFO] Saving checkpoint at epoch 53 to ../run/20260820015_A2_ms_da/checkpoint_best.pth.
2026-08-20 02:22:23,007 [INFO] Start training
2026-08-20 02:22:23,372 [INFO] Start training epoch 54, 74 iters per inner epoch.
2026-08-20 02:22:45,514 [INFO] Averaged stats: lr: 0.000005  loss: 0.034670
2026-08-20 02:22:45,610 [INFO] local gates: {"epoch": 54, "outer_gate": 0.1203, "refine_gate": 0.2705}
2026-08-20 02:22:45,611 [INFO] Evaluating on val.
Train: data epoch: [54]  [ 0/74]  eta: 0:01:49  lr: 0.000005  loss: 0.0326  time: 1.4823  data: 0.0002  max mem: 10267
Train: data epoch: [54]  [20/74]  eta: 0:00:18  lr: 0.000005  loss: 0.0393  time: 0.2838  data: 0.0000  max mem: 10267
Train: data epoch: [54]  [40/74]  eta: 0:00:10  lr: 0.000005  loss: 0.0361  time: 0.2810  data: 0.0000  max mem: 10267
Train: data epoch: [54]  [60/74]  eta: 0:00:04  lr: 0.000005  loss: 0.0304  time: 0.2834  data: 0.0000  max mem: 10267
Train: data epoch: [54]  [73/74]  eta: 0:00:00  lr: 0.000005  loss: 0.0277  time: 0.2839  data: 0.0000  max mem: 10267
Train: data epoch: [54] Total time: 0:00:22 (0.2992 s / it)
2026-08-20 02:22:49,936 [INFO] Qual: EPOCH[54] -> PLCC: 0.884411, SROCC: 0.831377, KROCC: 0.644037, LOSS: 0.230598
2026-08-20 02:22:49,937 [INFO] Align: EPOCH[54] -> PLCC: 0.796216, SROCC: 0.636156, KROCC: 0.461974, LOSS: 0.375365
2026-08-20 02:22:49,937 [INFO] Start training
2026-08-20 02:22:50,225 [INFO] Start training epoch 55, 74 iters per inner epoch.
2026-08-20 02:23:12,205 [INFO] Averaged stats: lr: 0.000005  loss: 0.032061
2026-08-20 02:23:12,308 [INFO] local gates: {"epoch": 55, "outer_gate": 0.1204, "refine_gate": 0.2706}
2026-08-20 02:23:12,308 [INFO] Evaluating on val.
Train: data epoch: [55]  [ 0/74]  eta: 0:01:08  lr: 0.000005  loss: 0.0337  time: 0.9245  data: 0.0001  max mem: 10267
Train: data epoch: [55]  [20/74]  eta: 0:00:17  lr: 0.000005  loss: 0.0221  time: 0.2869  data: 0.0000  max mem: 10267
Train: data epoch: [55]  [40/74]  eta: 0:00:10  lr: 0.000005  loss: 0.0264  time: 0.2884  data: 0.0000  max mem: 10267
Train: data epoch: [55]  [60/74]  eta: 0:00:04  lr: 0.000005  loss: 0.0285  time: 0.2901  data: 0.0000  max mem: 10267
Train: data epoch: [55]  [73/74]  eta: 0:00:00  lr: 0.000005  loss: 0.0410  time: 0.2881  data: 0.0000  max mem: 10267
Train: data epoch: [55] Total time: 0:00:21 (0.2970 s / it)
2026-08-20 02:23:16,702 [INFO] Qual: EPOCH[55] -> PLCC: 0.887588, SROCC: 0.831823, KROCC: 0.644618, LOSS: 0.210293
2026-08-20 02:23:16,702 [INFO] Align: EPOCH[55] -> PLCC: 0.803471, SROCC: 0.644868, KROCC: 0.469413, LOSS: 0.346806
2026-08-20 02:23:16,715 [INFO] Saving checkpoint at epoch 55 to ../run/20260820015_A2_ms_da/checkpoint_best.pth.
2026-08-20 02:23:18,924 [INFO] Start training
2026-08-20 02:23:19,277 [INFO] Start training epoch 56, 74 iters per inner epoch.
2026-08-20 02:23:41,732 [INFO] Averaged stats: lr: 0.000005  loss: 0.030506
2026-08-20 02:23:41,846 [INFO] local gates: {"epoch": 56, "outer_gate": 0.1204, "refine_gate": 0.2706}
2026-08-20 02:23:41,846 [INFO] Evaluating on val.
Train: data epoch: [56]  [ 0/74]  eta: 0:01:51  lr: 0.000005  loss: 0.0271  time: 1.5006  data: 0.0001  max mem: 10267
Train: data epoch: [56]  [20/74]  eta: 0:00:18  lr: 0.000005  loss: 0.0330  time: 0.2885  data: 0.0000  max mem: 10267
Train: data epoch: [56]  [40/74]  eta: 0:00:10  lr: 0.000005  loss: 0.0314  time: 0.2874  data: 0.0000  max mem: 10267
Train: data epoch: [56]  [60/74]  eta: 0:00:04  lr: 0.000005  loss: 0.0346  time: 0.2860  data: 0.0000  max mem: 10267
Train: data epoch: [56]  [73/74]  eta: 0:00:00  lr: 0.000005  loss: 0.0224  time: 0.2854  data: 0.0000  max mem: 10267
Train: data epoch: [56] Total time: 0:00:22 (0.3034 s / it)
2026-08-20 02:23:46,195 [INFO] Qual: EPOCH[56] -> PLCC: 0.887044, SROCC: 0.830102, KROCC: 0.643065, LOSS: 0.209064
2026-08-20 02:23:46,195 [INFO] Align: EPOCH[56] -> PLCC: 0.798816, SROCC: 0.642978, KROCC: 0.467146, LOSS: 0.368666
2026-08-20 02:23:46,196 [INFO] Start training
2026-08-20 02:23:46,481 [INFO] Start training epoch 57, 74 iters per inner epoch.
2026-08-20 02:24:08,576 [INFO] Averaged stats: lr: 0.000005  loss: 0.028612
2026-08-20 02:24:08,693 [INFO] local gates: {"epoch": 57, "outer_gate": 0.1204, "refine_gate": 0.2706}
2026-08-20 02:24:08,694 [INFO] Evaluating on val.
Train: data epoch: [57]  [ 0/74]  eta: 0:01:20  lr: 0.000005  loss: 0.0410  time: 1.0914  data: 0.0001  max mem: 10267
Train: data epoch: [57]  [20/74]  eta: 0:00:17  lr: 0.000005  loss: 0.0159  time: 0.2877  data: 0.0000  max mem: 10267
Train: data epoch: [57]  [40/74]  eta: 0:00:10  lr: 0.000005  loss: 0.0312  time: 0.2881  data: 0.0000  max mem: 10267
Train: data epoch: [57]  [60/74]  eta: 0:00:04  lr: 0.000005  loss: 0.0320  time: 0.2882  data: 0.0000  max mem: 10267
Train: data epoch: [57]  [73/74]  eta: 0:00:00  lr: 0.000005  loss: 0.0208  time: 0.2867  data: 0.0000  max mem: 10267
Train: data epoch: [57] Total time: 0:00:22 (0.2986 s / it)
2026-08-20 02:24:12,948 [INFO] Qual: EPOCH[57] -> PLCC: 0.885628, SROCC: 0.830346, KROCC: 0.642596, LOSS: 0.221220
2026-08-20 02:24:12,948 [INFO] Align: EPOCH[57] -> PLCC: 0.800780, SROCC: 0.640390, KROCC: 0.465894, LOSS: 0.373975
2026-08-20 02:24:12,948 [INFO] Start training
2026-08-20 02:24:13,267 [INFO] Start training epoch 58, 74 iters per inner epoch.
2026-08-20 02:24:35,146 [INFO] Averaged stats: lr: 0.000004  loss: 0.029652
2026-08-20 02:24:35,256 [INFO] local gates: {"epoch": 58, "outer_gate": 0.1204, "refine_gate": 0.2706}
2026-08-20 02:24:35,257 [INFO] Evaluating on val.
Train: data epoch: [58]  [ 0/74]  eta: 0:01:08  lr: 0.000004  loss: 0.0249  time: 0.9299  data: 0.0001  max mem: 10267
Train: data epoch: [58]  [20/74]  eta: 0:00:17  lr: 0.000004  loss: 0.0435  time: 0.2884  data: 0.0000  max mem: 10267
Train: data epoch: [58]  [40/74]  eta: 0:00:10  lr: 0.000004  loss: 0.0299  time: 0.2864  data: 0.0000  max mem: 10267
Train: data epoch: [58]  [60/74]  eta: 0:00:04  lr: 0.000004  loss: 0.0344  time: 0.2862  data: 0.0000  max mem: 10267
Train: data epoch: [58]  [73/74]  eta: 0:00:00  lr: 0.000004  loss: 0.0227  time: 0.2863  data: 0.0000  max mem: 10267
Train: data epoch: [58] Total time: 0:00:21 (0.2957 s / it)
2026-08-20 02:24:39,582 [INFO] Qual: EPOCH[58] -> PLCC: 0.887857, SROCC: 0.834461, KROCC: 0.648270, LOSS: 0.207887
2026-08-20 02:24:39,582 [INFO] Align: EPOCH[58] -> PLCC: 0.801067, SROCC: 0.647237, KROCC: 0.471245, LOSS: 0.348960
2026-08-20 02:24:39,592 [INFO] Saving checkpoint at epoch 58 to ../run/20260820015_A2_ms_da/checkpoint_best.pth.
2026-08-20 02:24:41,859 [INFO] Start training
2026-08-20 02:24:42,210 [INFO] Start training epoch 59, 74 iters per inner epoch.
2026-08-20 02:25:03,993 [INFO] Averaged stats: lr: 0.000004  loss: 0.029346
2026-08-20 02:25:04,083 [INFO] local gates: {"epoch": 59, "outer_gate": 0.1204, "refine_gate": 0.2706}
2026-08-20 02:25:04,083 [INFO] Evaluating on val.
Train: data epoch: [59]  [ 0/74]  eta: 0:01:20  lr: 0.000004  loss: 0.0321  time: 1.0828  data: 0.0001  max mem: 10267
Train: data epoch: [59]  [20/74]  eta: 0:00:17  lr: 0.000004  loss: 0.0270  time: 0.2841  data: 0.0000  max mem: 10267
Train: data epoch: [59]  [40/74]  eta: 0:00:10  lr: 0.000004  loss: 0.0289  time: 0.2831  data: 0.0000  max mem: 10267
Train: data epoch: [59]  [60/74]  eta: 0:00:04  lr: 0.000004  loss: 0.0203  time: 0.2836  data: 0.0000  max mem: 10267
Train: data epoch: [59]  [73/74]  eta: 0:00:00  lr: 0.000004  loss: 0.0241  time: 0.2832  data: 0.0000  max mem: 10267
Train: data epoch: [59] Total time: 0:00:21 (0.2944 s / it)
2026-08-20 02:25:08,373 [INFO] Qual: EPOCH[59] -> PLCC: 0.887604, SROCC: 0.831755, KROCC: 0.644361, LOSS: 0.210259
2026-08-20 02:25:08,373 [INFO] Align: EPOCH[59] -> PLCC: 0.802325, SROCC: 0.642681, KROCC: 0.468519, LOSS: 0.351673
2026-08-20 02:25:08,373 [INFO] Start training
2026-08-20 02:25:08,660 [INFO] Start training epoch 60, 74 iters per inner epoch.
2026-08-20 02:25:30,569 [INFO] Averaged stats: lr: 0.000004  loss: 0.027659
2026-08-20 02:25:30,663 [INFO] local gates: {"epoch": 60, "outer_gate": 0.1204, "refine_gate": 0.2706}
2026-08-20 02:25:30,664 [INFO] Evaluating on val.
Train: data epoch: [60]  [ 0/74]  eta: 0:01:13  lr: 0.000004  loss: 0.0383  time: 0.9973  data: 0.0001  max mem: 10267
Train: data epoch: [60]  [20/74]  eta: 0:00:17  lr: 0.000004  loss: 0.0233  time: 0.2867  data: 0.0000  max mem: 10267
Train: data epoch: [60]  [40/74]  eta: 0:00:10  lr: 0.000004  loss: 0.0212  time: 0.2867  data: 0.0000  max mem: 10267
Train: data epoch: [60]  [60/74]  eta: 0:00:04  lr: 0.000004  loss: 0.0182  time: 0.2864  data: 0.0000  max mem: 10267
Train: data epoch: [60]  [73/74]  eta: 0:00:00  lr: 0.000004  loss: 0.0281  time: 0.2855  data: 0.0000  max mem: 10267
Train: data epoch: [60] Total time: 0:00:21 (0.2961 s / it)
2026-08-20 02:25:35,070 [INFO] Qual: EPOCH[60] -> PLCC: 0.885999, SROCC: 0.833618, KROCC: 0.645925, LOSS: 0.232601
2026-08-20 02:25:35,070 [INFO] Align: EPOCH[60] -> PLCC: 0.797818, SROCC: 0.637350, KROCC: 0.462946, LOSS: 0.379306
2026-08-20 02:25:35,080 [INFO] Saving checkpoint at epoch 60 to ../run/20260820015_A2_ms_da/checkpoint_latest.pth.
2026-08-20 02:25:36,355 [INFO] Start training
2026-08-20 02:25:36,649 [INFO] Start training epoch 61, 74 iters per inner epoch.
2026-08-20 02:25:58,531 [INFO] Averaged stats: lr: 0.000004  loss: 0.027769
2026-08-20 02:25:58,649 [INFO] local gates: {"epoch": 61, "outer_gate": 0.1204, "refine_gate": 0.2706}
2026-08-20 02:25:58,650 [INFO] Evaluating on val.
Train: data epoch: [61]  [ 0/74]  eta: 0:01:10  lr: 0.000004  loss: 0.0226  time: 0.9483  data: 0.0001  max mem: 10267
Train: data epoch: [61]  [20/74]  eta: 0:00:17  lr: 0.000004  loss: 0.0227  time: 0.2893  data: 0.0000  max mem: 10267
Train: data epoch: [61]  [40/74]  eta: 0:00:10  lr: 0.000004  loss: 0.0463  time: 0.2867  data: 0.0000  max mem: 10267
Train: data epoch: [61]  [60/74]  eta: 0:00:04  lr: 0.000004  loss: 0.0271  time: 0.2856  data: 0.0000  max mem: 10267
Train: data epoch: [61]  [73/74]  eta: 0:00:00  lr: 0.000004  loss: 0.0260  time: 0.2847  data: 0.0000  max mem: 10267
Train: data epoch: [61] Total time: 0:00:21 (0.2957 s / it)
2026-08-20 02:26:02,941 [INFO] Qual: EPOCH[61] -> PLCC: 0.888558, SROCC: 0.832964, KROCC: 0.645779, LOSS: 0.206232
2026-08-20 02:26:02,941 [INFO] Align: EPOCH[61] -> PLCC: 0.797895, SROCC: 0.637314, KROCC: 0.463314, LOSS: 0.355382
2026-08-20 02:26:02,941 [INFO] Start training
2026-08-20 02:26:03,234 [INFO] Start training epoch 62, 74 iters per inner epoch.
2026-08-20 02:26:25,306 [INFO] Averaged stats: lr: 0.000004  loss: 0.026237
2026-08-20 02:26:25,415 [INFO] local gates: {"epoch": 62, "outer_gate": 0.1204, "refine_gate": 0.2706}
2026-08-20 02:26:25,415 [INFO] Evaluating on val.
Train: data epoch: [62]  [ 0/74]  eta: 0:01:20  lr: 0.000004  loss: 0.0302  time: 1.0853  data: 0.0001  max mem: 10267
Train: data epoch: [62]  [20/74]  eta: 0:00:17  lr: 0.000004  loss: 0.0316  time: 0.2883  data: 0.0000  max mem: 10267
Train: data epoch: [62]  [40/74]  eta: 0:00:10  lr: 0.000004  loss: 0.0277  time: 0.2877  data: 0.0000  max mem: 10267
Train: data epoch: [62]  [60/74]  eta: 0:00:04  lr: 0.000004  loss: 0.0248  time: 0.2872  data: 0.0000  max mem: 10267
Train: data epoch: [62]  [73/74]  eta: 0:00:00  lr: 0.000004  loss: 0.0249  time: 0.2868  data: 0.0000  max mem: 10267
Train: data epoch: [62] Total time: 0:00:22 (0.2983 s / it)
2026-08-20 02:26:30,049 [INFO] Qual: EPOCH[62] -> PLCC: 0.890046, SROCC: 0.836035, KROCC: 0.649946, LOSS: 0.206607
2026-08-20 02:26:30,049 [INFO] Align: EPOCH[62] -> PLCC: 0.804067, SROCC: 0.645368, KROCC: 0.469145, LOSS: 0.347015
2026-08-20 02:26:30,062 [INFO] Saving checkpoint at epoch 62 to ../run/20260820015_A2_ms_da/checkpoint_best.pth.
2026-08-20 02:26:31,554 [INFO] Start training
2026-08-20 02:26:31,883 [INFO] Start training epoch 63, 74 iters per inner epoch.
2026-08-20 02:26:54,233 [INFO] Averaged stats: lr: 0.000004  loss: 0.025335
2026-08-20 02:26:54,338 [INFO] local gates: {"epoch": 63, "outer_gate": 0.1204, "refine_gate": 0.2706}
2026-08-20 02:26:54,339 [INFO] Evaluating on val.
Train: data epoch: [63]  [ 0/74]  eta: 0:01:43  lr: 0.000004  loss: 0.0333  time: 1.4020  data: 0.0001  max mem: 10267
Train: data epoch: [63]  [20/74]  eta: 0:00:18  lr: 0.000004  loss: 0.0314  time: 0.2886  data: 0.0000  max mem: 10267
Train: data epoch: [63]  [40/74]  eta: 0:00:10  lr: 0.000004  loss: 0.0228  time: 0.2865  data: 0.0000  max mem: 10267
Train: data epoch: [63]  [60/74]  eta: 0:00:04  lr: 0.000004  loss: 0.0474  time: 0.2863  data: 0.0000  max mem: 10267
Train: data epoch: [63]  [73/74]  eta: 0:00:00  lr: 0.000004  loss: 0.0237  time: 0.2857  data: 0.0000  max mem: 10267
Train: data epoch: [63] Total time: 0:00:22 (0.3020 s / it)
2026-08-20 02:26:58,888 [INFO] Qual: EPOCH[63] -> PLCC: 0.887566, SROCC: 0.833817, KROCC: 0.647220, LOSS: 0.223301
2026-08-20 02:26:58,888 [INFO] Align: EPOCH[63] -> PLCC: 0.800245, SROCC: 0.642133, KROCC: 0.467268, LOSS: 0.363961
2026-08-20 02:26:58,889 [INFO] Start training
2026-08-20 02:26:59,214 [INFO] Start training epoch 64, 74 iters per inner epoch.
2026-08-20 02:27:21,284 [INFO] Averaged stats: lr: 0.000004  loss: 0.027010
2026-08-20 02:27:21,405 [INFO] local gates: {"epoch": 64, "outer_gate": 0.1204, "refine_gate": 0.2706}
2026-08-20 02:27:21,406 [INFO] Evaluating on val.
Train: data epoch: [64]  [ 0/74]  eta: 0:01:21  lr: 0.000004  loss: 0.0373  time: 1.0968  data: 0.0001  max mem: 10267
Train: data epoch: [64]  [20/74]  eta: 0:00:17  lr: 0.000004  loss: 0.0213  time: 0.2873  data: 0.0000  max mem: 10267
Train: data epoch: [64]  [40/74]  eta: 0:00:10  lr: 0.000004  loss: 0.0206  time: 0.2880  data: 0.0000  max mem: 10267
Train: data epoch: [64]  [60/74]  eta: 0:00:04  lr: 0.000004  loss: 0.0273  time: 0.2874  data: 0.0000  max mem: 10267
Train: data epoch: [64]  [73/74]  eta: 0:00:00  lr: 0.000004  loss: 0.0236  time: 0.2856  data: 0.0000  max mem: 10267
Train: data epoch: [64] Total time: 0:00:22 (0.2982 s / it)
2026-08-20 02:27:25,838 [INFO] Qual: EPOCH[64] -> PLCC: 0.887658, SROCC: 0.833614, KROCC: 0.646606, LOSS: 0.208349
2026-08-20 02:27:25,839 [INFO] Align: EPOCH[64] -> PLCC: 0.804796, SROCC: 0.643136, KROCC: 0.468106, LOSS: 0.345062
2026-08-20 02:27:25,839 [INFO] Start training
2026-08-20 02:27:26,140 [INFO] Start training epoch 65, 74 iters per inner epoch.
2026-08-20 02:27:48,261 [INFO] Averaged stats: lr: 0.000003  loss: 0.026603
2026-08-20 02:27:48,402 [INFO] local gates: {"epoch": 65, "outer_gate": 0.1204, "refine_gate": 0.2706}
2026-08-20 02:27:48,402 [INFO] Evaluating on val.
Train: data epoch: [65]  [ 0/74]  eta: 0:01:27  lr: 0.000003  loss: 0.0369  time: 1.1771  data: 0.0001  max mem: 10267
Train: data epoch: [65]  [20/74]  eta: 0:00:17  lr: 0.000003  loss: 0.0267  time: 0.2871  data: 0.0000  max mem: 10267
Train: data epoch: [65]  [40/74]  eta: 0:00:10  lr: 0.000003  loss: 0.0277  time: 0.2876  data: 0.0000  max mem: 10267
Train: data epoch: [65]  [60/74]  eta: 0:00:04  lr: 0.000003  loss: 0.0249  time: 0.2865  data: 0.0000  max mem: 10267
Train: data epoch: [65]  [73/74]  eta: 0:00:00  lr: 0.000003  loss: 0.0273  time: 0.2856  data: 0.0000  max mem: 10267
Train: data epoch: [65] Total time: 0:00:22 (0.2989 s / it)
2026-08-20 02:27:52,890 [INFO] Qual: EPOCH[65] -> PLCC: 0.886763, SROCC: 0.832409, KROCC: 0.645131, LOSS: 0.234201
2026-08-20 02:27:52,891 [INFO] Align: EPOCH[65] -> PLCC: 0.802787, SROCC: 0.641540, KROCC: 0.467555, LOSS: 0.382876
2026-08-20 02:27:52,903 [INFO] Saving checkpoint at epoch 65 to ../run/20260820015_A2_ms_da/checkpoint_latest.pth.
2026-08-20 02:27:55,097 [INFO] Start training
2026-08-20 02:27:55,445 [INFO] Start training epoch 66, 74 iters per inner epoch.
2026-08-20 02:28:17,451 [INFO] Averaged stats: lr: 0.000003  loss: 0.024876
2026-08-20 02:28:17,559 [INFO] local gates: {"epoch": 66, "outer_gate": 0.1204, "refine_gate": 0.2706}
2026-08-20 02:28:17,559 [INFO] Evaluating on val.
Train: data epoch: [66]  [ 0/74]  eta: 0:01:08  lr: 0.000003  loss: 0.0227  time: 0.9200  data: 0.0002  max mem: 10267
Train: data epoch: [66]  [20/74]  eta: 0:00:17  lr: 0.000003  loss: 0.0270  time: 0.2952  data: 0.0000  max mem: 10267
Train: data epoch: [66]  [40/74]  eta: 0:00:10  lr: 0.000003  loss: 0.0155  time: 0.2869  data: 0.0000  max mem: 10267
Train: data epoch: [66]  [60/74]  eta: 0:00:04  lr: 0.000003  loss: 0.0211  time: 0.2863  data: 0.0000  max mem: 10267
Train: data epoch: [66]  [73/74]  eta: 0:00:00  lr: 0.000003  loss: 0.0205  time: 0.2855  data: 0.0000  max mem: 10267
Train: data epoch: [66] Total time: 0:00:22 (0.2974 s / it)
2026-08-20 02:28:22,116 [INFO] Qual: EPOCH[66] -> PLCC: 0.885121, SROCC: 0.830825, KROCC: 0.643121, LOSS: 0.223708
2026-08-20 02:28:22,116 [INFO] Align: EPOCH[66] -> PLCC: 0.800255, SROCC: 0.641516, KROCC: 0.467134, LOSS: 0.371773
2026-08-20 02:28:22,117 [INFO] Start training
2026-08-20 02:28:22,428 [INFO] Start training epoch 67, 74 iters per inner epoch.
2026-08-20 02:28:44,379 [INFO] Averaged stats: lr: 0.000003  loss: 0.022822
2026-08-20 02:28:44,498 [INFO] local gates: {"epoch": 67, "outer_gate": 0.1204, "refine_gate": 0.2706}
2026-08-20 02:28:44,499 [INFO] Evaluating on val.
Train: data epoch: [67]  [ 0/74]  eta: 0:01:11  lr: 0.000003  loss: 0.0142  time: 0.9624  data: 0.0001  max mem: 10267
Train: data epoch: [67]  [20/74]  eta: 0:00:17  lr: 0.000003  loss: 0.0158  time: 0.2889  data: 0.0000  max mem: 10267
Train: data epoch: [67]  [40/74]  eta: 0:00:10  lr: 0.000003  loss: 0.0242  time: 0.2876  data: 0.0000  max mem: 10267
Train: data epoch: [67]  [60/74]  eta: 0:00:04  lr: 0.000003  loss: 0.0367  time: 0.2866  data: 0.0000  max mem: 10267
Train: data epoch: [67]  [73/74]  eta: 0:00:00  lr: 0.000003  loss: 0.0188  time: 0.2863  data: 0.0000  max mem: 10267
Train: data epoch: [67] Total time: 0:00:21 (0.2966 s / it)
2026-08-20 02:28:48,949 [INFO] Qual: EPOCH[67] -> PLCC: 0.885717, SROCC: 0.831774, KROCC: 0.644584, LOSS: 0.221406
2026-08-20 02:28:48,949 [INFO] Align: EPOCH[67] -> PLCC: 0.798231, SROCC: 0.633897, KROCC: 0.459572, LOSS: 0.364463
2026-08-20 02:28:48,950 [INFO] Start training
2026-08-20 02:28:49,297 [INFO] Start training epoch 68, 74 iters per inner epoch.
2026-08-20 02:29:11,226 [INFO] Averaged stats: lr: 0.000003  loss: 0.025117
2026-08-20 02:29:11,338 [INFO] local gates: {"epoch": 68, "outer_gate": 0.1204, "refine_gate": 0.2706}
2026-08-20 02:29:11,339 [INFO] Evaluating on val.
Train: data epoch: [68]  [ 0/74]  eta: 0:01:04  lr: 0.000003  loss: 0.0177  time: 0.8701  data: 0.0001  max mem: 10267
Train: data epoch: [68]  [20/74]  eta: 0:00:17  lr: 0.000003  loss: 0.0328  time: 0.2893  data: 0.0000  max mem: 10267
Train: data epoch: [68]  [40/74]  eta: 0:00:10  lr: 0.000003  loss: 0.0219  time: 0.2892  data: 0.0000  max mem: 10267
Train: data epoch: [68]  [60/74]  eta: 0:00:04  lr: 0.000003  loss: 0.0232  time: 0.2874  data: 0.0000  max mem: 10267
Train: data epoch: [68]  [73/74]  eta: 0:00:00  lr: 0.000003  loss: 0.0195  time: 0.2874  data: 0.0000  max mem: 10267
Train: data epoch: [68] Total time: 0:00:21 (0.2963 s / it)
2026-08-20 02:29:15,661 [INFO] Qual: EPOCH[68] -> PLCC: 0.888408, SROCC: 0.834185, KROCC: 0.647477, LOSS: 0.213879
2026-08-20 02:29:15,661 [INFO] Align: EPOCH[68] -> PLCC: 0.798293, SROCC: 0.635579, KROCC: 0.461158, LOSS: 0.390014
2026-08-20 02:29:15,662 [INFO] Start training
2026-08-20 02:29:15,959 [INFO] Start training epoch 69, 74 iters per inner epoch.
2026-08-20 02:29:37,926 [INFO] Averaged stats: lr: 0.000003  loss: 0.023550
2026-08-20 02:29:38,044 [INFO] local gates: {"epoch": 69, "outer_gate": 0.1204, "refine_gate": 0.2706}
2026-08-20 02:29:38,045 [INFO] Evaluating on val.
Train: data epoch: [69]  [ 0/74]  eta: 0:01:18  lr: 0.000003  loss: 0.0219  time: 1.0551  data: 0.0001  max mem: 10267
Train: data epoch: [69]  [20/74]  eta: 0:00:17  lr: 0.000003  loss: 0.0174  time: 0.2894  data: 0.0000  max mem: 10267
Train: data epoch: [69]  [40/74]  eta: 0:00:10  lr: 0.000003  loss: 0.0454  time: 0.2859  data: 0.0000  max mem: 10267
Train: data epoch: [69]  [60/74]  eta: 0:00:04  lr: 0.000003  loss: 0.0215  time: 0.2848  data: 0.0000  max mem: 10267
Train: data epoch: [69]  [73/74]  eta: 0:00:00  lr: 0.000003  loss: 0.0401  time: 0.2848  data: 0.0000  max mem: 10267
Train: data epoch: [69] Total time: 0:00:21 (0.2968 s / it)
2026-08-20 02:29:42,336 [INFO] Qual: EPOCH[69] -> PLCC: 0.887595, SROCC: 0.833363, KROCC: 0.647042, LOSS: 0.213851
2026-08-20 02:29:42,336 [INFO] Align: EPOCH[69] -> PLCC: 0.800893, SROCC: 0.635167, KROCC: 0.461739, LOSS: 0.366191
2026-08-20 02:29:42,337 [INFO] Start training
2026-08-20 02:29:42,618 [INFO] Start training epoch 70, 74 iters per inner epoch.
2026-08-20 02:30:04,724 [INFO] Averaged stats: lr: 0.000003  loss: 0.024239
2026-08-20 02:30:04,831 [INFO] local gates: {"epoch": 70, "outer_gate": 0.1204, "refine_gate": 0.2706}
2026-08-20 02:30:04,832 [INFO] Evaluating on val.
Train: data epoch: [70]  [ 0/74]  eta: 0:01:33  lr: 0.000003  loss: 0.0175  time: 1.2620  data: 0.0001  max mem: 10267
Train: data epoch: [70]  [20/74]  eta: 0:00:17  lr: 0.000003  loss: 0.0322  time: 0.2868  data: 0.0000  max mem: 10267
Train: data epoch: [70]  [40/74]  eta: 0:00:10  lr: 0.000003  loss: 0.0135  time: 0.2855  data: 0.0000  max mem: 10267
Train: data epoch: [70]  [60/74]  eta: 0:00:04  lr: 0.000003  loss: 0.0140  time: 0.2848  data: 0.0000  max mem: 10267
Train: data epoch: [70]  [73/74]  eta: 0:00:00  lr: 0.000003  loss: 0.0389  time: 0.2842  data: 0.0000  max mem: 10267
Train: data epoch: [70] Total time: 0:00:22 (0.2987 s / it)
2026-08-20 02:30:09,191 [INFO] Qual: EPOCH[70] -> PLCC: 0.887675, SROCC: 0.831342, KROCC: 0.644528, LOSS: 0.208981
2026-08-20 02:30:09,191 [INFO] Align: EPOCH[70] -> PLCC: 0.800917, SROCC: 0.636564, KROCC: 0.462901, LOSS: 0.353421
2026-08-20 02:30:09,204 [INFO] Saving checkpoint at epoch 70 to ../run/20260820015_A2_ms_da/checkpoint_latest.pth.
2026-08-20 02:30:11,132 [INFO] Start training
2026-08-20 02:30:11,451 [INFO] Start training epoch 71, 74 iters per inner epoch.
2026-08-20 02:30:33,544 [INFO] Averaged stats: lr: 0.000003  loss: 0.022605
2026-08-20 02:30:33,647 [INFO] local gates: {"epoch": 71, "outer_gate": 0.1204, "refine_gate": 0.2706}
2026-08-20 02:30:33,647 [INFO] Evaluating on val.
Train: data epoch: [71]  [ 0/74]  eta: 0:01:18  lr: 0.000003  loss: 0.0291  time: 1.0606  data: 0.0001  max mem: 10267
Train: data epoch: [71]  [20/74]  eta: 0:00:17  lr: 0.000003  loss: 0.0213  time: 0.2879  data: 0.0000  max mem: 10267
Train: data epoch: [71]  [40/74]  eta: 0:00:10  lr: 0.000003  loss: 0.0140  time: 0.2893  data: 0.0000  max mem: 10267
Train: data epoch: [71]  [60/74]  eta: 0:00:04  lr: 0.000003  loss: 0.0160  time: 0.2879  data: 0.0000  max mem: 10267
Train: data epoch: [71]  [73/74]  eta: 0:00:00  lr: 0.000003  loss: 0.0238  time: 0.2865  data: 0.0000  max mem: 10267
Train: data epoch: [71] Total time: 0:00:22 (0.2985 s / it)
2026-08-20 02:30:37,975 [INFO] Qual: EPOCH[71] -> PLCC: 0.888807, SROCC: 0.834966, KROCC: 0.649164, LOSS: 0.210890
2026-08-20 02:30:37,975 [INFO] Align: EPOCH[71] -> PLCC: 0.801668, SROCC: 0.642201, KROCC: 0.467682, LOSS: 0.362928
2026-08-20 02:30:37,975 [INFO] Start training
2026-08-20 02:30:38,261 [INFO] Start training epoch 72, 74 iters per inner epoch.
2026-08-20 02:31:00,288 [INFO] Averaged stats: lr: 0.000003  loss: 0.024128
2026-08-20 02:31:00,386 [INFO] local gates: {"epoch": 72, "outer_gate": 0.1204, "refine_gate": 0.2706}
2026-08-20 02:31:00,386 [INFO] Evaluating on val.
Train: data epoch: [72]  [ 0/74]  eta: 0:01:30  lr: 0.000003  loss: 0.0160  time: 1.2274  data: 0.0001  max mem: 10267
Train: data epoch: [72]  [20/74]  eta: 0:00:17  lr: 0.000003  loss: 0.0483  time: 0.2852  data: 0.0000  max mem: 10267
Train: data epoch: [72]  [40/74]  eta: 0:00:10  lr: 0.000003  loss: 0.0253  time: 0.2856  data: 0.0000  max mem: 10267
Train: data epoch: [72]  [60/74]  eta: 0:00:04  lr: 0.000003  loss: 0.0321  time: 0.2843  data: 0.0000  max mem: 10267
Train: data epoch: [72]  [73/74]  eta: 0:00:00  lr: 0.000003  loss: 0.0174  time: 0.2839  data: 0.0000  max mem: 10267
Train: data epoch: [72] Total time: 0:00:22 (0.2976 s / it)
2026-08-20 02:31:04,716 [INFO] Qual: EPOCH[72] -> PLCC: 0.887744, SROCC: 0.831829, KROCC: 0.644416, LOSS: 0.223678
2026-08-20 02:31:04,717 [INFO] Align: EPOCH[72] -> PLCC: 0.801282, SROCC: 0.636065, KROCC: 0.461963, LOSS: 0.356151
2026-08-20 02:31:04,718 [INFO] Start training
2026-08-20 02:31:05,044 [INFO] Start training epoch 73, 74 iters per inner epoch.
2026-08-20 02:31:27,366 [INFO] Averaged stats: lr: 0.000003  loss: 0.022451
2026-08-20 02:31:27,470 [INFO] local gates: {"epoch": 73, "outer_gate": 0.1204, "refine_gate": 0.2706}
2026-08-20 02:31:27,470 [INFO] Evaluating on val.
Train: data epoch: [73]  [ 0/74]  eta: 0:01:40  lr: 0.000003  loss: 0.0372  time: 1.3516  data: 0.0001  max mem: 10267
Train: data epoch: [73]  [20/74]  eta: 0:00:18  lr: 0.000003  loss: 0.0160  time: 0.2882  data: 0.0000  max mem: 10267
Train: data epoch: [73]  [40/74]  eta: 0:00:10  lr: 0.000003  loss: 0.0380  time: 0.2877  data: 0.0000  max mem: 10267
Train: data epoch: [73]  [60/74]  eta: 0:00:04  lr: 0.000003  loss: 0.0183  time: 0.2866  data: 0.0000  max mem: 10267
Train: data epoch: [73]  [73/74]  eta: 0:00:00  lr: 0.000003  loss: 0.0273  time: 0.2857  data: 0.0000  max mem: 10267
Train: data epoch: [73] Total time: 0:00:22 (0.3016 s / it)
2026-08-20 02:31:31,789 [INFO] Qual: EPOCH[73] -> PLCC: 0.888943, SROCC: 0.835085, KROCC: 0.648226, LOSS: 0.207292
2026-08-20 02:31:31,789 [INFO] Align: EPOCH[73] -> PLCC: 0.800314, SROCC: 0.639090, KROCC: 0.464431, LOSS: 0.354347
2026-08-20 02:31:31,790 [INFO] Start training
2026-08-20 02:31:32,081 [INFO] Start training epoch 74, 74 iters per inner epoch.
2026-08-20 02:31:54,113 [INFO] Averaged stats: lr: 0.000002  loss: 0.021646
2026-08-20 02:31:54,225 [INFO] local gates: {"epoch": 74, "outer_gate": 0.1204, "refine_gate": 0.2706}
2026-08-20 02:31:54,225 [INFO] Evaluating on val.
Train: data epoch: [74]  [ 0/74]  eta: 0:01:19  lr: 0.000002  loss: 0.0208  time: 1.0718  data: 0.0001  max mem: 10267
Train: data epoch: [74]  [20/74]  eta: 0:00:17  lr: 0.000002  loss: 0.0225  time: 0.2889  data: 0.0000  max mem: 10267
Train: data epoch: [74]  [40/74]  eta: 0:00:10  lr: 0.000002  loss: 0.0210  time: 0.2871  data: 0.0000  max mem: 10267
Train: data epoch: [74]  [60/74]  eta: 0:00:04  lr: 0.000002  loss: 0.0209  time: 0.2861  data: 0.0000  max mem: 10267
Train: data epoch: [74]  [73/74]  eta: 0:00:00  lr: 0.000002  loss: 0.0262  time: 0.2857  data: 0.0000  max mem: 10267
Train: data epoch: [74] Total time: 0:00:22 (0.2977 s / it)
2026-08-20 02:31:58,544 [INFO] Qual: EPOCH[74] -> PLCC: 0.885706, SROCC: 0.832067, KROCC: 0.644852, LOSS: 0.225530
2026-08-20 02:31:58,544 [INFO] Align: EPOCH[74] -> PLCC: 0.798330, SROCC: 0.636015, KROCC: 0.461382, LOSS: 0.385705
2026-08-20 02:31:58,544 [INFO] Start training
2026-08-20 02:31:58,830 [INFO] Start training epoch 75, 74 iters per inner epoch.
2026-08-20 02:32:20,570 [INFO] Averaged stats: lr: 0.000002  loss: 0.021846
2026-08-20 02:32:20,665 [INFO] local gates: {"epoch": 75, "outer_gate": 0.1204, "refine_gate": 0.2706}
2026-08-20 02:32:20,665 [INFO] Evaluating on val.
Train: data epoch: [75]  [ 0/74]  eta: 0:01:04  lr: 0.000002  loss: 0.0150  time: 0.8715  data: 0.0001  max mem: 10267
Train: data epoch: [75]  [20/74]  eta: 0:00:17  lr: 0.000002  loss: 0.0275  time: 0.2905  data: 0.0000  max mem: 10267
Train: data epoch: [75]  [40/74]  eta: 0:00:10  lr: 0.000002  loss: 0.0229  time: 0.2849  data: 0.0000  max mem: 10267
Train: data epoch: [75]  [60/74]  eta: 0:00:04  lr: 0.000002  loss: 0.0292  time: 0.2835  data: 0.0000  max mem: 10267
Train: data epoch: [75]  [73/74]  eta: 0:00:00  lr: 0.000002  loss: 0.0182  time: 0.2834  data: 0.0000  max mem: 10267
Train: data epoch: [75] Total time: 0:00:21 (0.2938 s / it)
2026-08-20 02:32:25,028 [INFO] Qual: EPOCH[75] -> PLCC: 0.887879, SROCC: 0.834126, KROCC: 0.647287, LOSS: 0.224395
2026-08-20 02:32:25,028 [INFO] Align: EPOCH[75] -> PLCC: 0.800150, SROCC: 0.636473, KROCC: 0.462197, LOSS: 0.377683
2026-08-20 02:32:25,041 [INFO] Saving checkpoint at epoch 75 to ../run/20260820015_A2_ms_da/checkpoint_latest.pth.
2026-08-20 02:32:26,357 [INFO] Start training
2026-08-20 02:32:26,654 [INFO] Start training epoch 76, 74 iters per inner epoch.
2026-08-20 02:32:48,771 [INFO] Averaged stats: lr: 0.000002  loss: 0.021598
2026-08-20 02:32:48,881 [INFO] local gates: {"epoch": 76, "outer_gate": 0.1204, "refine_gate": 0.2706}
2026-08-20 02:32:48,882 [INFO] Evaluating on val.
Train: data epoch: [76]  [ 0/74]  eta: 0:01:25  lr: 0.000002  loss: 0.0337  time: 1.1490  data: 0.0001  max mem: 10267
Train: data epoch: [76]  [20/74]  eta: 0:00:17  lr: 0.000002  loss: 0.0225  time: 0.2878  data: 0.0000  max mem: 10267
Train: data epoch: [76]  [40/74]  eta: 0:00:10  lr: 0.000002  loss: 0.0238  time: 0.2883  data: 0.0000  max mem: 10267
Train: data epoch: [76]  [60/74]  eta: 0:00:04  lr: 0.000002  loss: 0.0341  time: 0.2865  data: 0.0000  max mem: 10267
Train: data epoch: [76]  [73/74]  eta: 0:00:00  lr: 0.000002  loss: 0.0409  time: 0.2854  data: 0.0000  max mem: 10267
Train: data epoch: [76] Total time: 0:00:22 (0.2989 s / it)
2026-08-20 02:32:53,032 [INFO] Qual: EPOCH[76] -> PLCC: 0.888254, SROCC: 0.833067, KROCC: 0.646111, LOSS: 0.206482
2026-08-20 02:32:53,032 [INFO] Align: EPOCH[76] -> PLCC: 0.803380, SROCC: 0.641706, KROCC: 0.466688, LOSS: 0.362104
2026-08-20 02:32:53,033 [INFO] Start training
2026-08-20 02:32:53,325 [INFO] Start training epoch 77, 74 iters per inner epoch.
2026-08-20 02:33:15,239 [INFO] Averaged stats: lr: 0.000002  loss: 0.019960
2026-08-20 02:33:15,344 [INFO] local gates: {"epoch": 77, "outer_gate": 0.1204, "refine_gate": 0.2706}
2026-08-20 02:33:15,344 [INFO] Evaluating on val.
Train: data epoch: [77]  [ 0/74]  eta: 0:01:13  lr: 0.000002  loss: 0.0237  time: 0.9887  data: 0.0001  max mem: 10267
Train: data epoch: [77]  [20/74]  eta: 0:00:17  lr: 0.000002  loss: 0.0207  time: 0.2872  data: 0.0000  max mem: 10267
Train: data epoch: [77]  [40/74]  eta: 0:00:10  lr: 0.000002  loss: 0.0324  time: 0.2870  data: 0.0000  max mem: 10267
Train: data epoch: [77]  [60/74]  eta: 0:00:04  lr: 0.000002  loss: 0.0232  time: 0.2867  data: 0.0000  max mem: 10267
Train: data epoch: [77]  [73/74]  eta: 0:00:00  lr: 0.000002  loss: 0.0107  time: 0.2852  data: 0.0000  max mem: 10267
Train: data epoch: [77] Total time: 0:00:21 (0.2961 s / it)
2026-08-20 02:33:19,715 [INFO] Qual: EPOCH[77] -> PLCC: 0.886476, SROCC: 0.829929, KROCC: 0.642517, LOSS: 0.217230
2026-08-20 02:33:19,715 [INFO] Align: EPOCH[77] -> PLCC: 0.804660, SROCC: 0.642414, KROCC: 0.467235, LOSS: 0.353206
2026-08-20 02:33:19,716 [INFO] Start training
2026-08-20 02:33:20,042 [INFO] Start training epoch 78, 74 iters per inner epoch.
2026-08-20 02:33:41,871 [INFO] Averaged stats: lr: 0.000002  loss: 0.020644
2026-08-20 02:33:41,980 [INFO] local gates: {"epoch": 78, "outer_gate": 0.1204, "refine_gate": 0.2706}
2026-08-20 02:33:41,981 [INFO] Evaluating on val.
Train: data epoch: [78]  [ 0/74]  eta: 0:01:05  lr: 0.000002  loss: 0.0241  time: 0.8833  data: 0.0001  max mem: 10267
Train: data epoch: [78]  [20/74]  eta: 0:00:16  lr: 0.000002  loss: 0.0156  time: 0.2861  data: 0.0000  max mem: 10267
Train: data epoch: [78]  [40/74]  eta: 0:00:10  lr: 0.000002  loss: 0.0188  time: 0.2870  data: 0.0000  max mem: 10267
Train: data epoch: [78]  [60/74]  eta: 0:00:04  lr: 0.000002  loss: 0.0320  time: 0.2882  data: 0.0000  max mem: 10267
Train: data epoch: [78]  [73/74]  eta: 0:00:00  lr: 0.000002  loss: 0.0348  time: 0.2860  data: 0.0000  max mem: 10267
Train: data epoch: [78] Total time: 0:00:21 (0.2950 s / it)
2026-08-20 02:33:46,329 [INFO] Qual: EPOCH[78] -> PLCC: 0.886914, SROCC: 0.832246, KROCC: 0.645198, LOSS: 0.216640
2026-08-20 02:33:46,329 [INFO] Align: EPOCH[78] -> PLCC: 0.804666, SROCC: 0.642572, KROCC: 0.467894, LOSS: 0.347167
2026-08-20 02:33:46,329 [INFO] Start training
2026-08-20 02:33:46,656 [INFO] Start training epoch 79, 74 iters per inner epoch.
2026-08-20 02:34:08,984 [INFO] Averaged stats: lr: 0.000002  loss: 0.020219
2026-08-20 02:34:09,096 [INFO] local gates: {"epoch": 79, "outer_gate": 0.1204, "refine_gate": 0.2706}
2026-08-20 02:34:09,097 [INFO] Evaluating on val.
Train: data epoch: [79]  [ 0/74]  eta: 0:01:40  lr: 0.000002  loss: 0.0171  time: 1.3537  data: 0.0001  max mem: 10267
Train: data epoch: [79]  [20/74]  eta: 0:00:18  lr: 0.000002  loss: 0.0300  time: 0.2892  data: 0.0000  max mem: 10267
Train: data epoch: [79]  [40/74]  eta: 0:00:10  lr: 0.000002  loss: 0.0174  time: 0.2870  data: 0.0000  max mem: 10267
Train: data epoch: [79]  [60/74]  eta: 0:00:04  lr: 0.000002  loss: 0.0242  time: 0.2864  data: 0.0000  max mem: 10267
Train: data epoch: [79]  [73/74]  eta: 0:00:00  lr: 0.000002  loss: 0.0210  time: 0.2860  data: 0.0000  max mem: 10267
Train: data epoch: [79] Total time: 0:00:22 (0.3017 s / it)
2026-08-20 02:34:13,402 [INFO] Qual: EPOCH[79] -> PLCC: 0.887260, SROCC: 0.830890, KROCC: 0.644048, LOSS: 0.209434
2026-08-20 02:34:13,402 [INFO] Align: EPOCH[79] -> PLCC: 0.802785, SROCC: 0.637346, KROCC: 0.462622, LOSS: 0.356345
2026-08-20 02:34:13,402 [INFO] Start training
2026-08-20 02:34:13,688 [INFO] Start training epoch 80, 74 iters per inner epoch.
2026-08-20 02:34:35,835 [INFO] Averaged stats: lr: 0.000002  loss: 0.020892
2026-08-20 02:34:35,944 [INFO] local gates: {"epoch": 80, "outer_gate": 0.1204, "refine_gate": 0.2706}
2026-08-20 02:34:35,945 [INFO] Evaluating on val.
Train: data epoch: [80]  [ 0/74]  eta: 0:01:24  lr: 0.000002  loss: 0.0199  time: 1.1465  data: 0.0001  max mem: 10267
Train: data epoch: [80]  [20/74]  eta: 0:00:17  lr: 0.000002  loss: 0.0326  time: 0.2890  data: 0.0000  max mem: 10267
Train: data epoch: [80]  [40/74]  eta: 0:00:10  lr: 0.000002  loss: 0.0155  time: 0.2887  data: 0.0000  max mem: 10267
Train: data epoch: [80]  [60/74]  eta: 0:00:04  lr: 0.000002  loss: 0.0180  time: 0.2863  data: 0.0000  max mem: 10267
Train: data epoch: [80]  [73/74]  eta: 0:00:00  lr: 0.000002  loss: 0.0243  time: 0.2859  data: 0.0000  max mem: 10267
Train: data epoch: [80] Total time: 0:00:22 (0.2993 s / it)
2026-08-20 02:34:40,493 [INFO] Qual: EPOCH[80] -> PLCC: 0.887017, SROCC: 0.829976, KROCC: 0.643500, LOSS: 0.210000
2026-08-20 02:34:40,493 [INFO] Align: EPOCH[80] -> PLCC: 0.802827, SROCC: 0.642844, KROCC: 0.467682, LOSS: 0.350125
2026-08-20 02:34:40,503 [INFO] Saving checkpoint at epoch 80 to ../run/20260820015_A2_ms_da/checkpoint_latest.pth.
2026-08-20 02:34:42,034 [INFO] Start training
2026-08-20 02:34:42,372 [INFO] Start training epoch 81, 74 iters per inner epoch.
2026-08-20 02:35:04,145 [INFO] Averaged stats: lr: 0.000002  loss: 0.020426
2026-08-20 02:35:04,249 [INFO] local gates: {"epoch": 81, "outer_gate": 0.1204, "refine_gate": 0.2706}
2026-08-20 02:35:04,249 [INFO] Evaluating on val.
Train: data epoch: [81]  [ 0/74]  eta: 0:01:04  lr: 0.000002  loss: 0.0213  time: 0.8767  data: 0.0001  max mem: 10267
Train: data epoch: [81]  [20/74]  eta: 0:00:16  lr: 0.000002  loss: 0.0228  time: 0.2862  data: 0.0000  max mem: 10267
Train: data epoch: [81]  [40/74]  eta: 0:00:10  lr: 0.000002  loss: 0.0152  time: 0.2867  data: 0.0000  max mem: 10267
Train: data epoch: [81]  [60/74]  eta: 0:00:04  lr: 0.000002  loss: 0.0245  time: 0.2862  data: 0.0000  max mem: 10267
Train: data epoch: [81]  [73/74]  eta: 0:00:00  lr: 0.000002  loss: 0.0175  time: 0.2854  data: 0.0000  max mem: 10267
Train: data epoch: [81] Total time: 0:00:21 (0.2942 s / it)
2026-08-20 02:35:08,716 [INFO] Qual: EPOCH[81] -> PLCC: 0.886836, SROCC: 0.831572, KROCC: 0.644450, LOSS: 0.211908
2026-08-20 02:35:08,716 [INFO] Align: EPOCH[81] -> PLCC: 0.805331, SROCC: 0.642798, KROCC: 0.467469, LOSS: 0.360557
2026-08-20 02:35:08,717 [INFO] Start training
2026-08-20 02:35:09,004 [INFO] Start training epoch 82, 74 iters per inner epoch.
2026-08-20 02:35:31,091 [INFO] Averaged stats: lr: 0.000002  loss: 0.019811
2026-08-20 02:35:31,194 [INFO] local gates: {"epoch": 82, "outer_gate": 0.1204, "refine_gate": 0.2706}
2026-08-20 02:35:31,194 [INFO] Evaluating on val.
Train: data epoch: [82]  [ 0/74]  eta: 0:01:35  lr: 0.000002  loss: 0.0285  time: 1.2925  data: 0.0001  max mem: 10267
Train: data epoch: [82]  [20/74]  eta: 0:00:18  lr: 0.000002  loss: 0.0165  time: 0.2859  data: 0.0000  max mem: 10267
Train: data epoch: [82]  [40/74]  eta: 0:00:10  lr: 0.000002  loss: 0.0143  time: 0.2854  data: 0.0000  max mem: 10267
Train: data epoch: [82]  [60/74]  eta: 0:00:04  lr: 0.000002  loss: 0.0197  time: 0.2839  data: 0.0000  max mem: 10267
Train: data epoch: [82]  [73/74]  eta: 0:00:00  lr: 0.000002  loss: 0.0213  time: 0.2836  data: 0.0000  max mem: 10267
Train: data epoch: [82] Total time: 0:00:22 (0.2985 s / it)
2026-08-20 02:35:35,574 [INFO] Qual: EPOCH[82] -> PLCC: 0.886765, SROCC: 0.830823, KROCC: 0.643378, LOSS: 0.212140
2026-08-20 02:35:35,575 [INFO] Align: EPOCH[82] -> PLCC: 0.806848, SROCC: 0.645464, KROCC: 0.468888, LOSS: 0.343992
2026-08-20 02:35:35,576 [INFO] Start training
2026-08-20 02:35:35,913 [INFO] Start training epoch 83, 74 iters per inner epoch.
2026-08-20 02:35:57,968 [INFO] Averaged stats: lr: 0.000002  loss: 0.020520
2026-08-20 02:35:58,071 [INFO] local gates: {"epoch": 83, "outer_gate": 0.1204, "refine_gate": 0.2706}
2026-08-20 02:35:58,071 [INFO] Evaluating on val.
Train: data epoch: [83]  [ 0/74]  eta: 0:01:33  lr: 0.000002  loss: 0.0128  time: 1.2639  data: 0.0001  max mem: 10267
Train: data epoch: [83]  [20/74]  eta: 0:00:17  lr: 0.000002  loss: 0.0183  time: 0.2858  data: 0.0000  max mem: 10267
Train: data epoch: [83]  [40/74]  eta: 0:00:10  lr: 0.000002  loss: 0.0132  time: 0.2839  data: 0.0000  max mem: 10267
Train: data epoch: [83]  [60/74]  eta: 0:00:04  lr: 0.000002  loss: 0.0231  time: 0.2853  data: 0.0000  max mem: 10267
Train: data epoch: [83]  [73/74]  eta: 0:00:00  lr: 0.000002  loss: 0.0200  time: 0.2838  data: 0.0000  max mem: 10267
Train: data epoch: [83] Total time: 0:00:22 (0.2980 s / it)
2026-08-20 02:36:02,307 [INFO] Qual: EPOCH[83] -> PLCC: 0.886185, SROCC: 0.830648, KROCC: 0.643757, LOSS: 0.218434
2026-08-20 02:36:02,307 [INFO] Align: EPOCH[83] -> PLCC: 0.804903, SROCC: 0.642239, KROCC: 0.466375, LOSS: 0.364955
2026-08-20 02:36:02,307 [INFO] Start training
2026-08-20 02:36:02,599 [INFO] Start training epoch 84, 74 iters per inner epoch.
2026-08-20 02:36:24,920 [INFO] Averaged stats: lr: 0.000002  loss: 0.018803
2026-08-20 02:36:25,014 [INFO] local gates: {"epoch": 84, "outer_gate": 0.1204, "refine_gate": 0.2706}
2026-08-20 02:36:25,014 [INFO] Evaluating on val.
Train: data epoch: [84]  [ 0/74]  eta: 0:01:41  lr: 0.000002  loss: 0.0225  time: 1.3711  data: 0.0001  max mem: 10267
Train: data epoch: [84]  [20/74]  eta: 0:00:18  lr: 0.000002  loss: 0.0137  time: 0.2876  data: 0.0000  max mem: 10267
Train: data epoch: [84]  [40/74]  eta: 0:00:10  lr: 0.000002  loss: 0.0180  time: 0.2863  data: 0.0000  max mem: 10267
Train: data epoch: [84]  [60/74]  eta: 0:00:04  lr: 0.000002  loss: 0.0204  time: 0.2869  data: 0.0000  max mem: 10267
Train: data epoch: [84]  [73/74]  eta: 0:00:00  lr: 0.000002  loss: 0.0163  time: 0.2866  data: 0.0000  max mem: 10267
Train: data epoch: [84] Total time: 0:00:22 (0.3016 s / it)
2026-08-20 02:36:29,342 [INFO] Qual: EPOCH[84] -> PLCC: 0.886347, SROCC: 0.830223, KROCC: 0.642819, LOSS: 0.215063
2026-08-20 02:36:29,342 [INFO] Align: EPOCH[84] -> PLCC: 0.803568, SROCC: 0.643754, KROCC: 0.467994, LOSS: 0.371175
2026-08-20 02:36:29,343 [INFO] Start training
2026-08-20 02:36:29,635 [INFO] Start training epoch 85, 74 iters per inner epoch.
2026-08-20 02:36:51,474 [INFO] Averaged stats: lr: 0.000001  loss: 0.019677
2026-08-20 02:36:51,598 [INFO] local gates: {"epoch": 85, "outer_gate": 0.1204, "refine_gate": 0.2706}
2026-08-20 02:36:51,599 [INFO] Evaluating on val.
Train: data epoch: [85]  [ 0/74]  eta: 0:01:07  lr: 0.000001  loss: 0.0148  time: 0.9136  data: 0.0001  max mem: 10267
Train: data epoch: [85]  [20/74]  eta: 0:00:17  lr: 0.000001  loss: 0.0231  time: 0.2871  data: 0.0000  max mem: 10267
Train: data epoch: [85]  [40/74]  eta: 0:00:10  lr: 0.000001  loss: 0.0350  time: 0.2873  data: 0.0000  max mem: 10267
Train: data epoch: [85]  [60/74]  eta: 0:00:04  lr: 0.000001  loss: 0.0196  time: 0.2860  data: 0.0000  max mem: 10267
Train: data epoch: [85]  [73/74]  eta: 0:00:00  lr: 0.000001  loss: 0.0106  time: 0.2857  data: 0.0000  max mem: 10267
Train: data epoch: [85] Total time: 0:00:21 (0.2951 s / it)
2026-08-20 02:36:55,944 [INFO] Qual: EPOCH[85] -> PLCC: 0.887019, SROCC: 0.831445, KROCC: 0.644472, LOSS: 0.209566
2026-08-20 02:36:55,944 [INFO] Align: EPOCH[85] -> PLCC: 0.804918, SROCC: 0.642457, KROCC: 0.467358, LOSS: 0.357126
2026-08-20 02:36:55,957 [INFO] Saving checkpoint at epoch 85 to ../run/20260820015_A2_ms_da/checkpoint_latest.pth.
2026-08-20 02:36:57,851 [INFO] Start training
2026-08-20 02:36:58,196 [INFO] Start training epoch 86, 74 iters per inner epoch.
2026-08-20 02:37:20,182 [INFO] Averaged stats: lr: 0.000001  loss: 0.019782
2026-08-20 02:37:20,287 [INFO] local gates: {"epoch": 86, "outer_gate": 0.1204, "refine_gate": 0.2706}
2026-08-20 02:37:20,287 [INFO] Evaluating on val.
Train: data epoch: [86]  [ 0/74]  eta: 0:01:29  lr: 0.000001  loss: 0.0154  time: 1.2104  data: 0.0001  max mem: 10267
Train: data epoch: [86]  [20/74]  eta: 0:00:17  lr: 0.000001  loss: 0.0168  time: 0.2857  data: 0.0000  max mem: 10267
Train: data epoch: [86]  [40/74]  eta: 0:00:10  lr: 0.000001  loss: 0.0164  time: 0.2845  data: 0.0000  max mem: 10267
Train: data epoch: [86]  [60/74]  eta: 0:00:04  lr: 0.000001  loss: 0.0316  time: 0.2843  data: 0.0000  max mem: 10267
Train: data epoch: [86]  [73/74]  eta: 0:00:00  lr: 0.000001  loss: 0.0259  time: 0.2834  data: 0.0000  max mem: 10267
Train: data epoch: [86] Total time: 0:00:21 (0.2971 s / it)
2026-08-20 02:37:24,658 [INFO] Qual: EPOCH[86] -> PLCC: 0.884950, SROCC: 0.829451, KROCC: 0.642160, LOSS: 0.217833
2026-08-20 02:37:24,658 [INFO] Align: EPOCH[86] -> PLCC: 0.803693, SROCC: 0.643961, KROCC: 0.468318, LOSS: 0.374142
2026-08-20 02:37:24,659 [INFO] Start training
2026-08-20 02:37:24,957 [INFO] Start training epoch 87, 74 iters per inner epoch.
2026-08-20 02:37:46,767 [INFO] Averaged stats: lr: 0.000001  loss: 0.020075
2026-08-20 02:37:46,874 [INFO] local gates: {"epoch": 87, "outer_gate": 0.1204, "refine_gate": 0.2706}
2026-08-20 02:37:46,874 [INFO] Evaluating on val.
Train: data epoch: [87]  [ 0/74]  eta: 0:01:10  lr: 0.000001  loss: 0.0158  time: 0.9476  data: 0.0001  max mem: 10267
Train: data epoch: [87]  [20/74]  eta: 0:00:17  lr: 0.000001  loss: 0.0163  time: 0.2859  data: 0.0000  max mem: 10267
Train: data epoch: [87]  [40/74]  eta: 0:00:10  lr: 0.000001  loss: 0.0143  time: 0.2852  data: 0.0000  max mem: 10267
Train: data epoch: [87]  [60/74]  eta: 0:00:04  lr: 0.000001  loss: 0.0341  time: 0.2860  data: 0.0000  max mem: 10267
Train: data epoch: [87]  [73/74]  eta: 0:00:00  lr: 0.000001  loss: 0.0192  time: 0.2858  data: 0.0000  max mem: 10267
Train: data epoch: [87] Total time: 0:00:21 (0.2947 s / it)
2026-08-20 02:37:51,186 [INFO] Qual: EPOCH[87] -> PLCC: 0.886208, SROCC: 0.831237, KROCC: 0.643869, LOSS: 0.213433
2026-08-20 02:37:51,186 [INFO] Align: EPOCH[87] -> PLCC: 0.803760, SROCC: 0.642493, KROCC: 0.466386, LOSS: 0.355416
2026-08-20 02:37:51,187 [INFO] Start training
2026-08-20 02:37:51,467 [INFO] Start training epoch 88, 74 iters per inner epoch.
2026-08-20 02:38:13,299 [INFO] Averaged stats: lr: 0.000001  loss: 0.019574
2026-08-20 02:38:13,402 [INFO] local gates: {"epoch": 88, "outer_gate": 0.1204, "refine_gate": 0.2706}
2026-08-20 02:38:13,403 [INFO] Evaluating on val.
Train: data epoch: [88]  [ 0/74]  eta: 0:01:06  lr: 0.000001  loss: 0.0176  time: 0.9009  data: 0.0001  max mem: 10267
Train: data epoch: [88]  [20/74]  eta: 0:00:17  lr: 0.000001  loss: 0.0200  time: 0.2868  data: 0.0000  max mem: 10267
Train: data epoch: [88]  [40/74]  eta: 0:00:10  lr: 0.000001  loss: 0.0164  time: 0.2877  data: 0.0000  max mem: 10267
Train: data epoch: [88]  [60/74]  eta: 0:00:04  lr: 0.000001  loss: 0.0122  time: 0.2863  data: 0.0000  max mem: 10267
Train: data epoch: [88]  [73/74]  eta: 0:00:00  lr: 0.000001  loss: 0.0235  time: 0.2855  data: 0.0000  max mem: 10267
Train: data epoch: [88] Total time: 0:00:21 (0.2950 s / it)
2026-08-20 02:38:17,798 [INFO] Qual: EPOCH[88] -> PLCC: 0.887299, SROCC: 0.832659, KROCC: 0.646070, LOSS: 0.212327
2026-08-20 02:38:17,798 [INFO] Align: EPOCH[88] -> PLCC: 0.807315, SROCC: 0.644993, KROCC: 0.469022, LOSS: 0.349622
2026-08-20 02:38:17,799 [INFO] Start training
2026-08-20 02:38:18,084 [INFO] Start training epoch 89, 74 iters per inner epoch.
2026-08-20 02:38:40,033 [INFO] Averaged stats: lr: 0.000001  loss: 0.019436
2026-08-20 02:38:40,128 [INFO] local gates: {"epoch": 89, "outer_gate": 0.1204, "refine_gate": 0.2706}
2026-08-20 02:38:40,129 [INFO] Evaluating on val.
Train: data epoch: [89]  [ 0/74]  eta: 0:01:09  lr: 0.000001  loss: 0.0217  time: 0.9348  data: 0.0001  max mem: 10267
Train: data epoch: [89]  [20/74]  eta: 0:00:17  lr: 0.000001  loss: 0.0151  time: 0.2892  data: 0.0000  max mem: 10267
Train: data epoch: [89]  [40/74]  eta: 0:00:10  lr: 0.000001  loss: 0.0234  time: 0.2880  data: 0.0000  max mem: 10267
Train: data epoch: [89]  [60/74]  eta: 0:00:04  lr: 0.000001  loss: 0.0140  time: 0.2874  data: 0.0000  max mem: 10267
Train: data epoch: [89]  [73/74]  eta: 0:00:00  lr: 0.000001  loss: 0.0226  time: 0.2865  data: 0.0000  max mem: 10267
Train: data epoch: [89] Total time: 0:00:21 (0.2966 s / it)
2026-08-20 02:38:44,567 [INFO] Qual: EPOCH[89] -> PLCC: 0.887776, SROCC: 0.832453, KROCC: 0.645578, LOSS: 0.209516
2026-08-20 02:38:44,567 [INFO] Align: EPOCH[89] -> PLCC: 0.806223, SROCC: 0.645334, KROCC: 0.469257, LOSS: 0.358439
2026-08-20 02:38:44,568 [INFO] Start training
2026-08-20 02:38:44,895 [INFO] Start training epoch 90, 74 iters per inner epoch.
2026-08-20 02:39:07,120 [INFO] Averaged stats: lr: 0.000001  loss: 0.019638
2026-08-20 02:39:07,212 [INFO] local gates: {"epoch": 90, "outer_gate": 0.1204, "refine_gate": 0.2706}
2026-08-20 02:39:07,212 [INFO] Evaluating on val.
Train: data epoch: [90]  [ 0/74]  eta: 0:01:33  lr: 0.000001  loss: 0.0205  time: 1.2592  data: 0.0001  max mem: 10267
Train: data epoch: [90]  [20/74]  eta: 0:00:18  lr: 0.000001  loss: 0.0212  time: 0.2878  data: 0.0000  max mem: 10267
Train: data epoch: [90]  [40/74]  eta: 0:00:10  lr: 0.000001  loss: 0.0189  time: 0.2871  data: 0.0000  max mem: 10267
Train: data epoch: [90]  [60/74]  eta: 0:00:04  lr: 0.000001  loss: 0.0226  time: 0.2872  data: 0.0000  max mem: 10267
Train: data epoch: [90]  [73/74]  eta: 0:00:00  lr: 0.000001  loss: 0.0184  time: 0.2862  data: 0.0000  max mem: 10267
Train: data epoch: [90] Total time: 0:00:22 (0.3003 s / it)
2026-08-20 02:39:11,518 [INFO] Qual: EPOCH[90] -> PLCC: 0.888250, SROCC: 0.833501, KROCC: 0.647555, LOSS: 0.217034
2026-08-20 02:39:11,518 [INFO] Align: EPOCH[90] -> PLCC: 0.806264, SROCC: 0.643798, KROCC: 0.467961, LOSS: 0.371961
2026-08-20 02:39:11,531 [INFO] Saving checkpoint at epoch 90 to ../run/20260820015_A2_ms_da/checkpoint_latest.pth.
2026-08-20 02:39:13,383 [INFO] Start training
2026-08-20 02:39:13,690 [INFO] Start training epoch 91, 74 iters per inner epoch.
2026-08-20 02:39:35,555 [INFO] Averaged stats: lr: 0.000001  loss: 0.019049
2026-08-20 02:39:35,658 [INFO] local gates: {"epoch": 91, "outer_gate": 0.1205, "refine_gate": 0.2707}
2026-08-20 02:39:35,658 [INFO] Evaluating on val.
Train: data epoch: [91]  [ 0/74]  eta: 0:01:20  lr: 0.000001  loss: 0.0241  time: 1.0852  data: 0.0001  max mem: 10267
Train: data epoch: [91]  [20/74]  eta: 0:00:17  lr: 0.000001  loss: 0.0188  time: 0.2865  data: 0.0000  max mem: 10267
Train: data epoch: [91]  [40/74]  eta: 0:00:10  lr: 0.000001  loss: 0.0178  time: 0.2844  data: 0.0000  max mem: 10267
Train: data epoch: [91]  [60/74]  eta: 0:00:04  lr: 0.000001  loss: 0.0177  time: 0.2838  data: 0.0000  max mem: 10267
Train: data epoch: [91]  [73/74]  eta: 0:00:00  lr: 0.000001  loss: 0.0168  time: 0.2833  data: 0.0000  max mem: 10267
Train: data epoch: [91] Total time: 0:00:21 (0.2955 s / it)
2026-08-20 02:39:39,974 [INFO] Qual: EPOCH[91] -> PLCC: 0.886863, SROCC: 0.832146, KROCC: 0.644953, LOSS: 0.210582
2026-08-20 02:39:39,974 [INFO] Align: EPOCH[91] -> PLCC: 0.805624, SROCC: 0.645672, KROCC: 0.469614, LOSS: 0.349356
2026-08-20 02:39:39,975 [INFO] Start training
2026-08-20 02:39:40,274 [INFO] Start training epoch 92, 74 iters per inner epoch.
2026-08-20 02:40:02,000 [INFO] Averaged stats: lr: 0.000001  loss: 0.019006
2026-08-20 02:40:02,087 [INFO] local gates: {"epoch": 92, "outer_gate": 0.1205, "refine_gate": 0.2707}
2026-08-20 02:40:02,087 [INFO] Evaluating on val.
Train: data epoch: [92]  [ 0/74]  eta: 0:01:07  lr: 0.000001  loss: 0.0110  time: 0.9099  data: 0.0001  max mem: 10267
Train: data epoch: [92]  [20/74]  eta: 0:00:17  lr: 0.000001  loss: 0.0140  time: 0.2858  data: 0.0000  max mem: 10267
Train: data epoch: [92]  [40/74]  eta: 0:00:10  lr: 0.000001  loss: 0.0151  time: 0.2848  data: 0.0000  max mem: 10267
Train: data epoch: [92]  [60/74]  eta: 0:00:04  lr: 0.000001  loss: 0.0220  time: 0.2855  data: 0.0000  max mem: 10267
Train: data epoch: [92]  [73/74]  eta: 0:00:00  lr: 0.000001  loss: 0.0279  time: 0.2843  data: 0.0000  max mem: 10267
Train: data epoch: [92] Total time: 0:00:21 (0.2936 s / it)
2026-08-20 02:40:06,376 [INFO] Qual: EPOCH[92] -> PLCC: 0.887822, SROCC: 0.832468, KROCC: 0.645656, LOSS: 0.212283
2026-08-20 02:40:06,377 [INFO] Align: EPOCH[92] -> PLCC: 0.803966, SROCC: 0.641100, KROCC: 0.465961, LOSS: 0.363156
2026-08-20 02:40:06,377 [INFO] Start training
2026-08-20 02:40:06,686 [INFO] Start training epoch 93, 74 iters per inner epoch.
2026-08-20 02:40:28,626 [INFO] Averaged stats: lr: 0.000001  loss: 0.018602
2026-08-20 02:40:28,740 [INFO] local gates: {"epoch": 93, "outer_gate": 0.1205, "refine_gate": 0.2707}
2026-08-20 02:40:28,740 [INFO] Evaluating on val.
Train: data epoch: [93]  [ 0/74]  eta: 0:01:14  lr: 0.000001  loss: 0.0228  time: 1.0003  data: 0.0001  max mem: 10267
Train: data epoch: [93]  [20/74]  eta: 0:00:17  lr: 0.000001  loss: 0.0151  time: 0.2874  data: 0.0000  max mem: 10267
Train: data epoch: [93]  [40/74]  eta: 0:00:10  lr: 0.000001  loss: 0.0159  time: 0.2871  data: 0.0000  max mem: 10267
Train: data epoch: [93]  [60/74]  eta: 0:00:04  lr: 0.000001  loss: 0.0200  time: 0.2867  data: 0.0000  max mem: 10267
Train: data epoch: [93]  [73/74]  eta: 0:00:00  lr: 0.000001  loss: 0.0283  time: 0.2856  data: 0.0000  max mem: 10267
Train: data epoch: [93] Total time: 0:00:21 (0.2965 s / it)
2026-08-20 02:40:33,090 [INFO] Qual: EPOCH[93] -> PLCC: 0.888171, SROCC: 0.833646, KROCC: 0.646908, LOSS: 0.210614
2026-08-20 02:40:33,090 [INFO] Align: EPOCH[93] -> PLCC: 0.806251, SROCC: 0.647967, KROCC: 0.471770, LOSS: 0.353676
2026-08-20 02:40:33,090 [INFO] Start training
2026-08-20 02:40:33,384 [INFO] Start training epoch 94, 74 iters per inner epoch.
2026-08-20 02:40:55,250 [INFO] Averaged stats: lr: 0.000001  loss: 0.017745
2026-08-20 02:40:55,375 [INFO] local gates: {"epoch": 94, "outer_gate": 0.1205, "refine_gate": 0.2707}
2026-08-20 02:40:55,375 [INFO] Evaluating on val.
Train: data epoch: [94]  [ 0/74]  eta: 0:01:05  lr: 0.000001  loss: 0.0255  time: 0.8844  data: 0.0001  max mem: 10267
Train: data epoch: [94]  [20/74]  eta: 0:00:16  lr: 0.000001  loss: 0.0198  time: 0.2863  data: 0.0000  max mem: 10267
Train: data epoch: [94]  [40/74]  eta: 0:00:10  lr: 0.000001  loss: 0.0214  time: 0.2895  data: 0.0000  max mem: 10267
Train: data epoch: [94]  [60/74]  eta: 0:00:04  lr: 0.000001  loss: 0.0149  time: 0.2870  data: 0.0000  max mem: 10267
Train: data epoch: [94]  [73/74]  eta: 0:00:00  lr: 0.000001  loss: 0.0116  time: 0.2862  data: 0.0000  max mem: 10267
Train: data epoch: [94] Total time: 0:00:21 (0.2955 s / it)
2026-08-20 02:40:59,782 [INFO] Qual: EPOCH[94] -> PLCC: 0.887635, SROCC: 0.831932, KROCC: 0.645422, LOSS: 0.209281
2026-08-20 02:40:59,782 [INFO] Align: EPOCH[94] -> PLCC: 0.802988, SROCC: 0.641209, KROCC: 0.466174, LOSS: 0.353392
2026-08-20 02:40:59,783 [INFO] Start training
2026-08-20 02:41:00,104 [INFO] Start training epoch 95, 74 iters per inner epoch.
2026-08-20 02:41:21,950 [INFO] Averaged stats: lr: 0.000001  loss: 0.018590
2026-08-20 02:41:22,058 [INFO] local gates: {"epoch": 95, "outer_gate": 0.1205, "refine_gate": 0.2707}
2026-08-20 02:41:22,059 [INFO] Evaluating on val.
Train: data epoch: [95]  [ 0/74]  eta: 0:01:04  lr: 0.000001  loss: 0.0158  time: 0.8708  data: 0.0001  max mem: 10267
Train: data epoch: [95]  [20/74]  eta: 0:00:17  lr: 0.000001  loss: 0.0217  time: 0.2874  data: 0.0000  max mem: 10267
Train: data epoch: [95]  [40/74]  eta: 0:00:10  lr: 0.000001  loss: 0.0161  time: 0.2875  data: 0.0000  max mem: 10267
Train: data epoch: [95]  [60/74]  eta: 0:00:04  lr: 0.000001  loss: 0.0177  time: 0.2877  data: 0.0000  max mem: 10267
Train: data epoch: [95]  [73/74]  eta: 0:00:00  lr: 0.000001  loss: 0.0138  time: 0.2867  data: 0.0000  max mem: 10267
Train: data epoch: [95] Total time: 0:00:21 (0.2952 s / it)
2026-08-20 02:41:26,349 [INFO] Qual: EPOCH[95] -> PLCC: 0.887461, SROCC: 0.833420, KROCC: 0.646997, LOSS: 0.213621
2026-08-20 02:41:26,350 [INFO] Align: EPOCH[95] -> PLCC: 0.802963, SROCC: 0.642731, KROCC: 0.467916, LOSS: 0.365404
2026-08-20 02:41:26,363 [INFO] Saving checkpoint at epoch 95 to ../run/20260820015_A2_ms_da/checkpoint_latest.pth.
2026-08-20 02:41:28,249 [INFO] Start training
2026-08-20 02:41:28,589 [INFO] Start training epoch 96, 74 iters per inner epoch.
2026-08-20 02:41:50,793 [INFO] Averaged stats: lr: 0.000001  loss: 0.018454
2026-08-20 02:41:50,891 [INFO] local gates: {"epoch": 96, "outer_gate": 0.1205, "refine_gate": 0.2707}
2026-08-20 02:41:50,891 [INFO] Evaluating on val.
Train: data epoch: [96]  [ 0/74]  eta: 0:01:30  lr: 0.000001  loss: 0.0213  time: 1.2279  data: 0.0001  max mem: 10267
Train: data epoch: [96]  [20/74]  eta: 0:00:18  lr: 0.000001  loss: 0.0180  time: 0.2893  data: 0.0000  max mem: 10267
Train: data epoch: [96]  [40/74]  eta: 0:00:10  lr: 0.000001  loss: 0.0273  time: 0.2873  data: 0.0000  max mem: 10267
Train: data epoch: [96]  [60/74]  eta: 0:00:04  lr: 0.000001  loss: 0.0174  time: 0.2865  data: 0.0000  max mem: 10267
Train: data epoch: [96]  [73/74]  eta: 0:00:00  lr: 0.000001  loss: 0.0176  time: 0.2856  data: 0.0000  max mem: 10267
Train: data epoch: [96] Total time: 0:00:22 (0.3000 s / it)
2026-08-20 02:41:55,327 [INFO] Qual: EPOCH[96] -> PLCC: 0.888058, SROCC: 0.832149, KROCC: 0.645522, LOSS: 0.209937
2026-08-20 02:41:55,327 [INFO] Align: EPOCH[96] -> PLCC: 0.805559, SROCC: 0.644007, KROCC: 0.468061, LOSS: 0.353286
2026-08-20 02:41:55,328 [INFO] Start training
2026-08-20 02:41:55,605 [INFO] Start training epoch 97, 74 iters per inner epoch.
2026-08-20 02:42:17,951 [INFO] Averaged stats: lr: 0.000001  loss: 0.017516
2026-08-20 02:42:18,054 [INFO] local gates: {"epoch": 97, "outer_gate": 0.1205, "refine_gate": 0.2707}
2026-08-20 02:42:18,054 [INFO] Evaluating on val.
Train: data epoch: [97]  [ 0/74]  eta: 0:01:41  lr: 0.000001  loss: 0.0189  time: 1.3710  data: 0.0001  max mem: 10267
Train: data epoch: [97]  [20/74]  eta: 0:00:18  lr: 0.000001  loss: 0.0146  time: 0.2887  data: 0.0000  max mem: 10267
Train: data epoch: [97]  [40/74]  eta: 0:00:10  lr: 0.000001  loss: 0.0199  time: 0.2872  data: 0.0000  max mem: 10267
Train: data epoch: [97]  [60/74]  eta: 0:00:04  lr: 0.000001  loss: 0.0172  time: 0.2872  data: 0.0000  max mem: 10267
Train: data epoch: [97]  [73/74]  eta: 0:00:00  lr: 0.000001  loss: 0.0153  time: 0.2851  data: 0.0000  max mem: 10267
Train: data epoch: [97] Total time: 0:00:22 (0.3020 s / it)
2026-08-20 02:42:22,439 [INFO] Qual: EPOCH[97] -> PLCC: 0.887752, SROCC: 0.831848, KROCC: 0.645232, LOSS: 0.211027
2026-08-20 02:42:22,439 [INFO] Align: EPOCH[97] -> PLCC: 0.805268, SROCC: 0.645362, KROCC: 0.469547, LOSS: 0.357096
2026-08-20 02:42:22,440 [INFO] Start training
2026-08-20 02:42:22,751 [INFO] Start training epoch 98, 74 iters per inner epoch.
2026-08-20 02:42:44,579 [INFO] Averaged stats: lr: 0.000001  loss: 0.018925
2026-08-20 02:42:44,676 [INFO] local gates: {"epoch": 98, "outer_gate": 0.1205, "refine_gate": 0.2707}
2026-08-20 02:42:44,676 [INFO] Evaluating on val.
Train: data epoch: [98]  [ 0/74]  eta: 0:01:10  lr: 0.000001  loss: 0.0191  time: 0.9464  data: 0.0001  max mem: 10267
Train: data epoch: [98]  [20/74]  eta: 0:00:17  lr: 0.000001  loss: 0.0239  time: 0.2862  data: 0.0000  max mem: 10267
Train: data epoch: [98]  [40/74]  eta: 0:00:10  lr: 0.000001  loss: 0.0276  time: 0.2870  data: 0.0000  max mem: 10267
Train: data epoch: [98]  [60/74]  eta: 0:00:04  lr: 0.000001  loss: 0.0123  time: 0.2859  data: 0.0000  max mem: 10267
Train: data epoch: [98]  [73/74]  eta: 0:00:00  lr: 0.000001  loss: 0.0191  time: 0.2847  data: 0.0000  max mem: 10267
Train: data epoch: [98] Total time: 0:00:21 (0.2950 s / it)
2026-08-20 02:42:48,956 [INFO] Qual: EPOCH[98] -> PLCC: 0.887474, SROCC: 0.832588, KROCC: 0.645891, LOSS: 0.214602
2026-08-20 02:42:48,956 [INFO] Align: EPOCH[98] -> PLCC: 0.807692, SROCC: 0.650062, KROCC: 0.473345, LOSS: 0.358272
2026-08-20 02:42:48,957 [INFO] Start training
2026-08-20 02:42:49,246 [INFO] Start training epoch 99, 74 iters per inner epoch.
2026-08-20 02:43:11,476 [INFO] Averaged stats: lr: 0.000001  loss: 0.018506
2026-08-20 02:43:11,584 [INFO] local gates: {"epoch": 99, "outer_gate": 0.1205, "refine_gate": 0.2707}
2026-08-20 02:43:11,585 [INFO] Evaluating on val.
Train: data epoch: [99]  [ 0/74]  eta: 0:01:33  lr: 0.000001  loss: 0.0132  time: 1.2698  data: 0.0001  max mem: 10267
Train: data epoch: [99]  [20/74]  eta: 0:00:18  lr: 0.000001  loss: 0.0160  time: 0.2885  data: 0.0000  max mem: 10267
Train: data epoch: [99]  [40/74]  eta: 0:00:10  lr: 0.000001  loss: 0.0146  time: 0.2869  data: 0.0000  max mem: 10267
Train: data epoch: [99]  [60/74]  eta: 0:00:04  lr: 0.000001  loss: 0.0221  time: 0.2866  data: 0.0000  max mem: 10267
Train: data epoch: [99]  [73/74]  eta: 0:00:00  lr: 0.000001  loss: 0.0180  time: 0.2856  data: 0.0000  max mem: 10267
Train: data epoch: [99] Total time: 0:00:22 (0.3004 s / it)
2026-08-20 02:43:15,930 [INFO] Qual: EPOCH[99] -> PLCC: 0.888951, SROCC: 0.833182, KROCC: 0.647321, LOSS: 0.208041
2026-08-20 02:43:15,930 [INFO] Align: EPOCH[99] -> PLCC: 0.807618, SROCC: 0.645857, KROCC: 0.470430, LOSS: 0.348563
2026-08-20 02:43:15,940 [INFO] Saving checkpoint at epoch 99 to ../run/20260820015_A2_ms_da/checkpoint_latest.pth.
[{'agg_metrics': np.float64(4.294606995795149), 'qual_agg': np.float64(2.3760267142196474), 'qual_PLCC': np.float64(0.8900460853734236), 'qual_SROCC': np.float64(0.8360346288566768), 'qual_KROCC': np.float64(0.6499459999895468), 'align_agg': np.float64(1.9185802815755018), 'align_PLCC': np.float64(0.8040668255504138), 'align_SROCC': np.float64(0.6453684615806075), 'align_KROCC': np.float64(0.4691449944444806)}]
{'agg_metrics': np.float64(4.294606995795149), 'qual_agg': np.float64(2.3760267142196474), 'qual_PLCC': np.float64(0.8900460853734236), 'qual_SROCC': np.float64(0.8360346288566768), 'qual_KROCC': np.float64(0.6499459999895468), 'align_agg': np.float64(1.9185802815755018), 'align_PLCC': np.float64(0.8040668255504138), 'align_SROCC': np.float64(0.6453684615806075), 'align_KROCC': np.float64(0.4691449944444806)}
2026-08-20 02:44:26,015 [INFO] Start training
2026-08-20 02:44:26,257 [INFO] number of trainable parameters: 84239238
Not using distributed mode
['ipiqa']
Position interpolate from 7x7 to 16x16
Freezing <class 'clip.model.Transformer'> ...
use qa-token, unfreeze wte ...
Freezing <class 'clip.model.LayerNorm'> ...
Freezing <class 'torch.nn.parameter.Parameter'> ...
Freezing <class 'torch.nn.parameter.Parameter'> ...
use_local_branch: True (GatedLocalFusion injected, branch_type=msda)
head scale: 10.0
2026-08-20 02:44:26,627 [INFO] Start training epoch 0, 74 iters per inner epoch.
2026-08-20 02:44:51,410 [INFO] Averaged stats: lr: 0.000005  loss: 2.942706
2026-08-20 02:44:51,533 [INFO] local gates: {"epoch": 0, "outer_gate": 0.1191, "refine_gate": 0.2691}
2026-08-20 02:44:51,534 [INFO] Evaluating on val.
Train: data epoch: [0]  [ 0/74]  eta: 0:04:48  lr: 0.000000  loss: 9.0319  time: 3.9033  data: 0.0002  max mem: 9620
Train: data epoch: [0]  [20/74]  eta: 0:00:24  lr: 0.000003  loss: 4.6127  time: 0.2893  data: 0.0000  max mem: 10267
Train: data epoch: [0]  [40/74]  eta: 0:00:12  lr: 0.000005  loss: 0.9070  time: 0.2850  data: 0.0000  max mem: 10267
Train: data epoch: [0]  [60/74]  eta: 0:00:04  lr: 0.000008  loss: 0.4243  time: 0.2849  data: 0.0000  max mem: 10267
Train: data epoch: [0]  [73/74]  eta: 0:00:00  lr: 0.000010  loss: 0.4545  time: 0.2839  data: 0.0000  max mem: 10267
Train: data epoch: [0] Total time: 0:00:24 (0.3349 s / it)
2026-08-20 02:44:56,149 [INFO] Qual: EPOCH[0] -> PLCC: 0.751484, SROCC: 0.698690, KROCC: 0.502012, LOSS: 0.837160
2026-08-20 02:44:56,150 [INFO] Align: EPOCH[0] -> PLCC: 0.659776, SROCC: 0.564382, KROCC: 0.387870, LOSS: 0.812324
2026-08-20 02:44:56,162 [INFO] Saving checkpoint at epoch 0 to ../run/20260820024_A3_full/checkpoint_best.pth.
2026-08-20 02:44:57,272 [INFO] Start training
2026-08-20 02:44:57,574 [INFO] Start training epoch 1, 74 iters per inner epoch.
2026-08-20 02:45:19,730 [INFO] Averaged stats: lr: 0.000010  loss: 0.409510
2026-08-20 02:45:19,831 [INFO] local gates: {"epoch": 1, "outer_gate": 0.1192, "refine_gate": 0.269}
2026-08-20 02:45:19,832 [INFO] Evaluating on val.
Train: data epoch: [1]  [ 0/74]  eta: 0:01:37  lr: 0.000010  loss: 0.5213  time: 1.3120  data: 0.0001  max mem: 10267
Train: data epoch: [1]  [20/74]  eta: 0:00:18  lr: 0.000010  loss: 0.3759  time: 0.2861  data: 0.0000  max mem: 10267
Train: data epoch: [1]  [40/74]  eta: 0:00:10  lr: 0.000010  loss: 0.3162  time: 0.2859  data: 0.0000  max mem: 10267
Train: data epoch: [1]  [60/74]  eta: 0:00:04  lr: 0.000010  loss: 0.3958  time: 0.2851  data: 0.0000  max mem: 10267
Train: data epoch: [1]  [73/74]  eta: 0:00:00  lr: 0.000010  loss: 0.3140  time: 0.2844  data: 0.0000  max mem: 10267
Train: data epoch: [1] Total time: 0:00:22 (0.2994 s / it)
2026-08-20 02:45:24,164 [INFO] Qual: EPOCH[1] -> PLCC: 0.842168, SROCC: 0.773242, KROCC: 0.581481, LOSS: 0.287912
2026-08-20 02:45:24,164 [INFO] Align: EPOCH[1] -> PLCC: 0.771758, SROCC: 0.616797, KROCC: 0.439510, LOSS: 0.388202
2026-08-20 02:45:24,175 [INFO] Saving checkpoint at epoch 1 to ../run/20260820024_A3_full/checkpoint_best.pth.
2026-08-20 02:45:25,784 [INFO] Start training
2026-08-20 02:45:26,117 [INFO] Start training epoch 2, 74 iters per inner epoch.
2026-08-20 02:45:48,311 [INFO] Averaged stats: lr: 0.000010  loss: 0.302266
2026-08-20 02:45:48,415 [INFO] local gates: {"epoch": 2, "outer_gate": 0.1192, "refine_gate": 0.269}
2026-08-20 02:45:48,415 [INFO] Evaluating on val.
Train: data epoch: [2]  [ 0/74]  eta: 0:01:28  lr: 0.000010  loss: 0.2582  time: 1.1926  data: 0.0001  max mem: 10267
Train: data epoch: [2]  [20/74]  eta: 0:00:17  lr: 0.000010  loss: 0.2264  time: 0.2885  data: 0.0000  max mem: 10267
Train: data epoch: [2]  [40/74]  eta: 0:00:10  lr: 0.000010  loss: 0.3282  time: 0.2875  data: 0.0000  max mem: 10267
Train: data epoch: [2]  [60/74]  eta: 0:00:04  lr: 0.000010  loss: 0.3222  time: 0.2884  data: 0.0000  max mem: 10267
Train: data epoch: [2]  [73/74]  eta: 0:00:00  lr: 0.000010  loss: 0.4080  time: 0.2857  data: 0.0000  max mem: 10267
Train: data epoch: [2] Total time: 0:00:22 (0.2999 s / it)
2026-08-20 02:45:52,651 [INFO] Qual: EPOCH[2] -> PLCC: 0.865548, SROCC: 0.810867, KROCC: 0.620813, LOSS: 0.245059
2026-08-20 02:45:52,651 [INFO] Align: EPOCH[2] -> PLCC: 0.796454, SROCC: 0.661042, KROCC: 0.480148, LOSS: 0.349046
2026-08-20 02:45:52,662 [INFO] Saving checkpoint at epoch 2 to ../run/20260820024_A3_full/checkpoint_best.pth.
2026-08-20 02:45:54,306 [INFO] Start training
2026-08-20 02:45:54,645 [INFO] Start training epoch 3, 74 iters per inner epoch.
2026-08-20 02:46:16,866 [INFO] Averaged stats: lr: 0.000010  loss: 0.264607
2026-08-20 02:46:16,961 [INFO] local gates: {"epoch": 3, "outer_gate": 0.1192, "refine_gate": 0.2691}
2026-08-20 02:46:16,961 [INFO] Evaluating on val.
Train: data epoch: [3]  [ 0/74]  eta: 0:01:41  lr: 0.000010  loss: 0.2740  time: 1.3779  data: 0.0001  max mem: 10267
Train: data epoch: [3]  [20/74]  eta: 0:00:18  lr: 0.000010  loss: 0.3360  time: 0.2871  data: 0.0000  max mem: 10267
Train: data epoch: [3]  [40/74]  eta: 0:00:10  lr: 0.000010  loss: 0.3111  time: 0.2852  data: 0.0000  max mem: 10267
Train: data epoch: [3]  [60/74]  eta: 0:00:04  lr: 0.000010  loss: 0.3706  time: 0.2843  data: 0.0000  max mem: 10267
Train: data epoch: [3]  [73/74]  eta: 0:00:00  lr: 0.000010  loss: 0.2890  time: 0.2851  data: 0.0000  max mem: 10267
Train: data epoch: [3] Total time: 0:00:22 (0.3003 s / it)
2026-08-20 02:46:21,323 [INFO] Qual: EPOCH[3] -> PLCC: 0.867721, SROCC: 0.805267, KROCC: 0.615004, LOSS: 0.246109
2026-08-20 02:46:21,323 [INFO] Align: EPOCH[3] -> PLCC: 0.801076, SROCC: 0.640916, KROCC: 0.462074, LOSS: 0.384543
2026-08-20 02:46:21,324 [INFO] Start training
2026-08-20 02:46:21,630 [INFO] Start training epoch 4, 74 iters per inner epoch.
2026-08-20 02:46:43,865 [INFO] Averaged stats: lr: 0.000010  loss: 0.242224
2026-08-20 02:46:43,965 [INFO] local gates: {"epoch": 4, "outer_gate": 0.1192, "refine_gate": 0.2691}
2026-08-20 02:46:43,965 [INFO] Evaluating on val.
Train: data epoch: [4]  [ 0/74]  eta: 0:01:37  lr: 0.000010  loss: 0.2586  time: 1.3148  data: 0.0001  max mem: 10267
Train: data epoch: [4]  [20/74]  eta: 0:00:18  lr: 0.000010  loss: 0.2692  time: 0.2861  data: 0.0000  max mem: 10267
Train: data epoch: [4]  [40/74]  eta: 0:00:10  lr: 0.000010  loss: 0.1869  time: 0.2864  data: 0.0000  max mem: 10267
Train: data epoch: [4]  [60/74]  eta: 0:00:04  lr: 0.000010  loss: 0.2098  time: 0.2880  data: 0.0000  max mem: 10267
Train: data epoch: [4]  [73/74]  eta: 0:00:00  lr: 0.000010  loss: 0.2101  time: 0.2854  data: 0.0000  max mem: 10267
Train: data epoch: [4] Total time: 0:00:22 (0.3005 s / it)
2026-08-20 02:46:48,329 [INFO] Qual: EPOCH[4] -> PLCC: 0.875103, SROCC: 0.811716, KROCC: 0.622287, LOSS: 0.437476
2026-08-20 02:46:48,329 [INFO] Align: EPOCH[4] -> PLCC: 0.806674, SROCC: 0.641799, KROCC: 0.465459, LOSS: 0.360159
2026-08-20 02:46:48,343 [INFO] Saving checkpoint at epoch 4 to ../run/20260820024_A3_full/checkpoint_best.pth.
2026-08-20 02:46:49,966 [INFO] Start training
2026-08-20 02:46:50,299 [INFO] Start training epoch 5, 74 iters per inner epoch.
2026-08-20 02:47:12,263 [INFO] Averaged stats: lr: 0.000010  loss: 0.222105
2026-08-20 02:47:12,349 [INFO] local gates: {"epoch": 5, "outer_gate": 0.1192, "refine_gate": 0.2691}
2026-08-20 02:47:12,349 [INFO] Evaluating on val.
Train: data epoch: [5]  [ 0/74]  eta: 0:01:06  lr: 0.000010  loss: 0.3126  time: 0.8934  data: 0.0001  max mem: 10267
Train: data epoch: [5]  [20/74]  eta: 0:00:17  lr: 0.000010  loss: 0.2251  time: 0.2886  data: 0.0000  max mem: 10267
Train: data epoch: [5]  [40/74]  eta: 0:00:10  lr: 0.000010  loss: 0.1716  time: 0.2904  data: 0.0000  max mem: 10267
Train: data epoch: [5]  [60/74]  eta: 0:00:04  lr: 0.000010  loss: 0.1997  time: 0.2884  data: 0.0000  max mem: 10267
Train: data epoch: [5]  [73/74]  eta: 0:00:00  lr: 0.000010  loss: 0.2432  time: 0.2862  data: 0.0000  max mem: 10267
Train: data epoch: [5] Total time: 0:00:21 (0.2968 s / it)
2026-08-20 02:47:16,623 [INFO] Qual: EPOCH[5] -> PLCC: 0.871146, SROCC: 0.806920, KROCC: 0.618456, LOSS: 0.234878
2026-08-20 02:47:16,623 [INFO] Align: EPOCH[5] -> PLCC: 0.798627, SROCC: 0.639559, KROCC: 0.461683, LOSS: 0.364937
2026-08-20 02:47:16,633 [INFO] Saving checkpoint at epoch 5 to ../run/20260820024_A3_full/checkpoint_latest.pth.
2026-08-20 02:47:17,672 [INFO] Start training
2026-08-20 02:47:17,970 [INFO] Start training epoch 6, 74 iters per inner epoch.
2026-08-20 02:47:39,824 [INFO] Averaged stats: lr: 0.000010  loss: 0.187126
2026-08-20 02:47:39,931 [INFO] local gates: {"epoch": 6, "outer_gate": 0.1192, "refine_gate": 0.2691}
2026-08-20 02:47:39,932 [INFO] Evaluating on val.
Train: data epoch: [6]  [ 0/74]  eta: 0:01:06  lr: 0.000010  loss: 0.2850  time: 0.9048  data: 0.0001  max mem: 10267
Train: data epoch: [6]  [20/74]  eta: 0:00:17  lr: 0.000010  loss: 0.2231  time: 0.2857  data: 0.0000  max mem: 10267
Train: data epoch: [6]  [40/74]  eta: 0:00:10  lr: 0.000010  loss: 0.1200  time: 0.2884  data: 0.0000  max mem: 10267
Train: data epoch: [6]  [60/74]  eta: 0:00:04  lr: 0.000010  loss: 0.2313  time: 0.2870  data: 0.0000  max mem: 10267
Train: data epoch: [6]  [73/74]  eta: 0:00:00  lr: 0.000010  loss: 0.1241  time: 0.2864  data: 0.0000  max mem: 10267
Train: data epoch: [6] Total time: 0:00:21 (0.2953 s / it)
2026-08-20 02:47:44,335 [INFO] Qual: EPOCH[6] -> PLCC: 0.876909, SROCC: 0.818225, KROCC: 0.629470, LOSS: 0.233722
2026-08-20 02:47:44,335 [INFO] Align: EPOCH[6] -> PLCC: 0.809343, SROCC: 0.635738, KROCC: 0.459628, LOSS: 0.349322
2026-08-20 02:47:44,345 [INFO] Saving checkpoint at epoch 6 to ../run/20260820024_A3_full/checkpoint_best.pth.
2026-08-20 02:47:45,842 [INFO] Start training
2026-08-20 02:47:46,154 [INFO] Start training epoch 7, 74 iters per inner epoch.
2026-08-20 02:48:08,208 [INFO] Averaged stats: lr: 0.000010  loss: 0.164542
2026-08-20 02:48:08,300 [INFO] local gates: {"epoch": 7, "outer_gate": 0.1192, "refine_gate": 0.2692}
2026-08-20 02:48:08,300 [INFO] Evaluating on val.
Train: data epoch: [7]  [ 0/74]  eta: 0:01:16  lr: 0.000010  loss: 0.1437  time: 1.0317  data: 0.0001  max mem: 10267
Train: data epoch: [7]  [20/74]  eta: 0:00:17  lr: 0.000010  loss: 0.1406  time: 0.2875  data: 0.0000  max mem: 10267
Train: data epoch: [7]  [40/74]  eta: 0:00:10  lr: 0.000010  loss: 0.1836  time: 0.2890  data: 0.0000  max mem: 10267
Train: data epoch: [7]  [60/74]  eta: 0:00:04  lr: 0.000010  loss: 0.1973  time: 0.2877  data: 0.0000  max mem: 10267
Train: data epoch: [7]  [73/74]  eta: 0:00:00  lr: 0.000010  loss: 0.1349  time: 0.2875  data: 0.0000  max mem: 10267
Train: data epoch: [7] Total time: 0:00:22 (0.2980 s / it)
2026-08-20 02:48:12,807 [INFO] Qual: EPOCH[7] -> PLCC: 0.871640, SROCC: 0.807740, KROCC: 0.619528, LOSS: 0.238795
2026-08-20 02:48:12,807 [INFO] Align: EPOCH[7] -> PLCC: 0.806009, SROCC: 0.640929, KROCC: 0.465660, LOSS: 0.388515
2026-08-20 02:48:12,808 [INFO] Start training
2026-08-20 02:48:13,106 [INFO] Start training epoch 8, 74 iters per inner epoch.
2026-08-20 02:48:35,189 [INFO] Averaged stats: lr: 0.000010  loss: 0.149375
2026-08-20 02:48:35,300 [INFO] local gates: {"epoch": 8, "outer_gate": 0.1192, "refine_gate": 0.2692}
2026-08-20 02:48:35,301 [INFO] Evaluating on val.
Train: data epoch: [8]  [ 0/74]  eta: 0:01:13  lr: 0.000010  loss: 0.1138  time: 0.9932  data: 0.0001  max mem: 10267
Train: data epoch: [8]  [20/74]  eta: 0:00:17  lr: 0.000010  loss: 0.0914  time: 0.2916  data: 0.0000  max mem: 10267
Train: data epoch: [8]  [40/74]  eta: 0:00:10  lr: 0.000010  loss: 0.1596  time: 0.2887  data: 0.0000  max mem: 10267
Train: data epoch: [8]  [60/74]  eta: 0:00:04  lr: 0.000010  loss: 0.2577  time: 0.2875  data: 0.0000  max mem: 10267
Train: data epoch: [8]  [73/74]  eta: 0:00:00  lr: 0.000010  loss: 0.1814  time: 0.2868  data: 0.0000  max mem: 10267
Train: data epoch: [8] Total time: 0:00:22 (0.2984 s / it)
2026-08-20 02:48:39,677 [INFO] Qual: EPOCH[8] -> PLCC: 0.877483, SROCC: 0.821283, KROCC: 0.634642, LOSS: 0.231333
2026-08-20 02:48:39,678 [INFO] Align: EPOCH[8] -> PLCC: 0.800221, SROCC: 0.651284, KROCC: 0.476171, LOSS: 0.445636
2026-08-20 02:48:39,690 [INFO] Saving checkpoint at epoch 8 to ../run/20260820024_A3_full/checkpoint_best.pth.
2026-08-20 02:48:41,386 [INFO] Start training
2026-08-20 02:48:41,730 [INFO] Start training epoch 9, 74 iters per inner epoch.
2026-08-20 02:49:03,701 [INFO] Averaged stats: lr: 0.000010  loss: 0.150168
2026-08-20 02:49:03,823 [INFO] local gates: {"epoch": 9, "outer_gate": 0.1193, "refine_gate": 0.2693}
2026-08-20 02:49:03,823 [INFO] Evaluating on val.
Train: data epoch: [9]  [ 0/74]  eta: 0:01:08  lr: 0.000010  loss: 0.1597  time: 0.9258  data: 0.0001  max mem: 10267
Train: data epoch: [9]  [20/74]  eta: 0:00:17  lr: 0.000010  loss: 0.2521  time: 0.2901  data: 0.0000  max mem: 10267
Train: data epoch: [9]  [40/74]  eta: 0:00:10  lr: 0.000010  loss: 0.1328  time: 0.2884  data: 0.0000  max mem: 10267
Train: data epoch: [9]  [60/74]  eta: 0:00:04  lr: 0.000010  loss: 0.1335  time: 0.2872  data: 0.0000  max mem: 10267
Train: data epoch: [9]  [73/74]  eta: 0:00:00  lr: 0.000010  loss: 0.1770  time: 0.2868  data: 0.0000  max mem: 10267
Train: data epoch: [9] Total time: 0:00:21 (0.2969 s / it)
2026-08-20 02:49:08,154 [INFO] Qual: EPOCH[9] -> PLCC: 0.886462, SROCC: 0.828086, KROCC: 0.640797, LOSS: 0.222448
2026-08-20 02:49:08,154 [INFO] Align: EPOCH[9] -> PLCC: 0.807925, SROCC: 0.652866, KROCC: 0.476473, LOSS: 0.372535
2026-08-20 02:49:08,167 [INFO] Saving checkpoint at epoch 9 to ../run/20260820024_A3_full/checkpoint_best.pth.
2026-08-20 02:49:10,011 [INFO] Start training
2026-08-20 02:49:10,355 [INFO] Start training epoch 10, 74 iters per inner epoch.
2026-08-20 02:49:32,204 [INFO] Averaged stats: lr: 0.000010  loss: 0.125207
2026-08-20 02:49:32,298 [INFO] local gates: {"epoch": 10, "outer_gate": 0.1193, "refine_gate": 0.2694}
2026-08-20 02:49:32,298 [INFO] Evaluating on val.
Train: data epoch: [10]  [ 0/74]  eta: 0:01:15  lr: 0.000010  loss: 0.1241  time: 1.0267  data: 0.0001  max mem: 10267
Train: data epoch: [10]  [20/74]  eta: 0:00:17  lr: 0.000010  loss: 0.1156  time: 0.2857  data: 0.0000  max mem: 10267
Train: data epoch: [10]  [40/74]  eta: 0:00:10  lr: 0.000010  loss: 0.1466  time: 0.2857  data: 0.0000  max mem: 10267
Train: data epoch: [10]  [60/74]  eta: 0:00:04  lr: 0.000010  loss: 0.1556  time: 0.2847  data: 0.0000  max mem: 10267
Train: data epoch: [10]  [73/74]  eta: 0:00:00  lr: 0.000010  loss: 0.1961  time: 0.2844  data: 0.0000  max mem: 10267
Train: data epoch: [10] Total time: 0:00:21 (0.2952 s / it)
2026-08-20 02:49:36,835 [INFO] Qual: EPOCH[10] -> PLCC: 0.885198, SROCC: 0.827593, KROCC: 0.641255, LOSS: 0.296623
2026-08-20 02:49:36,835 [INFO] Align: EPOCH[10] -> PLCC: 0.809876, SROCC: 0.649197, KROCC: 0.475970, LOSS: 0.353783
2026-08-20 02:49:36,845 [INFO] Saving checkpoint at epoch 10 to ../run/20260820024_A3_full/checkpoint_latest.pth.
2026-08-20 02:49:38,341 [INFO] Start training
2026-08-20 02:49:38,657 [INFO] Start training epoch 11, 74 iters per inner epoch.
2026-08-20 02:50:00,542 [INFO] Averaged stats: lr: 0.000010  loss: 0.112057
2026-08-20 02:50:00,644 [INFO] local gates: {"epoch": 11, "outer_gate": 0.1193, "refine_gate": 0.2694}
2026-08-20 02:50:00,645 [INFO] Evaluating on val.
Train: data epoch: [11]  [ 0/74]  eta: 0:01:07  lr: 0.000010  loss: 0.1348  time: 0.9137  data: 0.0001  max mem: 10267
Train: data epoch: [11]  [20/74]  eta: 0:00:17  lr: 0.000010  loss: 0.1011  time: 0.2876  data: 0.0000  max mem: 10267
Train: data epoch: [11]  [40/74]  eta: 0:00:10  lr: 0.000010  loss: 0.0906  time: 0.2885  data: 0.0000  max mem: 10267
Train: data epoch: [11]  [60/74]  eta: 0:00:04  lr: 0.000010  loss: 0.0967  time: 0.2866  data: 0.0000  max mem: 10267
Train: data epoch: [11]  [73/74]  eta: 0:00:00  lr: 0.000010  loss: 0.1160  time: 0.2857  data: 0.0000  max mem: 10267
Train: data epoch: [11] Total time: 0:00:21 (0.2957 s / it)
2026-08-20 02:50:05,029 [INFO] Qual: EPOCH[11] -> PLCC: 0.870496, SROCC: 0.807848, KROCC: 0.620321, LOSS: 0.238891
2026-08-20 02:50:05,029 [INFO] Align: EPOCH[11] -> PLCC: 0.791888, SROCC: 0.629978, KROCC: 0.458176, LOSS: 0.371757
2026-08-20 02:50:05,030 [INFO] Start training
2026-08-20 02:50:05,351 [INFO] Start training epoch 12, 74 iters per inner epoch.
2026-08-20 02:50:27,474 [INFO] Averaged stats: lr: 0.000010  loss: 0.106906
2026-08-20 02:50:27,591 [INFO] local gates: {"epoch": 12, "outer_gate": 0.1193, "refine_gate": 0.2695}
2026-08-20 02:50:27,592 [INFO] Evaluating on val.
Train: data epoch: [12]  [ 0/74]  eta: 0:01:25  lr: 0.000010  loss: 0.1141  time: 1.1561  data: 0.0001  max mem: 10267
Train: data epoch: [12]  [20/74]  eta: 0:00:17  lr: 0.000010  loss: 0.0982  time: 0.2887  data: 0.0000  max mem: 10267
Train: data epoch: [12]  [40/74]  eta: 0:00:10  lr: 0.000010  loss: 0.0839  time: 0.2874  data: 0.0000  max mem: 10267
Train: data epoch: [12]  [60/74]  eta: 0:00:04  lr: 0.000010  loss: 0.0694  time: 0.2873  data: 0.0000  max mem: 10267
Train: data epoch: [12]  [73/74]  eta: 0:00:00  lr: 0.000010  loss: 0.1116  time: 0.2852  data: 0.0000  max mem: 10267
Train: data epoch: [12] Total time: 0:00:22 (0.2990 s / it)
2026-08-20 02:50:32,023 [INFO] Qual: EPOCH[12] -> PLCC: 0.878225, SROCC: 0.815923, KROCC: 0.630129, LOSS: 0.246178
2026-08-20 02:50:32,023 [INFO] Align: EPOCH[12] -> PLCC: 0.802531, SROCC: 0.645842, KROCC: 0.473490, LOSS: 0.421395
2026-08-20 02:50:32,024 [INFO] Start training
2026-08-20 02:50:32,361 [INFO] Start training epoch 13, 74 iters per inner epoch.
2026-08-20 02:50:54,730 [INFO] Averaged stats: lr: 0.000010  loss: 0.106664
2026-08-20 02:50:54,825 [INFO] local gates: {"epoch": 13, "outer_gate": 0.1193, "refine_gate": 0.2695}
2026-08-20 02:50:54,825 [INFO] Evaluating on val.
Train: data epoch: [13]  [ 0/74]  eta: 0:01:41  lr: 0.000010  loss: 0.0944  time: 1.3729  data: 0.0001  max mem: 10267
Train: data epoch: [13]  [20/74]  eta: 0:00:18  lr: 0.000010  loss: 0.1005  time: 0.2886  data: 0.0000  max mem: 10267
Train: data epoch: [13]  [40/74]  eta: 0:00:10  lr: 0.000010  loss: 0.1067  time: 0.2877  data: 0.0000  max mem: 10267
Train: data epoch: [13]  [60/74]  eta: 0:00:04  lr: 0.000010  loss: 0.0993  time: 0.2872  data: 0.0000  max mem: 10267
Train: data epoch: [13]  [73/74]  eta: 0:00:00  lr: 0.000010  loss: 0.0909  time: 0.2866  data: 0.0000  max mem: 10267
Train: data epoch: [13] Total time: 0:00:22 (0.3023 s / it)
2026-08-20 02:50:59,083 [INFO] Qual: EPOCH[13] -> PLCC: 0.874647, SROCC: 0.816524, KROCC: 0.629626, LOSS: 0.241043
2026-08-20 02:50:59,083 [INFO] Align: EPOCH[13] -> PLCC: 0.796892, SROCC: 0.631421, KROCC: 0.459706, LOSS: 0.376273
2026-08-20 02:50:59,084 [INFO] Start training
2026-08-20 02:50:59,423 [INFO] Start training epoch 14, 74 iters per inner epoch.
2026-08-20 02:51:21,512 [INFO] Averaged stats: lr: 0.000010  loss: 0.096531
2026-08-20 02:51:21,617 [INFO] local gates: {"epoch": 14, "outer_gate": 0.1194, "refine_gate": 0.2696}
2026-08-20 02:51:21,617 [INFO] Evaluating on val.
Train: data epoch: [14]  [ 0/74]  eta: 0:01:26  lr: 0.000010  loss: 0.0974  time: 1.1749  data: 0.0001  max mem: 10267
Train: data epoch: [14]  [20/74]  eta: 0:00:17  lr: 0.000010  loss: 0.0797  time: 0.2862  data: 0.0000  max mem: 10267
Train: data epoch: [14]  [40/74]  eta: 0:00:10  lr: 0.000010  loss: 0.0785  time: 0.2868  data: 0.0000  max mem: 10267
Train: data epoch: [14]  [60/74]  eta: 0:00:04  lr: 0.000010  loss: 0.0760  time: 0.2861  data: 0.0000  max mem: 10267
Train: data epoch: [14]  [73/74]  eta: 0:00:00  lr: 0.000010  loss: 0.0821  time: 0.2866  data: 0.0000  max mem: 10267
Train: data epoch: [14] Total time: 0:00:22 (0.2985 s / it)
2026-08-20 02:51:26,174 [INFO] Qual: EPOCH[14] -> PLCC: 0.882233, SROCC: 0.825572, KROCC: 0.639378, LOSS: 0.242708
2026-08-20 02:51:26,174 [INFO] Align: EPOCH[14] -> PLCC: 0.800597, SROCC: 0.617850, KROCC: 0.447084, LOSS: 0.372709
2026-08-20 02:51:26,175 [INFO] Start training
2026-08-20 02:51:26,496 [INFO] Start training epoch 15, 74 iters per inner epoch.
2026-08-20 02:51:48,460 [INFO] Averaged stats: lr: 0.000010  loss: 0.096880
2026-08-20 02:51:48,552 [INFO] local gates: {"epoch": 15, "outer_gate": 0.1194, "refine_gate": 0.2696}
2026-08-20 02:51:48,552 [INFO] Evaluating on val.
Train: data epoch: [15]  [ 0/74]  eta: 0:01:05  lr: 0.000010  loss: 0.0840  time: 0.8904  data: 0.0001  max mem: 10267
Train: data epoch: [15]  [20/74]  eta: 0:00:17  lr: 0.000010  loss: 0.1649  time: 0.2944  data: 0.0000  max mem: 10267
Train: data epoch: [15]  [40/74]  eta: 0:00:10  lr: 0.000010  loss: 0.1628  time: 0.2875  data: 0.0000  max mem: 10267
Train: data epoch: [15]  [60/74]  eta: 0:00:04  lr: 0.000010  loss: 0.0660  time: 0.2872  data: 0.0000  max mem: 10267
Train: data epoch: [15]  [73/74]  eta: 0:00:00  lr: 0.000010  loss: 0.0621  time: 0.2848  data: 0.0000  max mem: 10267
Train: data epoch: [15] Total time: 0:00:21 (0.2968 s / it)
2026-08-20 02:51:52,850 [INFO] Qual: EPOCH[15] -> PLCC: 0.870749, SROCC: 0.812013, KROCC: 0.623069, LOSS: 0.252189
2026-08-20 02:51:52,850 [INFO] Align: EPOCH[15] -> PLCC: 0.787917, SROCC: 0.611171, KROCC: 0.441096, LOSS: 0.405165
2026-08-20 02:51:52,860 [INFO] Saving checkpoint at epoch 15 to ../run/20260820024_A3_full/checkpoint_latest.pth.
2026-08-20 02:51:54,629 [INFO] Start training
2026-08-20 02:51:54,940 [INFO] Start training epoch 16, 74 iters per inner epoch.
2026-08-20 02:52:16,738 [INFO] Averaged stats: lr: 0.000009  loss: 0.093234
2026-08-20 02:52:16,843 [INFO] local gates: {"epoch": 16, "outer_gate": 0.1194, "refine_gate": 0.2696}
2026-08-20 02:52:16,843 [INFO] Evaluating on val.
Train: data epoch: [16]  [ 0/74]  eta: 0:01:10  lr: 0.000009  loss: 0.0842  time: 0.9562  data: 0.0001  max mem: 10267
Train: data epoch: [16]  [20/74]  eta: 0:00:17  lr: 0.000009  loss: 0.0840  time: 0.2856  data: 0.0000  max mem: 10267
Train: data epoch: [16]  [40/74]  eta: 0:00:10  lr: 0.000009  loss: 0.0572  time: 0.2855  data: 0.0000  max mem: 10267
Train: data epoch: [16]  [60/74]  eta: 0:00:04  lr: 0.000009  loss: 0.0994  time: 0.2853  data: 0.0000  max mem: 10267
Train: data epoch: [16]  [73/74]  eta: 0:00:00  lr: 0.000009  loss: 0.0861  time: 0.2852  data: 0.0000  max mem: 10267
Train: data epoch: [16] Total time: 0:00:21 (0.2946 s / it)
2026-08-20 02:52:21,235 [INFO] Qual: EPOCH[16] -> PLCC: 0.875491, SROCC: 0.812601, KROCC: 0.626164, LOSS: 0.231608
2026-08-20 02:52:21,235 [INFO] Align: EPOCH[16] -> PLCC: 0.800928, SROCC: 0.634901, KROCC: 0.463001, LOSS: 0.357661
2026-08-20 02:52:21,235 [INFO] Start training
2026-08-20 02:52:21,526 [INFO] Start training epoch 17, 74 iters per inner epoch.
2026-08-20 02:52:43,608 [INFO] Averaged stats: lr: 0.000009  loss: 0.108467
2026-08-20 02:52:43,728 [INFO] local gates: {"epoch": 17, "outer_gate": 0.1195, "refine_gate": 0.2697}
2026-08-20 02:52:43,729 [INFO] Evaluating on val.
Train: data epoch: [17]  [ 0/74]  eta: 0:01:14  lr: 0.000009  loss: 0.0615  time: 1.0077  data: 0.0001  max mem: 10267
Train: data epoch: [17]  [20/74]  eta: 0:00:17  lr: 0.000009  loss: 0.0789  time: 0.2925  data: 0.0000  max mem: 10267
Train: data epoch: [17]  [40/74]  eta: 0:00:10  lr: 0.000009  loss: 0.0837  time: 0.2887  data: 0.0000  max mem: 10267
Train: data epoch: [17]  [60/74]  eta: 0:00:04  lr: 0.000009  loss: 0.1191  time: 0.2863  data: 0.0000  max mem: 10267
Train: data epoch: [17]  [73/74]  eta: 0:00:00  lr: 0.000009  loss: 0.1374  time: 0.2858  data: 0.0000  max mem: 10267
Train: data epoch: [17] Total time: 0:00:22 (0.2984 s / it)
2026-08-20 02:52:48,156 [INFO] Qual: EPOCH[17] -> PLCC: 0.871194, SROCC: 0.810171, KROCC: 0.622857, LOSS: 0.246648
2026-08-20 02:52:48,156 [INFO] Align: EPOCH[17] -> PLCC: 0.790819, SROCC: 0.626203, KROCC: 0.455256, LOSS: 0.428458
2026-08-20 02:52:48,157 [INFO] Start training
2026-08-20 02:52:48,466 [INFO] Start training epoch 18, 74 iters per inner epoch.
2026-08-20 02:53:10,368 [INFO] Averaged stats: lr: 0.000009  loss: 0.092735
2026-08-20 02:53:10,471 [INFO] local gates: {"epoch": 18, "outer_gate": 0.1195, "refine_gate": 0.2697}
2026-08-20 02:53:10,472 [INFO] Evaluating on val.
Train: data epoch: [18]  [ 0/74]  eta: 0:01:08  lr: 0.000009  loss: 0.0632  time: 0.9321  data: 0.0001  max mem: 10267
Train: data epoch: [18]  [20/74]  eta: 0:00:17  lr: 0.000009  loss: 0.0724  time: 0.2880  data: 0.0000  max mem: 10267
Train: data epoch: [18]  [40/74]  eta: 0:00:10  lr: 0.000009  loss: 0.0530  time: 0.2873  data: 0.0000  max mem: 10267
Train: data epoch: [18]  [60/74]  eta: 0:00:04  lr: 0.000009  loss: 0.0959  time: 0.2866  data: 0.0000  max mem: 10267
Train: data epoch: [18]  [73/74]  eta: 0:00:00  lr: 0.000009  loss: 0.0706  time: 0.2867  data: 0.0000  max mem: 10267
Train: data epoch: [18] Total time: 0:00:21 (0.2960 s / it)
2026-08-20 02:53:14,853 [INFO] Qual: EPOCH[18] -> PLCC: 0.875072, SROCC: 0.809360, KROCC: 0.622131, LOSS: 0.235728
2026-08-20 02:53:14,853 [INFO] Align: EPOCH[18] -> PLCC: 0.790283, SROCC: 0.620098, KROCC: 0.450379, LOSS: 0.385515
2026-08-20 02:53:14,854 [INFO] Start training
2026-08-20 02:53:15,179 [INFO] Start training epoch 19, 74 iters per inner epoch.
2026-08-20 02:53:37,590 [INFO] Averaged stats: lr: 0.000009  loss: 0.085505
2026-08-20 02:53:37,700 [INFO] local gates: {"epoch": 19, "outer_gate": 0.1195, "refine_gate": 0.2697}
2026-08-20 02:53:37,700 [INFO] Evaluating on val.
Train: data epoch: [19]  [ 0/74]  eta: 0:01:42  lr: 0.000009  loss: 0.0916  time: 1.3841  data: 0.0001  max mem: 10267
Train: data epoch: [19]  [20/74]  eta: 0:00:18  lr: 0.000009  loss: 0.1314  time: 0.2892  data: 0.0000  max mem: 10267
Train: data epoch: [19]  [40/74]  eta: 0:00:10  lr: 0.000009  loss: 0.0728  time: 0.2877  data: 0.0000  max mem: 10267
Train: data epoch: [19]  [60/74]  eta: 0:00:04  lr: 0.000009  loss: 0.0481  time: 0.2879  data: 0.0000  max mem: 10267
Train: data epoch: [19]  [73/74]  eta: 0:00:00  lr: 0.000009  loss: 0.0764  time: 0.2868  data: 0.0000  max mem: 10267
Train: data epoch: [19] Total time: 0:00:22 (0.3028 s / it)
2026-08-20 02:53:42,331 [INFO] Qual: EPOCH[19] -> PLCC: 0.871368, SROCC: 0.809079, KROCC: 0.619707, LOSS: 0.274036
2026-08-20 02:53:42,331 [INFO] Align: EPOCH[19] -> PLCC: 0.796789, SROCC: 0.624039, KROCC: 0.453283, LOSS: 0.370780
2026-08-20 02:53:42,332 [INFO] Start training
2026-08-20 02:53:42,655 [INFO] Start training epoch 20, 74 iters per inner epoch.
2026-08-20 02:54:04,675 [INFO] Averaged stats: lr: 0.000009  loss: 0.087270
2026-08-20 02:54:04,792 [INFO] local gates: {"epoch": 20, "outer_gate": 0.1196, "refine_gate": 0.2698}
2026-08-20 02:54:04,793 [INFO] Evaluating on val.
Train: data epoch: [20]  [ 0/74]  eta: 0:01:01  lr: 0.000009  loss: 0.1139  time: 0.8377  data: 0.0001  max mem: 10267
Train: data epoch: [20]  [20/74]  eta: 0:00:17  lr: 0.000009  loss: 0.0832  time: 0.3002  data: 0.0000  max mem: 10267
Train: data epoch: [20]  [40/74]  eta: 0:00:10  lr: 0.000009  loss: 0.1106  time: 0.2861  data: 0.0000  max mem: 10267
Train: data epoch: [20]  [60/74]  eta: 0:00:04  lr: 0.000009  loss: 0.0888  time: 0.2866  data: 0.0000  max mem: 10267
Train: data epoch: [20]  [73/74]  eta: 0:00:00  lr: 0.000009  loss: 0.0896  time: 0.2862  data: 0.0000  max mem: 10267
Train: data epoch: [20] Total time: 0:00:22 (0.2976 s / it)
2026-08-20 02:54:09,203 [INFO] Qual: EPOCH[20] -> PLCC: 0.863739, SROCC: 0.807993, KROCC: 0.618936, LOSS: 0.419719
2026-08-20 02:54:09,203 [INFO] Align: EPOCH[20] -> PLCC: 0.794356, SROCC: 0.634227, KROCC: 0.462320, LOSS: 0.473541
2026-08-20 02:54:09,216 [INFO] Saving checkpoint at epoch 20 to ../run/20260820024_A3_full/checkpoint_latest.pth.
2026-08-20 02:54:11,125 [INFO] Start training
2026-08-20 02:54:11,478 [INFO] Start training epoch 21, 74 iters per inner epoch.
2026-08-20 02:54:33,545 [INFO] Averaged stats: lr: 0.000009  loss: 0.100834
2026-08-20 02:54:33,644 [INFO] local gates: {"epoch": 21, "outer_gate": 0.1196, "refine_gate": 0.2698}
2026-08-20 02:54:33,644 [INFO] Evaluating on val.
Train: data epoch: [21]  [ 0/74]  eta: 0:01:23  lr: 0.000009  loss: 0.1078  time: 1.1269  data: 0.0001  max mem: 10267
Train: data epoch: [21]  [20/74]  eta: 0:00:17  lr: 0.000009  loss: 0.0744  time: 0.2881  data: 0.0000  max mem: 10267
Train: data epoch: [21]  [40/74]  eta: 0:00:10  lr: 0.000009  loss: 0.0805  time: 0.2867  data: 0.0000  max mem: 10267
Train: data epoch: [21]  [60/74]  eta: 0:00:04  lr: 0.000009  loss: 0.1101  time: 0.2867  data: 0.0000  max mem: 10267
Train: data epoch: [21]  [73/74]  eta: 0:00:00  lr: 0.000009  loss: 0.1249  time: 0.2854  data: 0.0000  max mem: 10267
Train: data epoch: [21] Total time: 0:00:22 (0.2982 s / it)
2026-08-20 02:54:37,992 [INFO] Qual: EPOCH[21] -> PLCC: 0.873144, SROCC: 0.812822, KROCC: 0.625639, LOSS: 0.253375
2026-08-20 02:54:37,992 [INFO] Align: EPOCH[21] -> PLCC: 0.787524, SROCC: 0.625026, KROCC: 0.452010, LOSS: 0.393106
2026-08-20 02:54:37,993 [INFO] Start training
2026-08-20 02:54:38,297 [INFO] Start training epoch 22, 74 iters per inner epoch.
2026-08-20 02:55:00,291 [INFO] Averaged stats: lr: 0.000009  loss: 0.087629
2026-08-20 02:55:00,407 [INFO] local gates: {"epoch": 22, "outer_gate": 0.1197, "refine_gate": 0.2698}
2026-08-20 02:55:00,407 [INFO] Evaluating on val.
Train: data epoch: [22]  [ 0/74]  eta: 0:01:20  lr: 0.000009  loss: 0.0921  time: 1.0833  data: 0.0001  max mem: 10267
Train: data epoch: [22]  [20/74]  eta: 0:00:17  lr: 0.000009  loss: 0.1070  time: 0.2865  data: 0.0000  max mem: 10267
Train: data epoch: [22]  [40/74]  eta: 0:00:10  lr: 0.000009  loss: 0.0594  time: 0.2862  data: 0.0000  max mem: 10267
Train: data epoch: [22]  [60/74]  eta: 0:00:04  lr: 0.000009  loss: 0.0551  time: 0.2865  data: 0.0000  max mem: 10267
Train: data epoch: [22]  [73/74]  eta: 0:00:00  lr: 0.000009  loss: 0.0801  time: 0.2863  data: 0.0000  max mem: 10267
Train: data epoch: [22] Total time: 0:00:21 (0.2972 s / it)
2026-08-20 02:55:04,720 [INFO] Qual: EPOCH[22] -> PLCC: 0.883430, SROCC: 0.820039, KROCC: 0.631168, LOSS: 0.220556
2026-08-20 02:55:04,720 [INFO] Align: EPOCH[22] -> PLCC: 0.805579, SROCC: 0.635910, KROCC: 0.464152, LOSS: 0.367641
2026-08-20 02:55:04,720 [INFO] Start training
2026-08-20 02:55:05,053 [INFO] Start training epoch 23, 74 iters per inner epoch.
2026-08-20 02:55:27,099 [INFO] Averaged stats: lr: 0.000009  loss: 0.081708
2026-08-20 02:55:27,215 [INFO] local gates: {"epoch": 23, "outer_gate": 0.1197, "refine_gate": 0.2699}
2026-08-20 02:55:27,215 [INFO] Evaluating on val.
Train: data epoch: [23]  [ 0/74]  eta: 0:01:14  lr: 0.000009  loss: 0.0782  time: 1.0111  data: 0.0001  max mem: 10267
Train: data epoch: [23]  [20/74]  eta: 0:00:17  lr: 0.000009  loss: 0.0861  time: 0.2886  data: 0.0000  max mem: 10267
Train: data epoch: [23]  [40/74]  eta: 0:00:10  lr: 0.000009  loss: 0.0661  time: 0.2884  data: 0.0000  max mem: 10267
Train: data epoch: [23]  [60/74]  eta: 0:00:04  lr: 0.000009  loss: 0.0961  time: 0.2879  data: 0.0000  max mem: 10267
Train: data epoch: [23]  [73/74]  eta: 0:00:00  lr: 0.000009  loss: 0.1037  time: 0.2876  data: 0.0000  max mem: 10267
Train: data epoch: [23] Total time: 0:00:22 (0.2979 s / it)
2026-08-20 02:55:31,530 [INFO] Qual: EPOCH[23] -> PLCC: 0.873951, SROCC: 0.813898, KROCC: 0.625024, LOSS: 0.268138
2026-08-20 02:55:31,531 [INFO] Align: EPOCH[23] -> PLCC: 0.797233, SROCC: 0.622556, KROCC: 0.451418, LOSS: 0.391837
2026-08-20 02:55:31,531 [INFO] Start training
2026-08-20 02:55:31,858 [INFO] Start training epoch 24, 74 iters per inner epoch.
2026-08-20 02:55:53,821 [INFO] Averaged stats: lr: 0.000009  loss: 0.088587
2026-08-20 02:55:53,928 [INFO] local gates: {"epoch": 24, "outer_gate": 0.1198, "refine_gate": 0.27}
2026-08-20 02:55:53,928 [INFO] Evaluating on val.
Train: data epoch: [24]  [ 0/74]  eta: 0:01:11  lr: 0.000009  loss: 0.0657  time: 0.9652  data: 0.0001  max mem: 10267
Train: data epoch: [24]  [20/74]  eta: 0:00:17  lr: 0.000009  loss: 0.1267  time: 0.2888  data: 0.0000  max mem: 10267
Train: data epoch: [24]  [40/74]  eta: 0:00:10  lr: 0.000009  loss: 0.0898  time: 0.2876  data: 0.0000  max mem: 10267
Train: data epoch: [24]  [60/74]  eta: 0:00:04  lr: 0.000009  loss: 0.0718  time: 0.2871  data: 0.0000  max mem: 10267
Train: data epoch: [24]  [73/74]  eta: 0:00:00  lr: 0.000009  loss: 0.0638  time: 0.2866  data: 0.0000  max mem: 10267
Train: data epoch: [24] Total time: 0:00:21 (0.2968 s / it)
2026-08-20 02:55:58,288 [INFO] Qual: EPOCH[24] -> PLCC: 0.876380, SROCC: 0.814799, KROCC: 0.626465, LOSS: 0.229600
2026-08-20 02:55:58,289 [INFO] Align: EPOCH[24] -> PLCC: 0.788459, SROCC: 0.630319, KROCC: 0.456310, LOSS: 0.416524
2026-08-20 02:55:58,289 [INFO] Start training
2026-08-20 02:55:58,580 [INFO] Start training epoch 25, 74 iters per inner epoch.
2026-08-20 02:56:20,606 [INFO] Averaged stats: lr: 0.000009  loss: 0.080123
2026-08-20 02:56:20,702 [INFO] local gates: {"epoch": 25, "outer_gate": 0.1198, "refine_gate": 0.27}
2026-08-20 02:56:20,702 [INFO] Evaluating on val.
Train: data epoch: [25]  [ 0/74]  eta: 0:01:15  lr: 0.000009  loss: 0.0639  time: 1.0227  data: 0.0001  max mem: 10267
Train: data epoch: [25]  [20/74]  eta: 0:00:17  lr: 0.000009  loss: 0.0649  time: 0.2879  data: 0.0000  max mem: 10267
Train: data epoch: [25]  [40/74]  eta: 0:00:10  lr: 0.000009  loss: 0.0613  time: 0.2880  data: 0.0000  max mem: 10267
Train: data epoch: [25]  [60/74]  eta: 0:00:04  lr: 0.000009  loss: 0.0740  time: 0.2876  data: 0.0000  max mem: 10267
Train: data epoch: [25]  [73/74]  eta: 0:00:00  lr: 0.000009  loss: 0.0820  time: 0.2873  data: 0.0000  max mem: 10267
Train: data epoch: [25] Total time: 0:00:22 (0.2976 s / it)
2026-08-20 02:56:25,145 [INFO] Qual: EPOCH[25] -> PLCC: 0.866689, SROCC: 0.807394, KROCC: 0.619562, LOSS: 0.249371
2026-08-20 02:56:25,145 [INFO] Align: EPOCH[25] -> PLCC: 0.794391, SROCC: 0.621140, KROCC: 0.451474, LOSS: 0.386448
2026-08-20 02:56:25,155 [INFO] Saving checkpoint at epoch 25 to ../run/20260820024_A3_full/checkpoint_latest.pth.
2026-08-20 02:56:27,180 [INFO] Start training
2026-08-20 02:56:27,536 [INFO] Start training epoch 26, 74 iters per inner epoch.
2026-08-20 02:56:49,579 [INFO] Averaged stats: lr: 0.000009  loss: 0.077048
2026-08-20 02:56:49,681 [INFO] local gates: {"epoch": 26, "outer_gate": 0.1199, "refine_gate": 0.27}
2026-08-20 02:56:49,681 [INFO] Evaluating on val.
Train: data epoch: [26]  [ 0/74]  eta: 0:01:19  lr: 0.000009  loss: 0.0732  time: 1.0798  data: 0.0001  max mem: 10267
Train: data epoch: [26]  [20/74]  eta: 0:00:17  lr: 0.000009  loss: 0.0754  time: 0.2882  data: 0.0000  max mem: 10267
Train: data epoch: [26]  [40/74]  eta: 0:00:10  lr: 0.000009  loss: 0.1159  time: 0.2871  data: 0.0000  max mem: 10267
Train: data epoch: [26]  [60/74]  eta: 0:00:04  lr: 0.000009  loss: 0.0890  time: 0.2866  data: 0.0000  max mem: 10267
Train: data epoch: [26]  [73/74]  eta: 0:00:00  lr: 0.000009  loss: 0.0455  time: 0.2862  data: 0.0000  max mem: 10267
Train: data epoch: [26] Total time: 0:00:22 (0.2979 s / it)
2026-08-20 02:56:54,014 [INFO] Qual: EPOCH[26] -> PLCC: 0.878718, SROCC: 0.824668, KROCC: 0.635480, LOSS: 0.296698
2026-08-20 02:56:54,014 [INFO] Align: EPOCH[26] -> PLCC: 0.794819, SROCC: 0.622134, KROCC: 0.448782, LOSS: 0.389573
2026-08-20 02:56:54,015 [INFO] Start training
2026-08-20 02:56:54,309 [INFO] Start training epoch 27, 74 iters per inner epoch.
2026-08-20 02:57:16,361 [INFO] Averaged stats: lr: 0.000008  loss: 0.065559
2026-08-20 02:57:16,479 [INFO] local gates: {"epoch": 27, "outer_gate": 0.1199, "refine_gate": 0.2701}
2026-08-20 02:57:16,479 [INFO] Evaluating on val.
Train: data epoch: [27]  [ 0/74]  eta: 0:01:20  lr: 0.000008  loss: 0.0669  time: 1.0821  data: 0.0001  max mem: 10267
Train: data epoch: [27]  [20/74]  eta: 0:00:17  lr: 0.000008  loss: 0.0697  time: 0.2883  data: 0.0000  max mem: 10267
Train: data epoch: [27]  [40/74]  eta: 0:00:10  lr: 0.000008  loss: 0.0609  time: 0.2877  data: 0.0000  max mem: 10267
Train: data epoch: [27]  [60/74]  eta: 0:00:04  lr: 0.000008  loss: 0.0575  time: 0.2865  data: 0.0000  max mem: 10267
Train: data epoch: [27]  [73/74]  eta: 0:00:00  lr: 0.000008  loss: 0.0978  time: 0.2859  data: 0.0000  max mem: 10267
Train: data epoch: [27] Total time: 0:00:22 (0.2980 s / it)
2026-08-20 02:57:20,836 [INFO] Qual: EPOCH[27] -> PLCC: 0.877607, SROCC: 0.821635, KROCC: 0.633011, LOSS: 0.227911
2026-08-20 02:57:20,836 [INFO] Align: EPOCH[27] -> PLCC: 0.793846, SROCC: 0.618595, KROCC: 0.447363, LOSS: 0.377069
2026-08-20 02:57:20,837 [INFO] Start training
2026-08-20 02:57:21,174 [INFO] Start training epoch 28, 74 iters per inner epoch.
2026-08-20 02:57:43,168 [INFO] Averaged stats: lr: 0.000008  loss: 0.066786
2026-08-20 02:57:43,264 [INFO] local gates: {"epoch": 28, "outer_gate": 0.12, "refine_gate": 0.2701}
2026-08-20 02:57:43,264 [INFO] Evaluating on val.
Train: data epoch: [28]  [ 0/74]  eta: 0:01:17  lr: 0.000008  loss: 0.0557  time: 1.0534  data: 0.0001  max mem: 10267
Train: data epoch: [28]  [20/74]  eta: 0:00:17  lr: 0.000008  loss: 0.0518  time: 0.2881  data: 0.0000  max mem: 10267
Train: data epoch: [28]  [40/74]  eta: 0:00:10  lr: 0.000008  loss: 0.0696  time: 0.2878  data: 0.0000  max mem: 10267
Train: data epoch: [28]  [60/74]  eta: 0:00:04  lr: 0.000008  loss: 0.0609  time: 0.2856  data: 0.0000  max mem: 10267
Train: data epoch: [28]  [73/74]  eta: 0:00:00  lr: 0.000008  loss: 0.0596  time: 0.2849  data: 0.0000  max mem: 10267
Train: data epoch: [28] Total time: 0:00:21 (0.2972 s / it)
2026-08-20 02:57:47,604 [INFO] Qual: EPOCH[28] -> PLCC: 0.875748, SROCC: 0.817636, KROCC: 0.630822, LOSS: 0.235818
2026-08-20 02:57:47,605 [INFO] Align: EPOCH[28] -> PLCC: 0.782154, SROCC: 0.614121, KROCC: 0.441186, LOSS: 0.480434
2026-08-20 02:57:47,606 [INFO] Start training
2026-08-20 02:57:47,942 [INFO] Start training epoch 29, 74 iters per inner epoch.
2026-08-20 02:58:09,988 [INFO] Averaged stats: lr: 0.000008  loss: 0.068631
2026-08-20 02:58:10,100 [INFO] local gates: {"epoch": 29, "outer_gate": 0.12, "refine_gate": 0.2702}
2026-08-20 02:58:10,101 [INFO] Evaluating on val.
Train: data epoch: [29]  [ 0/74]  eta: 0:01:16  lr: 0.000008  loss: 0.0924  time: 1.0362  data: 0.0001  max mem: 10267
Train: data epoch: [29]  [20/74]  eta: 0:00:17  lr: 0.000008  loss: 0.0466  time: 0.2884  data: 0.0000  max mem: 10267
Train: data epoch: [29]  [40/74]  eta: 0:00:10  lr: 0.000008  loss: 0.0750  time: 0.2880  data: 0.0000  max mem: 10267
Train: data epoch: [29]  [60/74]  eta: 0:00:04  lr: 0.000008  loss: 0.0715  time: 0.2877  data: 0.0000  max mem: 10267
Train: data epoch: [29]  [73/74]  eta: 0:00:00  lr: 0.000008  loss: 0.0807  time: 0.2871  data: 0.0000  max mem: 10267
Train: data epoch: [29] Total time: 0:00:22 (0.2979 s / it)
2026-08-20 02:58:14,605 [INFO] Qual: EPOCH[29] -> PLCC: 0.856256, SROCC: 0.778187, KROCC: 0.589568, LOSS: 0.278806
2026-08-20 02:58:14,605 [INFO] Align: EPOCH[29] -> PLCC: 0.771587, SROCC: 0.609954, KROCC: 0.438527, LOSS: 0.399827
2026-08-20 02:58:14,606 [INFO] Start training
2026-08-20 02:58:14,933 [INFO] Start training epoch 30, 74 iters per inner epoch.
2026-08-20 02:58:37,167 [INFO] Averaged stats: lr: 0.000008  loss: 0.079744
2026-08-20 02:58:37,260 [INFO] local gates: {"epoch": 30, "outer_gate": 0.1201, "refine_gate": 0.2702}
2026-08-20 02:58:37,261 [INFO] Evaluating on val.
Train: data epoch: [30]  [ 0/74]  eta: 0:01:31  lr: 0.000008  loss: 0.0829  time: 1.2423  data: 0.0001  max mem: 10267
Train: data epoch: [30]  [20/74]  eta: 0:00:18  lr: 0.000008  loss: 0.0768  time: 0.2884  data: 0.0000  max mem: 10267
Train: data epoch: [30]  [40/74]  eta: 0:00:10  lr: 0.000008  loss: 0.1134  time: 0.2871  data: 0.0000  max mem: 10267
Train: data epoch: [30]  [60/74]  eta: 0:00:04  lr: 0.000008  loss: 0.0948  time: 0.2875  data: 0.0000  max mem: 10267
Train: data epoch: [30]  [73/74]  eta: 0:00:00  lr: 0.000008  loss: 0.0450  time: 0.2867  data: 0.0000  max mem: 10267
Train: data epoch: [30] Total time: 0:00:22 (0.3004 s / it)
2026-08-20 02:58:41,934 [INFO] Qual: EPOCH[30] -> PLCC: 0.882297, SROCC: 0.829338, KROCC: 0.641557, LOSS: 0.242426
2026-08-20 02:58:41,934 [INFO] Align: EPOCH[30] -> PLCC: 0.786315, SROCC: 0.623439, KROCC: 0.453417, LOSS: 0.408668
2026-08-20 02:58:41,947 [INFO] Saving checkpoint at epoch 30 to ../run/20260820024_A3_full/checkpoint_latest.pth.
2026-08-20 02:58:43,783 [INFO] Start training
2026-08-20 02:58:44,142 [INFO] Start training epoch 31, 74 iters per inner epoch.
2026-08-20 02:59:06,644 [INFO] Averaged stats: lr: 0.000008  loss: 0.068417
2026-08-20 02:59:06,734 [INFO] local gates: {"epoch": 31, "outer_gate": 0.1201, "refine_gate": 0.2702}
2026-08-20 02:59:06,735 [INFO] Evaluating on val.
Train: data epoch: [31]  [ 0/74]  eta: 0:01:52  lr: 0.000008  loss: 0.0669  time: 1.5178  data: 0.0001  max mem: 10267
Train: data epoch: [31]  [20/74]  eta: 0:00:18  lr: 0.000008  loss: 0.0983  time: 0.2874  data: 0.0000  max mem: 10267
Train: data epoch: [31]  [40/74]  eta: 0:00:10  lr: 0.000008  loss: 0.0696  time: 0.2877  data: 0.0000  max mem: 10267
Train: data epoch: [31]  [60/74]  eta: 0:00:04  lr: 0.000008  loss: 0.0628  time: 0.2878  data: 0.0000  max mem: 10267
Train: data epoch: [31]  [73/74]  eta: 0:00:00  lr: 0.000008  loss: 0.0801  time: 0.2864  data: 0.0000  max mem: 10267
Train: data epoch: [31] Total time: 0:00:22 (0.3041 s / it)
2026-08-20 02:59:10,989 [INFO] Qual: EPOCH[31] -> PLCC: 0.879812, SROCC: 0.828445, KROCC: 0.640741, LOSS: 0.238476
2026-08-20 02:59:10,989 [INFO] Align: EPOCH[31] -> PLCC: 0.791641, SROCC: 0.624704, KROCC: 0.452993, LOSS: 0.438896
2026-08-20 02:59:10,990 [INFO] Start training
2026-08-20 02:59:11,288 [INFO] Start training epoch 32, 74 iters per inner epoch.
2026-08-20 02:59:33,689 [INFO] Averaged stats: lr: 0.000008  loss: 0.063884
2026-08-20 02:59:33,794 [INFO] local gates: {"epoch": 32, "outer_gate": 0.1202, "refine_gate": 0.2702}
2026-08-20 02:59:33,795 [INFO] Evaluating on val.
Train: data epoch: [32]  [ 0/74]  eta: 0:01:40  lr: 0.000008  loss: 0.0906  time: 1.3622  data: 0.0001  max mem: 10267
Train: data epoch: [32]  [20/74]  eta: 0:00:18  lr: 0.000008  loss: 0.0430  time: 0.2877  data: 0.0000  max mem: 10267
Train: data epoch: [32]  [40/74]  eta: 0:00:10  lr: 0.000008  loss: 0.0517  time: 0.2891  data: 0.0000  max mem: 10267
Train: data epoch: [32]  [60/74]  eta: 0:00:04  lr: 0.000008  loss: 0.0501  time: 0.2879  data: 0.0000  max mem: 10267
Train: data epoch: [32]  [73/74]  eta: 0:00:00  lr: 0.000008  loss: 0.0407  time: 0.2875  data: 0.0000  max mem: 10267
Train: data epoch: [32] Total time: 0:00:22 (0.3027 s / it)
2026-08-20 02:59:38,080 [INFO] Qual: EPOCH[32] -> PLCC: 0.878889, SROCC: 0.824078, KROCC: 0.636496, LOSS: 0.234543
2026-08-20 02:59:38,080 [INFO] Align: EPOCH[32] -> PLCC: 0.792676, SROCC: 0.621320, KROCC: 0.449552, LOSS: 0.380817
2026-08-20 02:59:38,081 [INFO] Start training
2026-08-20 02:59:38,396 [INFO] Start training epoch 33, 74 iters per inner epoch.
2026-08-20 03:00:00,583 [INFO] Averaged stats: lr: 0.000008  loss: 0.061682
2026-08-20 03:00:00,680 [INFO] local gates: {"epoch": 33, "outer_gate": 0.1202, "refine_gate": 0.2703}
2026-08-20 03:00:00,680 [INFO] Evaluating on val.
Train: data epoch: [33]  [ 0/74]  eta: 0:01:30  lr: 0.000008  loss: 0.0565  time: 1.2214  data: 0.0001  max mem: 10267
Train: data epoch: [33]  [20/74]  eta: 0:00:17  lr: 0.000008  loss: 0.0670  time: 0.2888  data: 0.0000  max mem: 10267
Train: data epoch: [33]  [40/74]  eta: 0:00:10  lr: 0.000008  loss: 0.0484  time: 0.2876  data: 0.0000  max mem: 10267
Train: data epoch: [33]  [60/74]  eta: 0:00:04  lr: 0.000008  loss: 0.0723  time: 0.2868  data: 0.0000  max mem: 10267
Train: data epoch: [33]  [73/74]  eta: 0:00:00  lr: 0.000008  loss: 0.0374  time: 0.2850  data: 0.0000  max mem: 10267
Train: data epoch: [33] Total time: 0:00:22 (0.2998 s / it)
2026-08-20 03:00:04,960 [INFO] Qual: EPOCH[33] -> PLCC: 0.878077, SROCC: 0.826858, KROCC: 0.640160, LOSS: 0.237639
2026-08-20 03:00:04,961 [INFO] Align: EPOCH[33] -> PLCC: 0.791966, SROCC: 0.620180, KROCC: 0.449564, LOSS: 0.389745
2026-08-20 03:00:04,961 [INFO] Start training
2026-08-20 03:00:05,296 [INFO] Start training epoch 34, 74 iters per inner epoch.
2026-08-20 03:00:27,614 [INFO] Averaged stats: lr: 0.000008  loss: 0.055495
2026-08-20 03:00:27,719 [INFO] local gates: {"epoch": 34, "outer_gate": 0.1202, "refine_gate": 0.2703}
2026-08-20 03:00:27,720 [INFO] Evaluating on val.
Train: data epoch: [34]  [ 0/74]  eta: 0:01:43  lr: 0.000008  loss: 0.0462  time: 1.4035  data: 0.0001  max mem: 10267
Train: data epoch: [34]  [20/74]  eta: 0:00:18  lr: 0.000008  loss: 0.0541  time: 0.2867  data: 0.0000  max mem: 10267
Train: data epoch: [34]  [40/74]  eta: 0:00:10  lr: 0.000008  loss: 0.0562  time: 0.2879  data: 0.0000  max mem: 10267
Train: data epoch: [34]  [60/74]  eta: 0:00:04  lr: 0.000008  loss: 0.0724  time: 0.2856  data: 0.0000  max mem: 10267
Train: data epoch: [34]  [73/74]  eta: 0:00:00  lr: 0.000008  loss: 0.0449  time: 0.2851  data: 0.0000  max mem: 10267
Train: data epoch: [34] Total time: 0:00:22 (0.3016 s / it)
2026-08-20 03:00:32,015 [INFO] Qual: EPOCH[34] -> PLCC: 0.880389, SROCC: 0.828173, KROCC: 0.641881, LOSS: 0.226238
2026-08-20 03:00:32,015 [INFO] Align: EPOCH[34] -> PLCC: 0.792988, SROCC: 0.622284, KROCC: 0.451474, LOSS: 0.374083
2026-08-20 03:00:32,016 [INFO] Start training
2026-08-20 03:00:32,342 [INFO] Start training epoch 35, 74 iters per inner epoch.
2026-08-20 03:00:54,567 [INFO] Averaged stats: lr: 0.000008  loss: 0.056240
2026-08-20 03:00:54,664 [INFO] local gates: {"epoch": 35, "outer_gate": 0.1203, "refine_gate": 0.2703}
2026-08-20 03:00:54,664 [INFO] Evaluating on val.
Train: data epoch: [35]  [ 0/74]  eta: 0:01:39  lr: 0.000008  loss: 0.0440  time: 1.3418  data: 0.0001  max mem: 10267
Train: data epoch: [35]  [20/74]  eta: 0:00:18  lr: 0.000008  loss: 0.0917  time: 0.2864  data: 0.0000  max mem: 10267
Train: data epoch: [35]  [40/74]  eta: 0:00:10  lr: 0.000008  loss: 0.0568  time: 0.2864  data: 0.0000  max mem: 10267
Train: data epoch: [35]  [60/74]  eta: 0:00:04  lr: 0.000008  loss: 0.0466  time: 0.2860  data: 0.0000  max mem: 10267
Train: data epoch: [35]  [73/74]  eta: 0:00:00  lr: 0.000008  loss: 0.0398  time: 0.2850  data: 0.0000  max mem: 10267
Train: data epoch: [35] Total time: 0:00:22 (0.3003 s / it)
2026-08-20 03:00:59,206 [INFO] Qual: EPOCH[35] -> PLCC: 0.878189, SROCC: 0.823776, KROCC: 0.637424, LOSS: 0.232795
2026-08-20 03:00:59,206 [INFO] Align: EPOCH[35] -> PLCC: 0.804320, SROCC: 0.647941, KROCC: 0.473267, LOSS: 0.387507
2026-08-20 03:00:59,220 [INFO] Saving checkpoint at epoch 35 to ../run/20260820024_A3_full/checkpoint_latest.pth.
2026-08-20 03:01:00,873 [INFO] Start training
2026-08-20 03:01:01,165 [INFO] Start training epoch 36, 74 iters per inner epoch.
2026-08-20 03:01:23,120 [INFO] Averaged stats: lr: 0.000007  loss: 0.055220
2026-08-20 03:01:23,230 [INFO] local gates: {"epoch": 36, "outer_gate": 0.1203, "refine_gate": 0.2703}
2026-08-20 03:01:23,231 [INFO] Evaluating on val.
Train: data epoch: [36]  [ 0/74]  eta: 0:01:22  lr: 0.000007  loss: 0.0584  time: 1.1177  data: 0.0001  max mem: 10267
Train: data epoch: [36]  [20/74]  eta: 0:00:17  lr: 0.000007  loss: 0.0440  time: 0.2870  data: 0.0000  max mem: 10267
Train: data epoch: [36]  [40/74]  eta: 0:00:10  lr: 0.000007  loss: 0.0662  time: 0.2855  data: 0.0000  max mem: 10267
Train: data epoch: [36]  [60/74]  eta: 0:00:04  lr: 0.000007  loss: 0.0556  time: 0.2845  data: 0.0000  max mem: 10267
Train: data epoch: [36]  [73/74]  eta: 0:00:00  lr: 0.000007  loss: 0.0593  time: 0.2838  data: 0.0000  max mem: 10267
Train: data epoch: [36] Total time: 0:00:21 (0.2967 s / it)
2026-08-20 03:01:27,601 [INFO] Qual: EPOCH[36] -> PLCC: 0.877138, SROCC: 0.821025, KROCC: 0.633443, LOSS: 0.229468
2026-08-20 03:01:27,601 [INFO] Align: EPOCH[36] -> PLCC: 0.797884, SROCC: 0.639249, KROCC: 0.465101, LOSS: 0.359985
2026-08-20 03:01:27,602 [INFO] Start training
2026-08-20 03:01:27,936 [INFO] Start training epoch 37, 74 iters per inner epoch.
2026-08-20 03:01:49,785 [INFO] Averaged stats: lr: 0.000007  loss: 0.049186
2026-08-20 03:01:49,895 [INFO] local gates: {"epoch": 37, "outer_gate": 0.1203, "refine_gate": 0.2704}
2026-08-20 03:01:49,895 [INFO] Evaluating on val.
Train: data epoch: [37]  [ 0/74]  eta: 0:01:08  lr: 0.000007  loss: 0.0476  time: 0.9214  data: 0.0001  max mem: 10267
Train: data epoch: [37]  [20/74]  eta: 0:00:17  lr: 0.000007  loss: 0.0533  time: 0.2891  data: 0.0000  max mem: 10267
Train: data epoch: [37]  [40/74]  eta: 0:00:10  lr: 0.000007  loss: 0.0401  time: 0.2864  data: 0.0000  max mem: 10267
Train: data epoch: [37]  [60/74]  eta: 0:00:04  lr: 0.000007  loss: 0.0578  time: 0.2862  data: 0.0000  max mem: 10267
Train: data epoch: [37]  [73/74]  eta: 0:00:00  lr: 0.000007  loss: 0.0526  time: 0.2838  data: 0.0000  max mem: 10267
Train: data epoch: [37] Total time: 0:00:21 (0.2953 s / it)
2026-08-20 03:01:54,105 [INFO] Qual: EPOCH[37] -> PLCC: 0.881552, SROCC: 0.828761, KROCC: 0.641858, LOSS: 0.230374
2026-08-20 03:01:54,105 [INFO] Align: EPOCH[37] -> PLCC: 0.798196, SROCC: 0.626031, KROCC: 0.453641, LOSS: 0.388544
2026-08-20 03:01:54,106 [INFO] Start training
2026-08-20 03:01:54,390 [INFO] Start training epoch 38, 74 iters per inner epoch.
2026-08-20 03:02:16,404 [INFO] Averaged stats: lr: 0.000007  loss: 0.053023
2026-08-20 03:02:16,515 [INFO] local gates: {"epoch": 38, "outer_gate": 0.1203, "refine_gate": 0.2704}
2026-08-20 03:02:16,515 [INFO] Evaluating on val.
Train: data epoch: [38]  [ 0/74]  eta: 0:01:26  lr: 0.000007  loss: 0.0231  time: 1.1702  data: 0.0001  max mem: 10267
Train: data epoch: [38]  [20/74]  eta: 0:00:17  lr: 0.000007  loss: 0.0548  time: 0.2864  data: 0.0000  max mem: 10267
Train: data epoch: [38]  [40/74]  eta: 0:00:10  lr: 0.000007  loss: 0.0423  time: 0.2855  data: 0.0000  max mem: 10267
Train: data epoch: [38]  [60/74]  eta: 0:00:04  lr: 0.000007  loss: 0.0599  time: 0.2855  data: 0.0000  max mem: 10267
Train: data epoch: [38]  [73/74]  eta: 0:00:00  lr: 0.000007  loss: 0.0563  time: 0.2840  data: 0.0000  max mem: 10267
Train: data epoch: [38] Total time: 0:00:22 (0.2975 s / it)
2026-08-20 03:02:20,945 [INFO] Qual: EPOCH[38] -> PLCC: 0.885170, SROCC: 0.830618, KROCC: 0.643177, LOSS: 0.229221
2026-08-20 03:02:20,945 [INFO] Align: EPOCH[38] -> PLCC: 0.798639, SROCC: 0.643455, KROCC: 0.470485, LOSS: 0.376878
2026-08-20 03:02:20,955 [INFO] Saving checkpoint at epoch 38 to ../run/20260820024_A3_full/checkpoint_best.pth.
2026-08-20 03:02:22,871 [INFO] Start training
2026-08-20 03:02:23,234 [INFO] Start training epoch 39, 74 iters per inner epoch.
2026-08-20 03:02:45,353 [INFO] Averaged stats: lr: 0.000007  loss: 0.061944
2026-08-20 03:02:45,452 [INFO] local gates: {"epoch": 39, "outer_gate": 0.1203, "refine_gate": 0.2704}
2026-08-20 03:02:45,453 [INFO] Evaluating on val.
Train: data epoch: [39]  [ 0/74]  eta: 0:01:34  lr: 0.000007  loss: 0.0564  time: 1.2835  data: 0.0001  max mem: 10267
Train: data epoch: [39]  [20/74]  eta: 0:00:17  lr: 0.000007  loss: 0.0753  time: 0.2858  data: 0.0000  max mem: 10267
Train: data epoch: [39]  [40/74]  eta: 0:00:10  lr: 0.000007  loss: 0.0790  time: 0.2863  data: 0.0000  max mem: 10267
Train: data epoch: [39]  [60/74]  eta: 0:00:04  lr: 0.000007  loss: 0.0738  time: 0.2847  data: 0.0000  max mem: 10267
Train: data epoch: [39]  [73/74]  eta: 0:00:00  lr: 0.000007  loss: 0.0672  time: 0.2849  data: 0.0000  max mem: 10267
Train: data epoch: [39] Total time: 0:00:22 (0.2989 s / it)
2026-08-20 03:02:49,735 [INFO] Qual: EPOCH[39] -> PLCC: 0.883420, SROCC: 0.828984, KROCC: 0.641925, LOSS: 0.222303
2026-08-20 03:02:49,735 [INFO] Align: EPOCH[39] -> PLCC: 0.789960, SROCC: 0.637636, KROCC: 0.464185, LOSS: 0.383670
2026-08-20 03:02:49,736 [INFO] Start training
2026-08-20 03:02:50,070 [INFO] Start training epoch 40, 74 iters per inner epoch.
2026-08-20 03:03:12,154 [INFO] Averaged stats: lr: 0.000007  loss: 0.052576
2026-08-20 03:03:12,256 [INFO] local gates: {"epoch": 40, "outer_gate": 0.1204, "refine_gate": 0.2704}
2026-08-20 03:03:12,256 [INFO] Evaluating on val.
Train: data epoch: [40]  [ 0/74]  eta: 0:01:38  lr: 0.000007  loss: 0.0489  time: 1.3347  data: 0.0001  max mem: 10267
Train: data epoch: [40]  [20/74]  eta: 0:00:18  lr: 0.000007  loss: 0.0599  time: 0.2851  data: 0.0000  max mem: 10267
Train: data epoch: [40]  [40/74]  eta: 0:00:10  lr: 0.000007  loss: 0.0459  time: 0.2845  data: 0.0000  max mem: 10267
Train: data epoch: [40]  [60/74]  eta: 0:00:04  lr: 0.000007  loss: 0.0556  time: 0.2836  data: 0.0000  max mem: 10267
Train: data epoch: [40]  [73/74]  eta: 0:00:00  lr: 0.000007  loss: 0.0523  time: 0.2831  data: 0.0000  max mem: 10267
Train: data epoch: [40] Total time: 0:00:22 (0.2984 s / it)
2026-08-20 03:03:16,482 [INFO] Qual: EPOCH[40] -> PLCC: 0.885674, SROCC: 0.834003, KROCC: 0.648561, LOSS: 0.217403
2026-08-20 03:03:16,482 [INFO] Align: EPOCH[40] -> PLCC: 0.794708, SROCC: 0.630745, KROCC: 0.458768, LOSS: 0.368606
2026-08-20 03:03:16,492 [INFO] Saving checkpoint at epoch 40 to ../run/20260820024_A3_full/checkpoint_best.pth.
2026-08-20 03:03:18,235 [INFO] Start training
2026-08-20 03:03:18,601 [INFO] Start training epoch 41, 74 iters per inner epoch.
2026-08-20 03:03:40,657 [INFO] Averaged stats: lr: 0.000007  loss: 0.049953
2026-08-20 03:03:40,750 [INFO] local gates: {"epoch": 41, "outer_gate": 0.1204, "refine_gate": 0.2704}
2026-08-20 03:03:40,751 [INFO] Evaluating on val.
Train: data epoch: [41]  [ 0/74]  eta: 0:01:31  lr: 0.000007  loss: 0.0308  time: 1.2425  data: 0.0001  max mem: 10267
Train: data epoch: [41]  [20/74]  eta: 0:00:17  lr: 0.000007  loss: 0.0331  time: 0.2869  data: 0.0000  max mem: 10267
Train: data epoch: [41]  [40/74]  eta: 0:00:10  lr: 0.000007  loss: 0.0529  time: 0.2853  data: 0.0000  max mem: 10267
Train: data epoch: [41]  [60/74]  eta: 0:00:04  lr: 0.000007  loss: 0.0386  time: 0.2843  data: 0.0000  max mem: 10267
Train: data epoch: [41]  [73/74]  eta: 0:00:00  lr: 0.000007  loss: 0.0512  time: 0.2831  data: 0.0000  max mem: 10267
Train: data epoch: [41] Total time: 0:00:22 (0.2981 s / it)
2026-08-20 03:03:45,034 [INFO] Qual: EPOCH[41] -> PLCC: 0.881548, SROCC: 0.830324, KROCC: 0.642272, LOSS: 0.237024
2026-08-20 03:03:45,034 [INFO] Align: EPOCH[41] -> PLCC: 0.784882, SROCC: 0.617212, KROCC: 0.447318, LOSS: 0.419418
2026-08-20 03:03:45,035 [INFO] Start training
2026-08-20 03:03:45,318 [INFO] Start training epoch 42, 74 iters per inner epoch.
2026-08-20 03:04:07,182 [INFO] Averaged stats: lr: 0.000007  loss: 0.043228
2026-08-20 03:04:07,287 [INFO] local gates: {"epoch": 42, "outer_gate": 0.1204, "refine_gate": 0.2704}
2026-08-20 03:04:07,287 [INFO] Evaluating on val.
Train: data epoch: [42]  [ 0/74]  eta: 0:01:03  lr: 0.000007  loss: 0.0482  time: 0.8517  data: 0.0001  max mem: 10267
Train: data epoch: [42]  [20/74]  eta: 0:00:17  lr: 0.000007  loss: 0.0253  time: 0.2933  data: 0.0000  max mem: 10267
Train: data epoch: [42]  [40/74]  eta: 0:00:10  lr: 0.000007  loss: 0.0508  time: 0.2875  data: 0.0000  max mem: 10267
Train: data epoch: [42]  [60/74]  eta: 0:00:04  lr: 0.000007  loss: 0.0496  time: 0.2848  data: 0.0000  max mem: 10267
Train: data epoch: [42]  [73/74]  eta: 0:00:00  lr: 0.000007  loss: 0.0492  time: 0.2842  data: 0.0000  max mem: 10267
Train: data epoch: [42] Total time: 0:00:21 (0.2955 s / it)
2026-08-20 03:04:11,553 [INFO] Qual: EPOCH[42] -> PLCC: 0.881337, SROCC: 0.832103, KROCC: 0.645936, LOSS: 0.232363
2026-08-20 03:04:11,554 [INFO] Align: EPOCH[42] -> PLCC: 0.790370, SROCC: 0.627599, KROCC: 0.455484, LOSS: 0.399319
2026-08-20 03:04:11,554 [INFO] Start training
2026-08-20 03:04:11,857 [INFO] Start training epoch 43, 74 iters per inner epoch.
2026-08-20 03:04:33,939 [INFO] Averaged stats: lr: 0.000006  loss: 0.041554
2026-08-20 03:04:34,040 [INFO] local gates: {"epoch": 43, "outer_gate": 0.1204, "refine_gate": 0.2704}
2026-08-20 03:04:34,040 [INFO] Evaluating on val.
Train: data epoch: [43]  [ 0/74]  eta: 0:01:39  lr: 0.000006  loss: 0.0320  time: 1.3442  data: 0.0001  max mem: 10267
Train: data epoch: [43]  [20/74]  eta: 0:00:18  lr: 0.000006  loss: 0.0532  time: 0.2847  data: 0.0000  max mem: 10267
Train: data epoch: [43]  [40/74]  eta: 0:00:10  lr: 0.000006  loss: 0.0457  time: 0.2849  data: 0.0000  max mem: 10267
Train: data epoch: [43]  [60/74]  eta: 0:00:04  lr: 0.000006  loss: 0.0499  time: 0.2835  data: 0.0000  max mem: 10267
Train: data epoch: [43]  [73/74]  eta: 0:00:00  lr: 0.000006  loss: 0.0450  time: 0.2824  data: 0.0000  max mem: 10267
Train: data epoch: [43] Total time: 0:00:22 (0.2984 s / it)
2026-08-20 03:04:38,315 [INFO] Qual: EPOCH[43] -> PLCC: 0.883104, SROCC: 0.829941, KROCC: 0.644282, LOSS: 0.227086
2026-08-20 03:04:38,315 [INFO] Align: EPOCH[43] -> PLCC: 0.793211, SROCC: 0.623613, KROCC: 0.454423, LOSS: 0.372263
2026-08-20 03:04:38,316 [INFO] Start training
2026-08-20 03:04:38,634 [INFO] Start training epoch 44, 74 iters per inner epoch.
2026-08-20 03:05:00,649 [INFO] Averaged stats: lr: 0.000006  loss: 0.039758
2026-08-20 03:05:00,756 [INFO] local gates: {"epoch": 44, "outer_gate": 0.1204, "refine_gate": 0.2705}
2026-08-20 03:05:00,756 [INFO] Evaluating on val.
Train: data epoch: [44]  [ 0/74]  eta: 0:01:20  lr: 0.000006  loss: 0.0362  time: 1.0853  data: 0.0001  max mem: 10267
Train: data epoch: [44]  [20/74]  eta: 0:00:17  lr: 0.000006  loss: 0.0419  time: 0.2876  data: 0.0000  max mem: 10267
Train: data epoch: [44]  [40/74]  eta: 0:00:10  lr: 0.000006  loss: 0.0538  time: 0.2867  data: 0.0000  max mem: 10267
Train: data epoch: [44]  [60/74]  eta: 0:00:04  lr: 0.000006  loss: 0.0408  time: 0.2872  data: 0.0000  max mem: 10267
Train: data epoch: [44]  [73/74]  eta: 0:00:00  lr: 0.000006  loss: 0.0270  time: 0.2843  data: 0.0000  max mem: 10267
Train: data epoch: [44] Total time: 0:00:22 (0.2975 s / it)
2026-08-20 03:05:05,326 [INFO] Qual: EPOCH[44] -> PLCC: 0.880301, SROCC: 0.829395, KROCC: 0.644942, LOSS: 0.231235
2026-08-20 03:05:05,326 [INFO] Align: EPOCH[44] -> PLCC: 0.789203, SROCC: 0.619514, KROCC: 0.450301, LOSS: 0.391018
2026-08-20 03:05:05,327 [INFO] Start training
2026-08-20 03:05:05,633 [INFO] Start training epoch 45, 74 iters per inner epoch.
2026-08-20 03:05:27,795 [INFO] Averaged stats: lr: 0.000006  loss: 0.037604
2026-08-20 03:05:27,902 [INFO] local gates: {"epoch": 45, "outer_gate": 0.1205, "refine_gate": 0.2705}
2026-08-20 03:05:27,903 [INFO] Evaluating on val.
Train: data epoch: [45]  [ 0/74]  eta: 0:01:35  lr: 0.000006  loss: 0.0244  time: 1.2916  data: 0.0001  max mem: 10267
Train: data epoch: [45]  [20/74]  eta: 0:00:18  lr: 0.000006  loss: 0.0389  time: 0.2879  data: 0.0000  max mem: 10267
Train: data epoch: [45]  [40/74]  eta: 0:00:10  lr: 0.000006  loss: 0.0397  time: 0.2856  data: 0.0000  max mem: 10267
Train: data epoch: [45]  [60/74]  eta: 0:00:04  lr: 0.000006  loss: 0.0455  time: 0.2848  data: 0.0000  max mem: 10267
Train: data epoch: [45]  [73/74]  eta: 0:00:00  lr: 0.000006  loss: 0.0437  time: 0.2846  data: 0.0000  max mem: 10267
Train: data epoch: [45] Total time: 0:00:22 (0.2995 s / it)
2026-08-20 03:05:32,190 [INFO] Qual: EPOCH[45] -> PLCC: 0.882819, SROCC: 0.830416, KROCC: 0.645880, LOSS: 0.225535
2026-08-20 03:05:32,190 [INFO] Align: EPOCH[45] -> PLCC: 0.792573, SROCC: 0.617982, KROCC: 0.449251, LOSS: 0.369436
2026-08-20 03:05:32,203 [INFO] Saving checkpoint at epoch 45 to ../run/20260820024_A3_full/checkpoint_latest.pth.
2026-08-20 03:05:34,455 [INFO] Start training
2026-08-20 03:05:34,819 [INFO] Start training epoch 46, 74 iters per inner epoch.
2026-08-20 03:05:56,791 [INFO] Averaged stats: lr: 0.000006  loss: 0.041298
2026-08-20 03:05:56,886 [INFO] local gates: {"epoch": 46, "outer_gate": 0.1205, "refine_gate": 0.2705}
2026-08-20 03:05:56,886 [INFO] Evaluating on val.
Train: data epoch: [46]  [ 0/74]  eta: 0:01:27  lr: 0.000006  loss: 0.0389  time: 1.1797  data: 0.0001  max mem: 10267
Train: data epoch: [46]  [20/74]  eta: 0:00:17  lr: 0.000006  loss: 0.0282  time: 0.2847  data: 0.0000  max mem: 10267
Train: data epoch: [46]  [40/74]  eta: 0:00:10  lr: 0.000006  loss: 0.0482  time: 0.2851  data: 0.0000  max mem: 10267
Train: data epoch: [46]  [60/74]  eta: 0:00:04  lr: 0.000006  loss: 0.0291  time: 0.2847  data: 0.0000  max mem: 10267
Train: data epoch: [46]  [73/74]  eta: 0:00:00  lr: 0.000006  loss: 0.0378  time: 0.2846  data: 0.0000  max mem: 10267
Train: data epoch: [46] Total time: 0:00:21 (0.2969 s / it)
2026-08-20 03:06:01,211 [INFO] Qual: EPOCH[46] -> PLCC: 0.885497, SROCC: 0.836857, KROCC: 0.650929, LOSS: 0.226859
2026-08-20 03:06:01,211 [INFO] Align: EPOCH[46] -> PLCC: 0.792486, SROCC: 0.611878, KROCC: 0.442727, LOSS: 0.378970
2026-08-20 03:06:01,224 [INFO] Saving checkpoint at epoch 46 to ../run/20260820024_A3_full/checkpoint_best.pth.
2026-08-20 03:06:03,304 [INFO] Start training
2026-08-20 03:06:03,674 [INFO] Start training epoch 47, 74 iters per inner epoch.
2026-08-20 03:06:25,761 [INFO] Averaged stats: lr: 0.000006  loss: 0.034366
2026-08-20 03:06:25,873 [INFO] local gates: {"epoch": 47, "outer_gate": 0.1205, "refine_gate": 0.2705}
2026-08-20 03:06:25,874 [INFO] Evaluating on val.
Train: data epoch: [47]  [ 0/74]  eta: 0:01:35  lr: 0.000006  loss: 0.0420  time: 1.2892  data: 0.0001  max mem: 10267
Train: data epoch: [47]  [20/74]  eta: 0:00:18  lr: 0.000006  loss: 0.0311  time: 0.2863  data: 0.0000  max mem: 10267
Train: data epoch: [47]  [40/74]  eta: 0:00:10  lr: 0.000006  loss: 0.0302  time: 0.2852  data: 0.0000  max mem: 10267
Train: data epoch: [47]  [60/74]  eta: 0:00:04  lr: 0.000006  loss: 0.0398  time: 0.2841  data: 0.0000  max mem: 10267
Train: data epoch: [47]  [73/74]  eta: 0:00:00  lr: 0.000006  loss: 0.0274  time: 0.2833  data: 0.0000  max mem: 10267
Train: data epoch: [47] Total time: 0:00:22 (0.2985 s / it)
2026-08-20 03:06:30,065 [INFO] Qual: EPOCH[47] -> PLCC: 0.883623, SROCC: 0.830563, KROCC: 0.644618, LOSS: 0.218252
2026-08-20 03:06:30,065 [INFO] Align: EPOCH[47] -> PLCC: 0.797722, SROCC: 0.629657, KROCC: 0.457930, LOSS: 0.379030
2026-08-20 03:06:30,066 [INFO] Start training
2026-08-20 03:06:30,353 [INFO] Start training epoch 48, 74 iters per inner epoch.
2026-08-20 03:06:52,026 [INFO] Averaged stats: lr: 0.000006  loss: 0.034596
2026-08-20 03:06:52,133 [INFO] local gates: {"epoch": 48, "outer_gate": 0.1205, "refine_gate": 0.2705}
2026-08-20 03:06:52,133 [INFO] Evaluating on val.
Train: data epoch: [48]  [ 0/74]  eta: 0:01:04  lr: 0.000006  loss: 0.0385  time: 0.8667  data: 0.0001  max mem: 10267
Train: data epoch: [48]  [20/74]  eta: 0:00:16  lr: 0.000006  loss: 0.0298  time: 0.2852  data: 0.0000  max mem: 10267
Train: data epoch: [48]  [40/74]  eta: 0:00:10  lr: 0.000006  loss: 0.0253  time: 0.2857  data: 0.0000  max mem: 10267
Train: data epoch: [48]  [60/74]  eta: 0:00:04  lr: 0.000006  loss: 0.0250  time: 0.2848  data: 0.0000  max mem: 10267
Train: data epoch: [48]  [73/74]  eta: 0:00:00  lr: 0.000006  loss: 0.0336  time: 0.2836  data: 0.0000  max mem: 10267
Train: data epoch: [48] Total time: 0:00:21 (0.2929 s / it)
2026-08-20 03:06:56,493 [INFO] Qual: EPOCH[48] -> PLCC: 0.881504, SROCC: 0.831053, KROCC: 0.644863, LOSS: 0.227022
2026-08-20 03:06:56,493 [INFO] Align: EPOCH[48] -> PLCC: 0.788495, SROCC: 0.616781, KROCC: 0.447933, LOSS: 0.382093
2026-08-20 03:06:56,494 [INFO] Start training
2026-08-20 03:06:56,770 [INFO] Start training epoch 49, 74 iters per inner epoch.
2026-08-20 03:07:18,603 [INFO] Averaged stats: lr: 0.000006  loss: 0.034030
2026-08-20 03:07:18,718 [INFO] local gates: {"epoch": 49, "outer_gate": 0.1205, "refine_gate": 0.2705}
2026-08-20 03:07:18,719 [INFO] Evaluating on val.
Train: data epoch: [49]  [ 0/74]  eta: 0:01:15  lr: 0.000006  loss: 0.0307  time: 1.0269  data: 0.0001  max mem: 10267
Train: data epoch: [49]  [20/74]  eta: 0:00:17  lr: 0.000006  loss: 0.0283  time: 0.2858  data: 0.0000  max mem: 10267
Train: data epoch: [49]  [40/74]  eta: 0:00:10  lr: 0.000006  loss: 0.0292  time: 0.2850  data: 0.0000  max mem: 10267
Train: data epoch: [49]  [60/74]  eta: 0:00:04  lr: 0.000006  loss: 0.0281  time: 0.2846  data: 0.0000  max mem: 10267
Train: data epoch: [49]  [73/74]  eta: 0:00:00  lr: 0.000006  loss: 0.0321  time: 0.2842  data: 0.0000  max mem: 10267
Train: data epoch: [49] Total time: 0:00:21 (0.2950 s / it)
2026-08-20 03:07:23,073 [INFO] Qual: EPOCH[49] -> PLCC: 0.883776, SROCC: 0.834842, KROCC: 0.648080, LOSS: 0.250869
2026-08-20 03:07:23,073 [INFO] Align: EPOCH[49] -> PLCC: 0.788206, SROCC: 0.611489, KROCC: 0.442593, LOSS: 0.411420
2026-08-20 03:07:23,074 [INFO] Start training
2026-08-20 03:07:23,408 [INFO] Start training epoch 50, 74 iters per inner epoch.
2026-08-20 03:07:45,051 [INFO] Averaged stats: lr: 0.000006  loss: 0.034108
2026-08-20 03:07:45,171 [INFO] local gates: {"epoch": 50, "outer_gate": 0.1205, "refine_gate": 0.2705}
2026-08-20 03:07:45,172 [INFO] Evaluating on val.
Train: data epoch: [50]  [ 0/74]  eta: 0:01:10  lr: 0.000005  loss: 0.0499  time: 0.9545  data: 0.0001  max mem: 10267
Train: data epoch: [50]  [20/74]  eta: 0:00:17  lr: 0.000005  loss: 0.0276  time: 0.2842  data: 0.0000  max mem: 10267
Train: data epoch: [50]  [40/74]  eta: 0:00:10  lr: 0.000005  loss: 0.0319  time: 0.2834  data: 0.0000  max mem: 10267
Train: data epoch: [50]  [60/74]  eta: 0:00:04  lr: 0.000005  loss: 0.0366  time: 0.2830  data: 0.0000  max mem: 10267
Train: data epoch: [50]  [73/74]  eta: 0:00:00  lr: 0.000005  loss: 0.0178  time: 0.2826  data: 0.0000  max mem: 10267
Train: data epoch: [50] Total time: 0:00:21 (0.2925 s / it)
2026-08-20 03:07:49,486 [INFO] Qual: EPOCH[50] -> PLCC: 0.884594, SROCC: 0.831649, KROCC: 0.645779, LOSS: 0.219678
2026-08-20 03:07:49,486 [INFO] Align: EPOCH[50] -> PLCC: 0.791231, SROCC: 0.616479, KROCC: 0.447564, LOSS: 0.375699
2026-08-20 03:07:49,496 [INFO] Saving checkpoint at epoch 50 to ../run/20260820024_A3_full/checkpoint_latest.pth.
2026-08-20 03:07:51,426 [INFO] Start training
2026-08-20 03:07:51,796 [INFO] Start training epoch 51, 74 iters per inner epoch.
2026-08-20 03:08:13,892 [INFO] Averaged stats: lr: 0.000005  loss: 0.033760
2026-08-20 03:08:14,025 [INFO] local gates: {"epoch": 51, "outer_gate": 0.1205, "refine_gate": 0.2705}
2026-08-20 03:08:14,026 [INFO] Evaluating on val.
Train: data epoch: [51]  [ 0/74]  eta: 0:01:32  lr: 0.000005  loss: 0.0437  time: 1.2503  data: 0.0001  max mem: 10267
Train: data epoch: [51]  [20/74]  eta: 0:00:17  lr: 0.000005  loss: 0.0363  time: 0.2867  data: 0.0000  max mem: 10267
Train: data epoch: [51]  [40/74]  eta: 0:00:10  lr: 0.000005  loss: 0.0214  time: 0.2854  data: 0.0000  max mem: 10267
Train: data epoch: [51]  [60/74]  eta: 0:00:04  lr: 0.000005  loss: 0.0402  time: 0.2847  data: 0.0000  max mem: 10267
Train: data epoch: [51]  [73/74]  eta: 0:00:00  lr: 0.000005  loss: 0.0271  time: 0.2847  data: 0.0000  max mem: 10267
Train: data epoch: [51] Total time: 0:00:22 (0.2986 s / it)
2026-08-20 03:08:18,601 [INFO] Qual: EPOCH[51] -> PLCC: 0.883462, SROCC: 0.830798, KROCC: 0.644584, LOSS: 0.219747
2026-08-20 03:08:18,601 [INFO] Align: EPOCH[51] -> PLCC: 0.797622, SROCC: 0.623762, KROCC: 0.453692, LOSS: 0.355826
2026-08-20 03:08:18,602 [INFO] Start training
2026-08-20 03:08:18,947 [INFO] Start training epoch 52, 74 iters per inner epoch.
2026-08-20 03:08:41,061 [INFO] Averaged stats: lr: 0.000005  loss: 0.038305
2026-08-20 03:08:41,165 [INFO] local gates: {"epoch": 52, "outer_gate": 0.1205, "refine_gate": 0.2705}
2026-08-20 03:08:41,166 [INFO] Evaluating on val.
Train: data epoch: [52]  [ 0/74]  eta: 0:01:35  lr: 0.000005  loss: 0.0503  time: 1.2840  data: 0.0001  max mem: 10267
Train: data epoch: [52]  [20/74]  eta: 0:00:18  lr: 0.000005  loss: 0.0478  time: 0.2860  data: 0.0000  max mem: 10267
Train: data epoch: [52]  [40/74]  eta: 0:00:10  lr: 0.000005  loss: 0.0295  time: 0.2861  data: 0.0000  max mem: 10267
Train: data epoch: [52]  [60/74]  eta: 0:00:04  lr: 0.000005  loss: 0.0374  time: 0.2847  data: 0.0000  max mem: 10267
Train: data epoch: [52]  [73/74]  eta: 0:00:00  lr: 0.000005  loss: 0.0792  time: 0.2839  data: 0.0000  max mem: 10267
Train: data epoch: [52] Total time: 0:00:22 (0.2988 s / it)
2026-08-20 03:08:45,413 [INFO] Qual: EPOCH[52] -> PLCC: 0.885842, SROCC: 0.835642, KROCC: 0.650449, LOSS: 0.222004
2026-08-20 03:08:45,413 [INFO] Align: EPOCH[52] -> PLCC: 0.798293, SROCC: 0.623955, KROCC: 0.453831, LOSS: 0.370749
2026-08-20 03:08:45,414 [INFO] Start training
2026-08-20 03:08:45,742 [INFO] Start training epoch 53, 74 iters per inner epoch.
2026-08-20 03:09:07,547 [INFO] Averaged stats: lr: 0.000005  loss: 0.030419
2026-08-20 03:09:07,640 [INFO] local gates: {"epoch": 53, "outer_gate": 0.1205, "refine_gate": 0.2705}
2026-08-20 03:09:07,640 [INFO] Evaluating on val.
Train: data epoch: [53]  [ 0/74]  eta: 0:01:05  lr: 0.000005  loss: 0.0328  time: 0.8802  data: 0.0001  max mem: 10267
Train: data epoch: [53]  [20/74]  eta: 0:00:17  lr: 0.000005  loss: 0.0671  time: 0.2887  data: 0.0000  max mem: 10267
Train: data epoch: [53]  [40/74]  eta: 0:00:10  lr: 0.000005  loss: 0.0184  time: 0.2864  data: 0.0000  max mem: 10267
Train: data epoch: [53]  [60/74]  eta: 0:00:04  lr: 0.000005  loss: 0.0180  time: 0.2855  data: 0.0000  max mem: 10267
Train: data epoch: [53]  [73/74]  eta: 0:00:00  lr: 0.000005  loss: 0.0312  time: 0.2852  data: 0.0000  max mem: 10267
Train: data epoch: [53] Total time: 0:00:21 (0.2947 s / it)
2026-08-20 03:09:12,259 [INFO] Qual: EPOCH[53] -> PLCC: 0.883651, SROCC: 0.831408, KROCC: 0.645656, LOSS: 0.227421
2026-08-20 03:09:12,259 [INFO] Align: EPOCH[53] -> PLCC: 0.799022, SROCC: 0.626649, KROCC: 0.456623, LOSS: 0.368419
2026-08-20 03:09:12,260 [INFO] Start training
2026-08-20 03:09:12,598 [INFO] Start training epoch 54, 74 iters per inner epoch.
2026-08-20 03:09:34,845 [INFO] Averaged stats: lr: 0.000005  loss: 0.028275
2026-08-20 03:09:34,954 [INFO] local gates: {"epoch": 54, "outer_gate": 0.1205, "refine_gate": 0.2706}
2026-08-20 03:09:34,954 [INFO] Evaluating on val.
Train: data epoch: [54]  [ 0/74]  eta: 0:01:42  lr: 0.000005  loss: 0.0333  time: 1.3816  data: 0.0001  max mem: 10267
Train: data epoch: [54]  [20/74]  eta: 0:00:18  lr: 0.000005  loss: 0.0290  time: 0.2865  data: 0.0000  max mem: 10267
Train: data epoch: [54]  [40/74]  eta: 0:00:10  lr: 0.000005  loss: 0.0255  time: 0.2862  data: 0.0000  max mem: 10267
Train: data epoch: [54]  [60/74]  eta: 0:00:04  lr: 0.000005  loss: 0.0165  time: 0.2858  data: 0.0000  max mem: 10267
Train: data epoch: [54]  [73/74]  eta: 0:00:00  lr: 0.000005  loss: 0.0314  time: 0.2845  data: 0.0000  max mem: 10267
Train: data epoch: [54] Total time: 0:00:22 (0.3006 s / it)
2026-08-20 03:09:39,390 [INFO] Qual: EPOCH[54] -> PLCC: 0.883473, SROCC: 0.831157, KROCC: 0.645355, LOSS: 0.233839
2026-08-20 03:09:39,390 [INFO] Align: EPOCH[54] -> PLCC: 0.796144, SROCC: 0.626793, KROCC: 0.455875, LOSS: 0.374065
2026-08-20 03:09:39,391 [INFO] Start training
2026-08-20 03:09:39,728 [INFO] Start training epoch 55, 74 iters per inner epoch.
2026-08-20 03:10:01,674 [INFO] Averaged stats: lr: 0.000005  loss: 0.030399
2026-08-20 03:10:01,774 [INFO] local gates: {"epoch": 55, "outer_gate": 0.1205, "refine_gate": 0.2706}
2026-08-20 03:10:01,775 [INFO] Evaluating on val.
Train: data epoch: [55]  [ 0/74]  eta: 0:01:28  lr: 0.000005  loss: 0.0226  time: 1.1938  data: 0.0001  max mem: 10267
Train: data epoch: [55]  [20/74]  eta: 0:00:17  lr: 0.000005  loss: 0.0274  time: 0.2861  data: 0.0000  max mem: 10267
Train: data epoch: [55]  [40/74]  eta: 0:00:10  lr: 0.000005  loss: 0.0243  time: 0.2841  data: 0.0000  max mem: 10267
Train: data epoch: [55]  [60/74]  eta: 0:00:04  lr: 0.000005  loss: 0.0228  time: 0.2834  data: 0.0000  max mem: 10267
Train: data epoch: [55]  [73/74]  eta: 0:00:00  lr: 0.000005  loss: 0.0286  time: 0.2828  data: 0.0000  max mem: 10267
Train: data epoch: [55] Total time: 0:00:21 (0.2966 s / it)
2026-08-20 03:10:06,188 [INFO] Qual: EPOCH[55] -> PLCC: 0.885299, SROCC: 0.833377, KROCC: 0.648136, LOSS: 0.213371
2026-08-20 03:10:06,188 [INFO] Align: EPOCH[55] -> PLCC: 0.800636, SROCC: 0.628170, KROCC: 0.456813, LOSS: 0.363067
2026-08-20 03:10:06,201 [INFO] Saving checkpoint at epoch 55 to ../run/20260820024_A3_full/checkpoint_latest.pth.
2026-08-20 03:10:08,309 [INFO] Start training
2026-08-20 03:10:08,649 [INFO] Start training epoch 56, 74 iters per inner epoch.
2026-08-20 03:10:30,599 [INFO] Averaged stats: lr: 0.000005  loss: 0.025631
2026-08-20 03:10:30,713 [INFO] local gates: {"epoch": 56, "outer_gate": 0.1205, "refine_gate": 0.2706}
2026-08-20 03:10:30,714 [INFO] Evaluating on val.
Train: data epoch: [56]  [ 0/74]  eta: 0:01:18  lr: 0.000005  loss: 0.0247  time: 1.0602  data: 0.0001  max mem: 10267
Train: data epoch: [56]  [20/74]  eta: 0:00:17  lr: 0.000005  loss: 0.0156  time: 0.2856  data: 0.0000  max mem: 10267
Train: data epoch: [56]  [40/74]  eta: 0:00:10  lr: 0.000005  loss: 0.0237  time: 0.2864  data: 0.0000  max mem: 10267
Train: data epoch: [56]  [60/74]  eta: 0:00:04  lr: 0.000005  loss: 0.0242  time: 0.2865  data: 0.0000  max mem: 10267
Train: data epoch: [56]  [73/74]  eta: 0:00:00  lr: 0.000005  loss: 0.0287  time: 0.2858  data: 0.0000  max mem: 10267
Train: data epoch: [56] Total time: 0:00:21 (0.2966 s / it)
2026-08-20 03:10:35,026 [INFO] Qual: EPOCH[56] -> PLCC: 0.882451, SROCC: 0.828676, KROCC: 0.642774, LOSS: 0.243668
2026-08-20 03:10:35,026 [INFO] Align: EPOCH[56] -> PLCC: 0.795606, SROCC: 0.628108, KROCC: 0.457070, LOSS: 0.376302
2026-08-20 03:10:35,027 [INFO] Start training
2026-08-20 03:10:35,343 [INFO] Start training epoch 57, 74 iters per inner epoch.
2026-08-20 03:10:57,263 [INFO] Averaged stats: lr: 0.000005  loss: 0.028417
2026-08-20 03:10:57,358 [INFO] local gates: {"epoch": 57, "outer_gate": 0.1205, "refine_gate": 0.2706}
2026-08-20 03:10:57,358 [INFO] Evaluating on val.
Train: data epoch: [57]  [ 0/74]  eta: 0:01:17  lr: 0.000005  loss: 0.0304  time: 1.0455  data: 0.0001  max mem: 10267
Train: data epoch: [57]  [20/74]  eta: 0:00:17  lr: 0.000005  loss: 0.0320  time: 0.2865  data: 0.0000  max mem: 10267
Train: data epoch: [57]  [40/74]  eta: 0:00:10  lr: 0.000005  loss: 0.0330  time: 0.2869  data: 0.0000  max mem: 10267
Train: data epoch: [57]  [60/74]  eta: 0:00:04  lr: 0.000005  loss: 0.0214  time: 0.2855  data: 0.0000  max mem: 10267
Train: data epoch: [57]  [73/74]  eta: 0:00:00  lr: 0.000005  loss: 0.0322  time: 0.2842  data: 0.0000  max mem: 10267
Train: data epoch: [57] Total time: 0:00:21 (0.2962 s / it)
2026-08-20 03:11:01,711 [INFO] Qual: EPOCH[57] -> PLCC: 0.886718, SROCC: 0.833292, KROCC: 0.648170, LOSS: 0.218278
2026-08-20 03:11:01,712 [INFO] Align: EPOCH[57] -> PLCC: 0.799784, SROCC: 0.623214, KROCC: 0.452669, LOSS: 0.363198
2026-08-20 03:11:01,712 [INFO] Start training
2026-08-20 03:11:02,001 [INFO] Start training epoch 58, 74 iters per inner epoch.
2026-08-20 03:11:23,746 [INFO] Averaged stats: lr: 0.000004  loss: 0.030275
2026-08-20 03:11:23,862 [INFO] local gates: {"epoch": 58, "outer_gate": 0.1205, "refine_gate": 0.2706}
2026-08-20 03:11:23,862 [INFO] Evaluating on val.
Train: data epoch: [58]  [ 0/74]  eta: 0:01:08  lr: 0.000004  loss: 0.0236  time: 0.9320  data: 0.0001  max mem: 10267
Train: data epoch: [58]  [20/74]  eta: 0:00:17  lr: 0.000004  loss: 0.0349  time: 0.2850  data: 0.0000  max mem: 10267
Train: data epoch: [58]  [40/74]  eta: 0:00:10  lr: 0.000004  loss: 0.0461  time: 0.2862  data: 0.0000  max mem: 10267
Train: data epoch: [58]  [60/74]  eta: 0:00:04  lr: 0.000004  loss: 0.0340  time: 0.2842  data: 0.0000  max mem: 10267
Train: data epoch: [58]  [73/74]  eta: 0:00:00  lr: 0.000004  loss: 0.0364  time: 0.2843  data: 0.0000  max mem: 10267
Train: data epoch: [58] Total time: 0:00:21 (0.2938 s / it)
2026-08-20 03:11:28,309 [INFO] Qual: EPOCH[58] -> PLCC: 0.886528, SROCC: 0.834317, KROCC: 0.649052, LOSS: 0.237751
2026-08-20 03:11:28,309 [INFO] Align: EPOCH[58] -> PLCC: 0.798815, SROCC: 0.628976, KROCC: 0.458500, LOSS: 0.408809
2026-08-20 03:11:28,310 [INFO] Start training
2026-08-20 03:11:28,619 [INFO] Start training epoch 59, 74 iters per inner epoch.
2026-08-20 03:11:50,836 [INFO] Averaged stats: lr: 0.000004  loss: 0.026519
2026-08-20 03:11:50,929 [INFO] local gates: {"epoch": 59, "outer_gate": 0.1206, "refine_gate": 0.2706}
2026-08-20 03:11:50,929 [INFO] Evaluating on val.
Train: data epoch: [59]  [ 0/74]  eta: 0:01:01  lr: 0.000004  loss: 0.0548  time: 0.8338  data: 0.0001  max mem: 10267
Train: data epoch: [59]  [20/74]  eta: 0:00:17  lr: 0.000004  loss: 0.0195  time: 0.2948  data: 0.0000  max mem: 10267
Train: data epoch: [59]  [40/74]  eta: 0:00:10  lr: 0.000004  loss: 0.0274  time: 0.2888  data: 0.0000  max mem: 10267
Train: data epoch: [59]  [60/74]  eta: 0:00:04  lr: 0.000004  loss: 0.0419  time: 0.2958  data: 0.0000  max mem: 10267
Train: data epoch: [59]  [73/74]  eta: 0:00:00  lr: 0.000004  loss: 0.0192  time: 0.2926  data: 0.0000  max mem: 10267
Train: data epoch: [59] Total time: 0:00:22 (0.3002 s / it)
2026-08-20 03:11:55,407 [INFO] Qual: EPOCH[59] -> PLCC: 0.888577, SROCC: 0.837191, KROCC: 0.652917, LOSS: 0.218771
2026-08-20 03:11:55,407 [INFO] Align: EPOCH[59] -> PLCC: 0.801691, SROCC: 0.632569, KROCC: 0.462219, LOSS: 0.359735
2026-08-20 03:11:55,417 [INFO] Saving checkpoint at epoch 59 to ../run/20260820024_A3_full/checkpoint_best.pth.
2026-08-20 03:11:57,490 [INFO] Start training
2026-08-20 03:11:58,032 [INFO] Start training epoch 60, 74 iters per inner epoch.
2026-08-20 03:12:20,136 [INFO] Averaged stats: lr: 0.000004  loss: 0.027396
2026-08-20 03:12:20,227 [INFO] local gates: {"epoch": 60, "outer_gate": 0.1206, "refine_gate": 0.2706}
2026-08-20 03:12:20,228 [INFO] Evaluating on val.
Train: data epoch: [60]  [ 0/74]  eta: 0:01:36  lr: 0.000004  loss: 0.0224  time: 1.2995  data: 0.0001  max mem: 10267
Train: data epoch: [60]  [20/74]  eta: 0:00:18  lr: 0.000004  loss: 0.0357  time: 0.2885  data: 0.0000  max mem: 10267
Train: data epoch: [60]  [40/74]  eta: 0:00:10  lr: 0.000004  loss: 0.0244  time: 0.2887  data: 0.0000  max mem: 10267
Train: data epoch: [60]  [60/74]  eta: 0:00:04  lr: 0.000004  loss: 0.0252  time: 0.2815  data: 0.0000  max mem: 10267
Train: data epoch: [60]  [73/74]  eta: 0:00:00  lr: 0.000004  loss: 0.0447  time: 0.2778  data: 0.0000  max mem: 10267
Train: data epoch: [60] Total time: 0:00:22 (0.2987 s / it)
2026-08-20 03:12:24,629 [INFO] Qual: EPOCH[60] -> PLCC: 0.883460, SROCC: 0.828472, KROCC: 0.642584, LOSS: 0.215403
2026-08-20 03:12:24,629 [INFO] Align: EPOCH[60] -> PLCC: 0.800162, SROCC: 0.623050, KROCC: 0.452110, LOSS: 0.354450
2026-08-20 03:12:24,639 [INFO] Saving checkpoint at epoch 60 to ../run/20260820024_A3_full/checkpoint_latest.pth.
2026-08-20 03:12:26,617 [INFO] Start training
2026-08-20 03:12:26,958 [INFO] Start training epoch 61, 74 iters per inner epoch.
2026-08-20 03:12:49,332 [INFO] Averaged stats: lr: 0.000004  loss: 0.027263
2026-08-20 03:12:49,427 [INFO] local gates: {"epoch": 61, "outer_gate": 0.1206, "refine_gate": 0.2706}
2026-08-20 03:12:49,427 [INFO] Evaluating on val.
Train: data epoch: [61]  [ 0/74]  eta: 0:01:40  lr: 0.000004  loss: 0.0291  time: 1.3564  data: 0.0001  max mem: 10267
Train: data epoch: [61]  [20/74]  eta: 0:00:18  lr: 0.000004  loss: 0.0237  time: 0.2885  data: 0.0000  max mem: 10267
Train: data epoch: [61]  [40/74]  eta: 0:00:10  lr: 0.000004  loss: 0.0336  time: 0.2868  data: 0.0000  max mem: 10267
Train: data epoch: [61]  [60/74]  eta: 0:00:04  lr: 0.000004  loss: 0.0206  time: 0.2889  data: 0.0000  max mem: 10267
Train: data epoch: [61]  [73/74]  eta: 0:00:00  lr: 0.000004  loss: 0.0186  time: 0.2867  data: 0.0000  max mem: 10267
Train: data epoch: [61] Total time: 0:00:22 (0.3024 s / it)
2026-08-20 03:12:53,864 [INFO] Qual: EPOCH[61] -> PLCC: 0.887036, SROCC: 0.836243, KROCC: 0.652258, LOSS: 0.211102
2026-08-20 03:12:53,864 [INFO] Align: EPOCH[61] -> PLCC: 0.798311, SROCC: 0.628579, KROCC: 0.458008, LOSS: 0.357001
2026-08-20 03:12:53,865 [INFO] Start training
2026-08-20 03:12:54,203 [INFO] Start training epoch 62, 74 iters per inner epoch.
2026-08-20 03:13:16,385 [INFO] Averaged stats: lr: 0.000004  loss: 0.025198
2026-08-20 03:13:16,503 [INFO] local gates: {"epoch": 62, "outer_gate": 0.1206, "refine_gate": 0.2706}
2026-08-20 03:13:16,504 [INFO] Evaluating on val.
Train: data epoch: [62]  [ 0/74]  eta: 0:01:24  lr: 0.000004  loss: 0.0219  time: 1.1399  data: 0.0001  max mem: 10267
Train: data epoch: [62]  [20/74]  eta: 0:00:17  lr: 0.000004  loss: 0.0294  time: 0.2905  data: 0.0000  max mem: 10267
Train: data epoch: [62]  [40/74]  eta: 0:00:10  lr: 0.000004  loss: 0.0231  time: 0.2887  data: 0.0000  max mem: 10267
Train: data epoch: [62]  [60/74]  eta: 0:00:04  lr: 0.000004  loss: 0.0443  time: 0.2873  data: 0.0000  max mem: 10267
Train: data epoch: [62]  [73/74]  eta: 0:00:00  lr: 0.000004  loss: 0.0288  time: 0.2855  data: 0.0000  max mem: 10267
Train: data epoch: [62] Total time: 0:00:22 (0.2997 s / it)
2026-08-20 03:13:20,835 [INFO] Qual: EPOCH[62] -> PLCC: 0.886948, SROCC: 0.837076, KROCC: 0.652862, LOSS: 0.210878
2026-08-20 03:13:20,835 [INFO] Align: EPOCH[62] -> PLCC: 0.797965, SROCC: 0.629682, KROCC: 0.457885, LOSS: 0.370469
2026-08-20 03:13:20,836 [INFO] Start training
2026-08-20 03:13:21,150 [INFO] Start training epoch 63, 74 iters per inner epoch.
2026-08-20 03:13:43,174 [INFO] Averaged stats: lr: 0.000004  loss: 0.024670
2026-08-20 03:13:43,276 [INFO] local gates: {"epoch": 63, "outer_gate": 0.1206, "refine_gate": 0.2706}
2026-08-20 03:13:43,276 [INFO] Evaluating on val.
Train: data epoch: [63]  [ 0/74]  eta: 0:01:11  lr: 0.000004  loss: 0.0260  time: 0.9689  data: 0.0001  max mem: 10267
Train: data epoch: [63]  [20/74]  eta: 0:00:17  lr: 0.000004  loss: 0.0259  time: 0.2910  data: 0.0000  max mem: 10267
Train: data epoch: [63]  [40/74]  eta: 0:00:10  lr: 0.000004  loss: 0.0282  time: 0.2875  data: 0.0000  max mem: 10267
Train: data epoch: [63]  [60/74]  eta: 0:00:04  lr: 0.000004  loss: 0.0144  time: 0.2872  data: 0.0000  max mem: 10267
Train: data epoch: [63]  [73/74]  eta: 0:00:00  lr: 0.000004  loss: 0.0188  time: 0.2873  data: 0.0000  max mem: 10267
Train: data epoch: [63] Total time: 0:00:22 (0.2976 s / it)
2026-08-20 03:13:47,692 [INFO] Qual: EPOCH[63] -> PLCC: 0.884129, SROCC: 0.834304, KROCC: 0.650047, LOSS: 0.228720
2026-08-20 03:13:47,692 [INFO] Align: EPOCH[63] -> PLCC: 0.800801, SROCC: 0.635223, KROCC: 0.463928, LOSS: 0.365982
2026-08-20 03:13:47,693 [INFO] Start training
2026-08-20 03:13:48,032 [INFO] Start training epoch 64, 74 iters per inner epoch.
2026-08-20 03:14:10,315 [INFO] Averaged stats: lr: 0.000004  loss: 0.024616
2026-08-20 03:14:10,430 [INFO] local gates: {"epoch": 64, "outer_gate": 0.1206, "refine_gate": 0.2706}
2026-08-20 03:14:10,430 [INFO] Evaluating on val.
Train: data epoch: [64]  [ 0/74]  eta: 0:01:32  lr: 0.000004  loss: 0.0236  time: 1.2499  data: 0.0001  max mem: 10267
Train: data epoch: [64]  [20/74]  eta: 0:00:18  lr: 0.000004  loss: 0.0212  time: 0.2891  data: 0.0000  max mem: 10267
Train: data epoch: [64]  [40/74]  eta: 0:00:10  lr: 0.000004  loss: 0.0197  time: 0.2882  data: 0.0000  max mem: 10267
Train: data epoch: [64]  [60/74]  eta: 0:00:04  lr: 0.000004  loss: 0.0163  time: 0.2873  data: 0.0000  max mem: 10267
Train: data epoch: [64]  [73/74]  eta: 0:00:00  lr: 0.000004  loss: 0.0193  time: 0.2870  data: 0.0000  max mem: 10267
Train: data epoch: [64] Total time: 0:00:22 (0.3011 s / it)
2026-08-20 03:14:14,801 [INFO] Qual: EPOCH[64] -> PLCC: 0.888547, SROCC: 0.835204, KROCC: 0.651097, LOSS: 0.211861
2026-08-20 03:14:14,801 [INFO] Align: EPOCH[64] -> PLCC: 0.799651, SROCC: 0.627096, KROCC: 0.457751, LOSS: 0.371587
2026-08-20 03:14:14,802 [INFO] Start training
2026-08-20 03:14:15,124 [INFO] Start training epoch 65, 74 iters per inner epoch.
2026-08-20 03:14:37,424 [INFO] Averaged stats: lr: 0.000003  loss: 0.025022
2026-08-20 03:14:37,538 [INFO] local gates: {"epoch": 65, "outer_gate": 0.1206, "refine_gate": 0.2706}
2026-08-20 03:14:37,539 [INFO] Evaluating on val.
Train: data epoch: [65]  [ 0/74]  eta: 0:01:30  lr: 0.000003  loss: 0.0193  time: 1.2254  data: 0.0001  max mem: 10267
Train: data epoch: [65]  [20/74]  eta: 0:00:18  lr: 0.000003  loss: 0.0347  time: 0.2901  data: 0.0000  max mem: 10267
Train: data epoch: [65]  [40/74]  eta: 0:00:10  lr: 0.000003  loss: 0.0136  time: 0.2894  data: 0.0000  max mem: 10267
Train: data epoch: [65]  [60/74]  eta: 0:00:04  lr: 0.000003  loss: 0.0224  time: 0.2878  data: 0.0000  max mem: 10267
Train: data epoch: [65]  [73/74]  eta: 0:00:00  lr: 0.000003  loss: 0.0613  time: 0.2870  data: 0.0000  max mem: 10267
Train: data epoch: [65] Total time: 0:00:22 (0.3013 s / it)
2026-08-20 03:14:41,989 [INFO] Qual: EPOCH[65] -> PLCC: 0.885108, SROCC: 0.833056, KROCC: 0.648583, LOSS: 0.216146
2026-08-20 03:14:41,989 [INFO] Align: EPOCH[65] -> PLCC: 0.800007, SROCC: 0.626417, KROCC: 0.456585, LOSS: 0.357943
2026-08-20 03:14:42,002 [INFO] Saving checkpoint at epoch 65 to ../run/20260820024_A3_full/checkpoint_latest.pth.
2026-08-20 03:14:43,483 [INFO] Start training
2026-08-20 03:14:43,813 [INFO] Start training epoch 66, 74 iters per inner epoch.
2026-08-20 03:15:06,131 [INFO] Averaged stats: lr: 0.000003  loss: 0.025784
2026-08-20 03:15:06,240 [INFO] local gates: {"epoch": 66, "outer_gate": 0.1206, "refine_gate": 0.2706}
2026-08-20 03:15:06,240 [INFO] Evaluating on val.
Train: data epoch: [66]  [ 0/74]  eta: 0:01:22  lr: 0.000003  loss: 0.0228  time: 1.1213  data: 0.0001  max mem: 10267
Train: data epoch: [66]  [20/74]  eta: 0:00:17  lr: 0.000003  loss: 0.0266  time: 0.2894  data: 0.0000  max mem: 10267
Train: data epoch: [66]  [40/74]  eta: 0:00:10  lr: 0.000003  loss: 0.0146  time: 0.2903  data: 0.0000  max mem: 10267
Train: data epoch: [66]  [60/74]  eta: 0:00:04  lr: 0.000003  loss: 0.0280  time: 0.2909  data: 0.0000  max mem: 10267
Train: data epoch: [66]  [73/74]  eta: 0:00:00  lr: 0.000003  loss: 0.0189  time: 0.2896  data: 0.0000  max mem: 10267
Train: data epoch: [66] Total time: 0:00:22 (0.3016 s / it)
2026-08-20 03:15:10,857 [INFO] Qual: EPOCH[66] -> PLCC: 0.885692, SROCC: 0.833385, KROCC: 0.648416, LOSS: 0.224475
2026-08-20 03:15:10,858 [INFO] Align: EPOCH[66] -> PLCC: 0.797029, SROCC: 0.629294, KROCC: 0.458053, LOSS: 0.368533
2026-08-20 03:15:10,858 [INFO] Start training
2026-08-20 03:15:11,168 [INFO] Start training epoch 67, 74 iters per inner epoch.
2026-08-20 03:15:33,279 [INFO] Averaged stats: lr: 0.000003  loss: 0.024726
2026-08-20 03:15:33,383 [INFO] local gates: {"epoch": 67, "outer_gate": 0.1206, "refine_gate": 0.2706}
2026-08-20 03:15:33,383 [INFO] Evaluating on val.
Train: data epoch: [67]  [ 0/74]  eta: 0:01:08  lr: 0.000003  loss: 0.0222  time: 0.9272  data: 0.0001  max mem: 10267
Train: data epoch: [67]  [20/74]  eta: 0:00:17  lr: 0.000003  loss: 0.0171  time: 0.2947  data: 0.0000  max mem: 10267
Train: data epoch: [67]  [40/74]  eta: 0:00:10  lr: 0.000003  loss: 0.0227  time: 0.2893  data: 0.0000  max mem: 10267
Train: data epoch: [67]  [60/74]  eta: 0:00:04  lr: 0.000003  loss: 0.0265  time: 0.2861  data: 0.0000  max mem: 10267
Train: data epoch: [67]  [73/74]  eta: 0:00:00  lr: 0.000003  loss: 0.0186  time: 0.2888  data: 0.0000  max mem: 10267
Train: data epoch: [67] Total time: 0:00:22 (0.2988 s / it)
2026-08-20 03:15:37,694 [INFO] Qual: EPOCH[67] -> PLCC: 0.885991, SROCC: 0.832464, KROCC: 0.648170, LOSS: 0.235868
2026-08-20 03:15:37,694 [INFO] Align: EPOCH[67] -> PLCC: 0.804408, SROCC: 0.629736, KROCC: 0.459148, LOSS: 0.358236
2026-08-20 03:15:37,695 [INFO] Start training
2026-08-20 03:15:38,003 [INFO] Start training epoch 68, 74 iters per inner epoch.
2026-08-20 03:16:00,392 [INFO] Averaged stats: lr: 0.000003  loss: 0.024056
2026-08-20 03:16:00,518 [INFO] local gates: {"epoch": 68, "outer_gate": 0.1206, "refine_gate": 0.2706}
2026-08-20 03:16:00,518 [INFO] Evaluating on val.
Train: data epoch: [68]  [ 0/74]  eta: 0:01:25  lr: 0.000003  loss: 0.0203  time: 1.1530  data: 0.0001  max mem: 10267
Train: data epoch: [68]  [20/74]  eta: 0:00:17  lr: 0.000003  loss: 0.0517  time: 0.2922  data: 0.0000  max mem: 10267
Train: data epoch: [68]  [40/74]  eta: 0:00:10  lr: 0.000003  loss: 0.0258  time: 0.2912  data: 0.0000  max mem: 10267
Train: data epoch: [68]  [60/74]  eta: 0:00:04  lr: 0.000003  loss: 0.0252  time: 0.2902  data: 0.0000  max mem: 10267
Train: data epoch: [68]  [73/74]  eta: 0:00:00  lr: 0.000003  loss: 0.0244  time: 0.2894  data: 0.0000  max mem: 10267
Train: data epoch: [68] Total time: 0:00:22 (0.3025 s / it)
2026-08-20 03:16:04,938 [INFO] Qual: EPOCH[68] -> PLCC: 0.886569, SROCC: 0.837053, KROCC: 0.652482, LOSS: 0.213902
2026-08-20 03:16:04,938 [INFO] Align: EPOCH[68] -> PLCC: 0.798453, SROCC: 0.627013, KROCC: 0.456813, LOSS: 0.379643
2026-08-20 03:16:04,939 [INFO] Start training
2026-08-20 03:16:05,248 [INFO] Start training epoch 69, 74 iters per inner epoch.
2026-08-20 03:16:27,332 [INFO] Averaged stats: lr: 0.000003  loss: 0.022742
2026-08-20 03:16:27,445 [INFO] local gates: {"epoch": 69, "outer_gate": 0.1206, "refine_gate": 0.2706}
2026-08-20 03:16:27,446 [INFO] Evaluating on val.
Train: data epoch: [69]  [ 0/74]  eta: 0:01:20  lr: 0.000003  loss: 0.0106  time: 1.0901  data: 0.0001  max mem: 10267
Train: data epoch: [69]  [20/74]  eta: 0:00:17  lr: 0.000003  loss: 0.0278  time: 0.2847  data: 0.0000  max mem: 10267
Train: data epoch: [69]  [40/74]  eta: 0:00:10  lr: 0.000003  loss: 0.0223  time: 0.2894  data: 0.0000  max mem: 10267
Train: data epoch: [69]  [60/74]  eta: 0:00:04  lr: 0.000003  loss: 0.0233  time: 0.2892  data: 0.0000  max mem: 10267
Train: data epoch: [69]  [73/74]  eta: 0:00:00  lr: 0.000003  loss: 0.0228  time: 0.2875  data: 0.0000  max mem: 10267
Train: data epoch: [69] Total time: 0:00:22 (0.2984 s / it)
2026-08-20 03:16:31,888 [INFO] Qual: EPOCH[69] -> PLCC: 0.886137, SROCC: 0.832132, KROCC: 0.646729, LOSS: 0.212232
2026-08-20 03:16:31,888 [INFO] Align: EPOCH[69] -> PLCC: 0.803198, SROCC: 0.632082, KROCC: 0.461482, LOSS: 0.372620
2026-08-20 03:16:31,889 [INFO] Start training
2026-08-20 03:16:32,196 [INFO] Start training epoch 70, 74 iters per inner epoch.
2026-08-20 03:16:54,509 [INFO] Averaged stats: lr: 0.000003  loss: 0.022209
2026-08-20 03:16:54,609 [INFO] local gates: {"epoch": 70, "outer_gate": 0.1206, "refine_gate": 0.2706}
2026-08-20 03:16:54,610 [INFO] Evaluating on val.
Train: data epoch: [70]  [ 0/74]  eta: 0:01:30  lr: 0.000003  loss: 0.0258  time: 1.2262  data: 0.0001  max mem: 10267
Train: data epoch: [70]  [20/74]  eta: 0:00:18  lr: 0.000003  loss: 0.0225  time: 0.2902  data: 0.0000  max mem: 10267
Train: data epoch: [70]  [40/74]  eta: 0:00:10  lr: 0.000003  loss: 0.0226  time: 0.2886  data: 0.0000  max mem: 10267
Train: data epoch: [70]  [60/74]  eta: 0:00:04  lr: 0.000003  loss: 0.0156  time: 0.2882  data: 0.0000  max mem: 10267
Train: data epoch: [70]  [73/74]  eta: 0:00:00  lr: 0.000003  loss: 0.0188  time: 0.2885  data: 0.0000  max mem: 10267
Train: data epoch: [70] Total time: 0:00:22 (0.3015 s / it)
2026-08-20 03:16:58,868 [INFO] Qual: EPOCH[70] -> PLCC: 0.886225, SROCC: 0.832646, KROCC: 0.646975, LOSS: 0.216054
2026-08-20 03:16:58,868 [INFO] Align: EPOCH[70] -> PLCC: 0.797773, SROCC: 0.628069, KROCC: 0.457137, LOSS: 0.397596
2026-08-20 03:16:58,878 [INFO] Saving checkpoint at epoch 70 to ../run/20260820024_A3_full/checkpoint_latest.pth.
2026-08-20 03:17:01,065 [INFO] Start training
2026-08-20 03:17:01,430 [INFO] Start training epoch 71, 74 iters per inner epoch.
2026-08-20 03:17:23,592 [INFO] Averaged stats: lr: 0.000003  loss: 0.023359
2026-08-20 03:17:23,714 [INFO] local gates: {"epoch": 71, "outer_gate": 0.1206, "refine_gate": 0.2706}
2026-08-20 03:17:23,714 [INFO] Evaluating on val.
Train: data epoch: [71]  [ 0/74]  eta: 0:01:06  lr: 0.000003  loss: 0.0167  time: 0.8996  data: 0.0001  max mem: 10267
Train: data epoch: [71]  [20/74]  eta: 0:00:17  lr: 0.000003  loss: 0.0187  time: 0.2979  data: 0.0000  max mem: 10267
Train: data epoch: [71]  [40/74]  eta: 0:00:10  lr: 0.000003  loss: 0.0248  time: 0.2899  data: 0.0000  max mem: 10267
Train: data epoch: [71]  [60/74]  eta: 0:00:04  lr: 0.000003  loss: 0.0123  time: 0.2887  data: 0.0000  max mem: 10267
Train: data epoch: [71]  [73/74]  eta: 0:00:00  lr: 0.000003  loss: 0.0154  time: 0.2867  data: 0.0000  max mem: 10267
Train: data epoch: [71] Total time: 0:00:22 (0.2995 s / it)
2026-08-20 03:17:28,170 [INFO] Qual: EPOCH[71] -> PLCC: 0.886728, SROCC: 0.833726, KROCC: 0.647980, LOSS: 0.211859
2026-08-20 03:17:28,170 [INFO] Align: EPOCH[71] -> PLCC: 0.797914, SROCC: 0.629010, KROCC: 0.458690, LOSS: 0.365611
2026-08-20 03:17:28,171 [INFO] Start training
2026-08-20 03:17:28,510 [INFO] Start training epoch 72, 74 iters per inner epoch.
2026-08-20 03:17:50,807 [INFO] Averaged stats: lr: 0.000003  loss: 0.023658
2026-08-20 03:17:50,908 [INFO] local gates: {"epoch": 72, "outer_gate": 0.1206, "refine_gate": 0.2706}
2026-08-20 03:17:50,908 [INFO] Evaluating on val.
Train: data epoch: [72]  [ 0/74]  eta: 0:01:28  lr: 0.000003  loss: 0.0189  time: 1.2026  data: 0.0001  max mem: 10267
Train: data epoch: [72]  [20/74]  eta: 0:00:17  lr: 0.000003  loss: 0.0185  time: 0.2883  data: 0.0000  max mem: 10267
Train: data epoch: [72]  [40/74]  eta: 0:00:10  lr: 0.000003  loss: 0.0360  time: 0.2884  data: 0.0000  max mem: 10267
Train: data epoch: [72]  [60/74]  eta: 0:00:04  lr: 0.000003  loss: 0.0228  time: 0.2903  data: 0.0000  max mem: 10267
Train: data epoch: [72]  [73/74]  eta: 0:00:00  lr: 0.000003  loss: 0.0199  time: 0.2893  data: 0.0000  max mem: 10267
Train: data epoch: [72] Total time: 0:00:22 (0.3013 s / it)
2026-08-20 03:17:55,209 [INFO] Qual: EPOCH[72] -> PLCC: 0.885949, SROCC: 0.833029, KROCC: 0.646930, LOSS: 0.214919
2026-08-20 03:17:55,209 [INFO] Align: EPOCH[72] -> PLCC: 0.799079, SROCC: 0.631859, KROCC: 0.460801, LOSS: 0.367572
2026-08-20 03:17:55,210 [INFO] Start training
2026-08-20 03:17:55,556 [INFO] Start training epoch 73, 74 iters per inner epoch.
2026-08-20 03:18:17,728 [INFO] Averaged stats: lr: 0.000003  loss: 0.022834
2026-08-20 03:18:17,824 [INFO] local gates: {"epoch": 73, "outer_gate": 0.1206, "refine_gate": 0.2707}
2026-08-20 03:18:17,824 [INFO] Evaluating on val.
Train: data epoch: [73]  [ 0/74]  eta: 0:01:28  lr: 0.000003  loss: 0.0211  time: 1.1927  data: 0.0001  max mem: 10267
Train: data epoch: [73]  [20/74]  eta: 0:00:17  lr: 0.000003  loss: 0.0318  time: 0.2900  data: 0.0000  max mem: 10267
Train: data epoch: [73]  [40/74]  eta: 0:00:10  lr: 0.000003  loss: 0.0324  time: 0.2879  data: 0.0000  max mem: 10267
Train: data epoch: [73]  [60/74]  eta: 0:00:04  lr: 0.000003  loss: 0.0290  time: 0.2851  data: 0.0000  max mem: 10267
Train: data epoch: [73]  [73/74]  eta: 0:00:00  lr: 0.000003  loss: 0.0186  time: 0.2854  data: 0.0000  max mem: 10267
Train: data epoch: [73] Total time: 0:00:22 (0.2996 s / it)
2026-08-20 03:18:22,098 [INFO] Qual: EPOCH[73] -> PLCC: 0.887025, SROCC: 0.833736, KROCC: 0.648036, LOSS: 0.214771
2026-08-20 03:18:22,098 [INFO] Align: EPOCH[73] -> PLCC: 0.801002, SROCC: 0.627300, KROCC: 0.456188, LOSS: 0.365010
2026-08-20 03:18:22,099 [INFO] Start training
2026-08-20 03:18:22,400 [INFO] Start training epoch 74, 74 iters per inner epoch.
2026-08-20 03:18:44,309 [INFO] Averaged stats: lr: 0.000002  loss: 0.021632
2026-08-20 03:18:44,411 [INFO] local gates: {"epoch": 74, "outer_gate": 0.1206, "refine_gate": 0.2706}
2026-08-20 03:18:44,411 [INFO] Evaluating on val.
Train: data epoch: [74]  [ 0/74]  eta: 0:01:17  lr: 0.000002  loss: 0.0268  time: 1.0466  data: 0.0001  max mem: 10267
Train: data epoch: [74]  [20/74]  eta: 0:00:17  lr: 0.000002  loss: 0.0216  time: 0.2868  data: 0.0000  max mem: 10267
Train: data epoch: [74]  [40/74]  eta: 0:00:10  lr: 0.000002  loss: 0.0413  time: 0.2859  data: 0.0000  max mem: 10267
Train: data epoch: [74]  [60/74]  eta: 0:00:04  lr: 0.000002  loss: 0.0142  time: 0.2851  data: 0.0000  max mem: 10267
Train: data epoch: [74]  [73/74]  eta: 0:00:00  lr: 0.000002  loss: 0.0193  time: 0.2847  data: 0.0000  max mem: 10267
Train: data epoch: [74] Total time: 0:00:21 (0.2961 s / it)
2026-08-20 03:18:49,006 [INFO] Qual: EPOCH[74] -> PLCC: 0.885867, SROCC: 0.834059, KROCC: 0.649287, LOSS: 0.218120
2026-08-20 03:18:49,006 [INFO] Align: EPOCH[74] -> PLCC: 0.800044, SROCC: 0.629632, KROCC: 0.459058, LOSS: 0.360826
2026-08-20 03:18:49,007 [INFO] Start training
2026-08-20 03:18:49,358 [INFO] Start training epoch 75, 74 iters per inner epoch.
2026-08-20 03:19:11,885 [INFO] Averaged stats: lr: 0.000002  loss: 0.021081
2026-08-20 03:19:11,983 [INFO] local gates: {"epoch": 75, "outer_gate": 0.1206, "refine_gate": 0.2706}
2026-08-20 03:19:11,983 [INFO] Evaluating on val.
Train: data epoch: [75]  [ 0/74]  eta: 0:01:46  lr: 0.000002  loss: 0.0146  time: 1.4391  data: 0.0001  max mem: 10267
Train: data epoch: [75]  [20/74]  eta: 0:00:18  lr: 0.000002  loss: 0.0290  time: 0.2922  data: 0.0000  max mem: 10267
Train: data epoch: [75]  [40/74]  eta: 0:00:10  lr: 0.000002  loss: 0.0141  time: 0.2897  data: 0.0000  max mem: 10267
Train: data epoch: [75]  [60/74]  eta: 0:00:04  lr: 0.000002  loss: 0.0256  time: 0.2870  data: 0.0000  max mem: 10267
Train: data epoch: [75]  [73/74]  eta: 0:00:00  lr: 0.000002  loss: 0.0247  time: 0.2852  data: 0.0000  max mem: 10267
Train: data epoch: [75] Total time: 0:00:22 (0.3044 s / it)
2026-08-20 03:19:16,373 [INFO] Qual: EPOCH[75] -> PLCC: 0.887978, SROCC: 0.834020, KROCC: 0.649086, LOSS: 0.213883
2026-08-20 03:19:16,373 [INFO] Align: EPOCH[75] -> PLCC: 0.801505, SROCC: 0.630370, KROCC: 0.459438, LOSS: 0.359086
2026-08-20 03:19:16,383 [INFO] Saving checkpoint at epoch 75 to ../run/20260820024_A3_full/checkpoint_latest.pth.
2026-08-20 03:19:18,377 [INFO] Start training
2026-08-20 03:19:18,746 [INFO] Start training epoch 76, 74 iters per inner epoch.
2026-08-20 03:19:40,696 [INFO] Averaged stats: lr: 0.000002  loss: 0.023829
2026-08-20 03:19:40,805 [INFO] local gates: {"epoch": 76, "outer_gate": 0.1206, "refine_gate": 0.2707}
2026-08-20 03:19:40,805 [INFO] Evaluating on val.
Train: data epoch: [76]  [ 0/74]  eta: 0:01:23  lr: 0.000002  loss: 0.0186  time: 1.1283  data: 0.0001  max mem: 10267
Train: data epoch: [76]  [20/74]  eta: 0:00:17  lr: 0.000002  loss: 0.0260  time: 0.2836  data: 0.0000  max mem: 10267
Train: data epoch: [76]  [40/74]  eta: 0:00:10  lr: 0.000002  loss: 0.0283  time: 0.2851  data: 0.0000  max mem: 10267
Train: data epoch: [76]  [60/74]  eta: 0:00:04  lr: 0.000002  loss: 0.0167  time: 0.2863  data: 0.0000  max mem: 10267
Train: data epoch: [76]  [73/74]  eta: 0:00:00  lr: 0.000002  loss: 0.0219  time: 0.2861  data: 0.0000  max mem: 10267
Train: data epoch: [76] Total time: 0:00:21 (0.2966 s / it)
2026-08-20 03:19:45,124 [INFO] Qual: EPOCH[76] -> PLCC: 0.886842, SROCC: 0.834792, KROCC: 0.650080, LOSS: 0.217804
2026-08-20 03:19:45,124 [INFO] Align: EPOCH[76] -> PLCC: 0.803985, SROCC: 0.635359, KROCC: 0.463336, LOSS: 0.356696
2026-08-20 03:19:45,124 [INFO] Start training
2026-08-20 03:19:45,442 [INFO] Start training epoch 77, 74 iters per inner epoch.
2026-08-20 03:20:07,260 [INFO] Averaged stats: lr: 0.000002  loss: 0.020716
2026-08-20 03:20:07,375 [INFO] local gates: {"epoch": 77, "outer_gate": 0.1206, "refine_gate": 0.2707}
2026-08-20 03:20:07,375 [INFO] Evaluating on val.
Train: data epoch: [77]  [ 0/74]  eta: 0:01:22  lr: 0.000002  loss: 0.0154  time: 1.1093  data: 0.0001  max mem: 10267
Train: data epoch: [77]  [20/74]  eta: 0:00:17  lr: 0.000002  loss: 0.0164  time: 0.2848  data: 0.0000  max mem: 10267
Train: data epoch: [77]  [40/74]  eta: 0:00:10  lr: 0.000002  loss: 0.0302  time: 0.2808  data: 0.0000  max mem: 10267
Train: data epoch: [77]  [60/74]  eta: 0:00:04  lr: 0.000002  loss: 0.0249  time: 0.2845  data: 0.0000  max mem: 10267
Train: data epoch: [77]  [73/74]  eta: 0:00:00  lr: 0.000002  loss: 0.0178  time: 0.2847  data: 0.0000  max mem: 10267
Train: data epoch: [77] Total time: 0:00:21 (0.2948 s / it)
2026-08-20 03:20:11,750 [INFO] Qual: EPOCH[77] -> PLCC: 0.887920, SROCC: 0.836350, KROCC: 0.651309, LOSS: 0.213961
2026-08-20 03:20:11,751 [INFO] Align: EPOCH[77] -> PLCC: 0.800652, SROCC: 0.629493, KROCC: 0.459014, LOSS: 0.357405
2026-08-20 03:20:11,751 [INFO] Start training
2026-08-20 03:20:12,153 [INFO] Start training epoch 78, 74 iters per inner epoch.
2026-08-20 03:20:34,077 [INFO] Averaged stats: lr: 0.000002  loss: 0.020430
2026-08-20 03:20:34,177 [INFO] local gates: {"epoch": 78, "outer_gate": 0.1206, "refine_gate": 0.2707}
2026-08-20 03:20:34,177 [INFO] Evaluating on val.
Train: data epoch: [78]  [ 0/74]  eta: 0:01:12  lr: 0.000002  loss: 0.0224  time: 0.9767  data: 0.0001  max mem: 10267
Train: data epoch: [78]  [20/74]  eta: 0:00:17  lr: 0.000002  loss: 0.0161  time: 0.2880  data: 0.0000  max mem: 10267
Train: data epoch: [78]  [40/74]  eta: 0:00:10  lr: 0.000002  loss: 0.0166  time: 0.2872  data: 0.0000  max mem: 10267
Train: data epoch: [78]  [60/74]  eta: 0:00:04  lr: 0.000002  loss: 0.0219  time: 0.2867  data: 0.0000  max mem: 10267
Train: data epoch: [78]  [73/74]  eta: 0:00:00  lr: 0.000002  loss: 0.0347  time: 0.2855  data: 0.0000  max mem: 10267
Train: data epoch: [78] Total time: 0:00:21 (0.2963 s / it)
2026-08-20 03:20:38,608 [INFO] Qual: EPOCH[78] -> PLCC: 0.885855, SROCC: 0.832798, KROCC: 0.648371, LOSS: 0.219213
2026-08-20 03:20:38,608 [INFO] Align: EPOCH[78] -> PLCC: 0.801820, SROCC: 0.629974, KROCC: 0.459014, LOSS: 0.358488
2026-08-20 03:20:38,609 [INFO] Start training
2026-08-20 03:20:38,909 [INFO] Start training epoch 79, 74 iters per inner epoch.
2026-08-20 03:21:00,959 [INFO] Averaged stats: lr: 0.000002  loss: 0.021509
2026-08-20 03:21:01,067 [INFO] local gates: {"epoch": 79, "outer_gate": 0.1206, "refine_gate": 0.2707}
2026-08-20 03:21:01,068 [INFO] Evaluating on val.
Train: data epoch: [79]  [ 0/74]  eta: 0:01:15  lr: 0.000002  loss: 0.0158  time: 1.0164  data: 0.0001  max mem: 10267
Train: data epoch: [79]  [20/74]  eta: 0:00:17  lr: 0.000002  loss: 0.0269  time: 0.2896  data: 0.0000  max mem: 10267
Train: data epoch: [79]  [40/74]  eta: 0:00:10  lr: 0.000002  loss: 0.0192  time: 0.2883  data: 0.0000  max mem: 10267
Train: data epoch: [79]  [60/74]  eta: 0:00:04  lr: 0.000002  loss: 0.0185  time: 0.2875  data: 0.0000  max mem: 10267
Train: data epoch: [79]  [73/74]  eta: 0:00:00  lr: 0.000002  loss: 0.0180  time: 0.2866  data: 0.0000  max mem: 10267
Train: data epoch: [79] Total time: 0:00:22 (0.2980 s / it)
2026-08-20 03:21:05,333 [INFO] Qual: EPOCH[79] -> PLCC: 0.887387, SROCC: 0.835001, KROCC: 0.649756, LOSS: 0.216890
2026-08-20 03:21:05,334 [INFO] Align: EPOCH[79] -> PLCC: 0.798470, SROCC: 0.627949, KROCC: 0.457360, LOSS: 0.382862
2026-08-20 03:21:05,334 [INFO] Start training
2026-08-20 03:21:05,644 [INFO] Start training epoch 80, 74 iters per inner epoch.
2026-08-20 03:21:28,014 [INFO] Averaged stats: lr: 0.000002  loss: 0.021370
2026-08-20 03:21:28,137 [INFO] local gates: {"epoch": 80, "outer_gate": 0.1206, "refine_gate": 0.2707}
2026-08-20 03:21:28,137 [INFO] Evaluating on val.
Train: data epoch: [80]  [ 0/74]  eta: 0:01:37  lr: 0.000002  loss: 0.0243  time: 1.3113  data: 0.0001  max mem: 10267
Train: data epoch: [80]  [20/74]  eta: 0:00:18  lr: 0.000002  loss: 0.0232  time: 0.2898  data: 0.0000  max mem: 10267
Train: data epoch: [80]  [40/74]  eta: 0:00:10  lr: 0.000002  loss: 0.0221  time: 0.2894  data: 0.0000  max mem: 10267
Train: data epoch: [80]  [60/74]  eta: 0:00:04  lr: 0.000002  loss: 0.0198  time: 0.2871  data: 0.0000  max mem: 10267
Train: data epoch: [80]  [73/74]  eta: 0:00:00  lr: 0.000002  loss: 0.0197  time: 0.2867  data: 0.0000  max mem: 10267
Train: data epoch: [80] Total time: 0:00:22 (0.3023 s / it)
2026-08-20 03:21:32,510 [INFO] Qual: EPOCH[80] -> PLCC: 0.886150, SROCC: 0.833422, KROCC: 0.648594, LOSS: 0.213416
2026-08-20 03:21:32,511 [INFO] Align: EPOCH[80] -> PLCC: 0.802446, SROCC: 0.632476, KROCC: 0.460790, LOSS: 0.358496
2026-08-20 03:21:32,521 [INFO] Saving checkpoint at epoch 80 to ../run/20260820024_A3_full/checkpoint_latest.pth.
2026-08-20 03:21:33,700 [INFO] Start training
2026-08-20 03:21:34,013 [INFO] Start training epoch 81, 74 iters per inner epoch.
2026-08-20 03:21:56,306 [INFO] Averaged stats: lr: 0.000002  loss: 0.020811
2026-08-20 03:21:56,411 [INFO] local gates: {"epoch": 81, "outer_gate": 0.1206, "refine_gate": 0.2707}
2026-08-20 03:21:56,411 [INFO] Evaluating on val.
Train: data epoch: [81]  [ 0/74]  eta: 0:01:36  lr: 0.000002  loss: 0.0254  time: 1.2987  data: 0.0001  max mem: 10267
Train: data epoch: [81]  [20/74]  eta: 0:00:18  lr: 0.000002  loss: 0.0234  time: 0.2887  data: 0.0000  max mem: 10267
Train: data epoch: [81]  [40/74]  eta: 0:00:10  lr: 0.000002  loss: 0.0222  time: 0.2882  data: 0.0000  max mem: 10267
Train: data epoch: [81]  [60/74]  eta: 0:00:04  lr: 0.000002  loss: 0.0149  time: 0.2875  data: 0.0000  max mem: 10267
Train: data epoch: [81]  [73/74]  eta: 0:00:00  lr: 0.000002  loss: 0.0191  time: 0.2851  data: 0.0000  max mem: 10267
Train: data epoch: [81] Total time: 0:00:22 (0.3013 s / it)
2026-08-20 03:22:00,672 [INFO] Qual: EPOCH[81] -> PLCC: 0.885773, SROCC: 0.833191, KROCC: 0.647622, LOSS: 0.213821
2026-08-20 03:22:00,672 [INFO] Align: EPOCH[81] -> PLCC: 0.797434, SROCC: 0.625370, KROCC: 0.455249, LOSS: 0.373855
2026-08-20 03:22:00,673 [INFO] Start training
2026-08-20 03:22:00,989 [INFO] Start training epoch 82, 74 iters per inner epoch.
2026-08-20 03:22:22,919 [INFO] Averaged stats: lr: 0.000002  loss: 0.020195
2026-08-20 03:22:22,998 [INFO] local gates: {"epoch": 82, "outer_gate": 0.1206, "refine_gate": 0.2707}
2026-08-20 03:22:22,998 [INFO] Evaluating on val.
Train: data epoch: [82]  [ 0/74]  eta: 0:01:06  lr: 0.000002  loss: 0.0231  time: 0.8968  data: 0.0001  max mem: 10267
Train: data epoch: [82]  [20/74]  eta: 0:00:17  lr: 0.000002  loss: 0.0376  time: 0.2886  data: 0.0000  max mem: 10267
Train: data epoch: [82]  [40/74]  eta: 0:00:10  lr: 0.000002  loss: 0.0209  time: 0.2872  data: 0.0000  max mem: 10267
Train: data epoch: [82]  [60/74]  eta: 0:00:04  lr: 0.000002  loss: 0.0228  time: 0.2893  data: 0.0000  max mem: 10267
Train: data epoch: [82]  [73/74]  eta: 0:00:00  lr: 0.000002  loss: 0.0145  time: 0.2868  data: 0.0000  max mem: 10267
Train: data epoch: [82] Total time: 0:00:21 (0.2963 s / it)
2026-08-20 03:22:27,365 [INFO] Qual: EPOCH[82] -> PLCC: 0.887891, SROCC: 0.835708, KROCC: 0.650650, LOSS: 0.208198
2026-08-20 03:22:27,365 [INFO] Align: EPOCH[82] -> PLCC: 0.801468, SROCC: 0.626358, KROCC: 0.456400, LOSS: 0.356634
2026-08-20 03:22:27,365 [INFO] Start training
2026-08-20 03:22:27,681 [INFO] Start training epoch 83, 74 iters per inner epoch.
2026-08-20 03:22:49,653 [INFO] Averaged stats: lr: 0.000002  loss: 0.020043
2026-08-20 03:22:49,771 [INFO] local gates: {"epoch": 83, "outer_gate": 0.1206, "refine_gate": 0.2707}
2026-08-20 03:22:49,771 [INFO] Evaluating on val.
Train: data epoch: [83]  [ 0/74]  eta: 0:01:13  lr: 0.000002  loss: 0.0175  time: 0.9947  data: 0.0001  max mem: 10267
Train: data epoch: [83]  [20/74]  eta: 0:00:17  lr: 0.000002  loss: 0.0174  time: 0.2908  data: 0.0000  max mem: 10267
Train: data epoch: [83]  [40/74]  eta: 0:00:10  lr: 0.000002  loss: 0.0236  time: 0.2872  data: 0.0000  max mem: 10267
Train: data epoch: [83]  [60/74]  eta: 0:00:04  lr: 0.000002  loss: 0.0129  time: 0.2857  data: 0.0000  max mem: 10267
Train: data epoch: [83]  [73/74]  eta: 0:00:00  lr: 0.000002  loss: 0.0195  time: 0.2848  data: 0.0000  max mem: 10267
Train: data epoch: [83] Total time: 0:00:21 (0.2969 s / it)
2026-08-20 03:22:54,077 [INFO] Qual: EPOCH[83] -> PLCC: 0.887176, SROCC: 0.835806, KROCC: 0.650929, LOSS: 0.213620
2026-08-20 03:22:54,077 [INFO] Align: EPOCH[83] -> PLCC: 0.801415, SROCC: 0.629258, KROCC: 0.458857, LOSS: 0.365116
2026-08-20 03:22:54,078 [INFO] Start training
2026-08-20 03:22:54,475 [INFO] Start training epoch 84, 74 iters per inner epoch.
2026-08-20 03:23:16,425 [INFO] Averaged stats: lr: 0.000002  loss: 0.019784
2026-08-20 03:23:16,525 [INFO] local gates: {"epoch": 84, "outer_gate": 0.1206, "refine_gate": 0.2707}
2026-08-20 03:23:16,525 [INFO] Evaluating on val.
Train: data epoch: [84]  [ 0/74]  eta: 0:01:08  lr: 0.000002  loss: 0.0308  time: 0.9312  data: 0.0001  max mem: 10267
Train: data epoch: [84]  [20/74]  eta: 0:00:17  lr: 0.000002  loss: 0.0249  time: 0.2888  data: 0.0000  max mem: 10267
Train: data epoch: [84]  [40/74]  eta: 0:00:10  lr: 0.000002  loss: 0.0216  time: 0.2886  data: 0.0000  max mem: 10267
Train: data epoch: [84]  [60/74]  eta: 0:00:04  lr: 0.000002  loss: 0.0186  time: 0.2873  data: 0.0000  max mem: 10267
Train: data epoch: [84]  [73/74]  eta: 0:00:00  lr: 0.000002  loss: 0.0222  time: 0.2863  data: 0.0000  max mem: 10267
Train: data epoch: [84] Total time: 0:00:21 (0.2966 s / it)
2026-08-20 03:23:20,847 [INFO] Qual: EPOCH[84] -> PLCC: 0.886360, SROCC: 0.834153, KROCC: 0.648527, LOSS: 0.223050
2026-08-20 03:23:20,847 [INFO] Align: EPOCH[84] -> PLCC: 0.798871, SROCC: 0.630039, KROCC: 0.459449, LOSS: 0.376234
2026-08-20 03:23:20,848 [INFO] Start training
2026-08-20 03:23:21,196 [INFO] Start training epoch 85, 74 iters per inner epoch.
2026-08-20 03:23:43,259 [INFO] Averaged stats: lr: 0.000001  loss: 0.019516
2026-08-20 03:23:43,368 [INFO] local gates: {"epoch": 85, "outer_gate": 0.1206, "refine_gate": 0.2707}
2026-08-20 03:23:43,368 [INFO] Evaluating on val.
Train: data epoch: [85]  [ 0/74]  eta: 0:01:13  lr: 0.000001  loss: 0.0284  time: 0.9932  data: 0.0001  max mem: 10267
Train: data epoch: [85]  [20/74]  eta: 0:00:17  lr: 0.000001  loss: 0.0200  time: 0.2869  data: 0.0000  max mem: 10267
Train: data epoch: [85]  [40/74]  eta: 0:00:10  lr: 0.000001  loss: 0.0174  time: 0.2852  data: 0.0000  max mem: 10267
Train: data epoch: [85]  [60/74]  eta: 0:00:04  lr: 0.000001  loss: 0.0281  time: 0.2914  data: 0.0000  max mem: 10267
Train: data epoch: [85]  [73/74]  eta: 0:00:00  lr: 0.000001  loss: 0.0244  time: 0.2927  data: 0.0000  max mem: 10267
Train: data epoch: [85] Total time: 0:00:22 (0.2981 s / it)
2026-08-20 03:23:47,691 [INFO] Qual: EPOCH[85] -> PLCC: 0.885629, SROCC: 0.834128, KROCC: 0.649544, LOSS: 0.213146
2026-08-20 03:23:47,692 [INFO] Align: EPOCH[85] -> PLCC: 0.797805, SROCC: 0.627571, KROCC: 0.457014, LOSS: 0.363550
2026-08-20 03:23:47,702 [INFO] Saving checkpoint at epoch 85 to ../run/20260820024_A3_full/checkpoint_latest.pth.
2026-08-20 03:23:49,512 [INFO] Start training
2026-08-20 03:23:49,880 [INFO] Start training epoch 86, 74 iters per inner epoch.
2026-08-20 03:24:11,806 [INFO] Averaged stats: lr: 0.000001  loss: 0.018690
2026-08-20 03:24:11,908 [INFO] local gates: {"epoch": 86, "outer_gate": 0.1206, "refine_gate": 0.2707}
2026-08-20 03:24:11,909 [INFO] Evaluating on val.
Train: data epoch: [86]  [ 0/74]  eta: 0:01:05  lr: 0.000001  loss: 0.0171  time: 0.8801  data: 0.0001  max mem: 10267
Train: data epoch: [86]  [20/74]  eta: 0:00:17  lr: 0.000001  loss: 0.0161  time: 0.2883  data: 0.0000  max mem: 10267
Train: data epoch: [86]  [40/74]  eta: 0:00:10  lr: 0.000001  loss: 0.0216  time: 0.2882  data: 0.0000  max mem: 10267
Train: data epoch: [86]  [60/74]  eta: 0:00:04  lr: 0.000001  loss: 0.0139  time: 0.2883  data: 0.0000  max mem: 10267
Train: data epoch: [86]  [73/74]  eta: 0:00:00  lr: 0.000001  loss: 0.0155  time: 0.2879  data: 0.0000  max mem: 10267
Train: data epoch: [86] Total time: 0:00:21 (0.2963 s / it)
2026-08-20 03:24:16,322 [INFO] Qual: EPOCH[86] -> PLCC: 0.887255, SROCC: 0.833933, KROCC: 0.649432, LOSS: 0.213084
2026-08-20 03:24:16,322 [INFO] Align: EPOCH[86] -> PLCC: 0.800165, SROCC: 0.626358, KROCC: 0.455484, LOSS: 0.379652
2026-08-20 03:24:16,323 [INFO] Start training
2026-08-20 03:24:16,674 [INFO] Start training epoch 87, 74 iters per inner epoch.
2026-08-20 03:24:39,024 [INFO] Averaged stats: lr: 0.000001  loss: 0.019093
2026-08-20 03:24:39,130 [INFO] local gates: {"epoch": 87, "outer_gate": 0.1206, "refine_gate": 0.2707}
2026-08-20 03:24:39,130 [INFO] Evaluating on val.
Train: data epoch: [87]  [ 0/74]  eta: 0:01:32  lr: 0.000001  loss: 0.0251  time: 1.2526  data: 0.0001  max mem: 10267
Train: data epoch: [87]  [20/74]  eta: 0:00:18  lr: 0.000001  loss: 0.0228  time: 0.2890  data: 0.0000  max mem: 10267
Train: data epoch: [87]  [40/74]  eta: 0:00:10  lr: 0.000001  loss: 0.0191  time: 0.2895  data: 0.0000  max mem: 10267
Train: data epoch: [87]  [60/74]  eta: 0:00:04  lr: 0.000001  loss: 0.0216  time: 0.2896  data: 0.0000  max mem: 10267
Train: data epoch: [87]  [73/74]  eta: 0:00:00  lr: 0.000001  loss: 0.0207  time: 0.2872  data: 0.0000  max mem: 10267
Train: data epoch: [87] Total time: 0:00:22 (0.3020 s / it)
2026-08-20 03:24:43,353 [INFO] Qual: EPOCH[87] -> PLCC: 0.885395, SROCC: 0.830678, KROCC: 0.645467, LOSS: 0.220011
2026-08-20 03:24:43,353 [INFO] Align: EPOCH[87] -> PLCC: 0.800915, SROCC: 0.628393, KROCC: 0.457115, LOSS: 0.374731
2026-08-20 03:24:43,354 [INFO] Start training
2026-08-20 03:24:43,652 [INFO] Start training epoch 88, 74 iters per inner epoch.
2026-08-20 03:25:05,609 [INFO] Averaged stats: lr: 0.000001  loss: 0.018763
2026-08-20 03:25:05,703 [INFO] local gates: {"epoch": 88, "outer_gate": 0.1206, "refine_gate": 0.2707}
2026-08-20 03:25:05,704 [INFO] Evaluating on val.
Train: data epoch: [88]  [ 0/74]  eta: 0:01:32  lr: 0.000001  loss: 0.0438  time: 1.2455  data: 0.0001  max mem: 10267
Train: data epoch: [88]  [20/74]  eta: 0:00:17  lr: 0.000001  loss: 0.0118  time: 0.2833  data: 0.0000  max mem: 10267
Train: data epoch: [88]  [40/74]  eta: 0:00:10  lr: 0.000001  loss: 0.0216  time: 0.2834  data: 0.0000  max mem: 10267
Train: data epoch: [88]  [60/74]  eta: 0:00:04  lr: 0.000001  loss: 0.0273  time: 0.2841  data: 0.0000  max mem: 10267
Train: data epoch: [88]  [73/74]  eta: 0:00:00  lr: 0.000001  loss: 0.0203  time: 0.2839  data: 0.0000  max mem: 10267
Train: data epoch: [88] Total time: 0:00:21 (0.2967 s / it)
2026-08-20 03:25:09,997 [INFO] Qual: EPOCH[88] -> PLCC: 0.886250, SROCC: 0.833396, KROCC: 0.647935, LOSS: 0.213126
2026-08-20 03:25:09,998 [INFO] Align: EPOCH[88] -> PLCC: 0.799199, SROCC: 0.624811, KROCC: 0.454970, LOSS: 0.364886
2026-08-20 03:25:09,998 [INFO] Start training
2026-08-20 03:25:10,311 [INFO] Start training epoch 89, 74 iters per inner epoch.
2026-08-20 03:25:32,310 [INFO] Averaged stats: lr: 0.000001  loss: 0.018639
2026-08-20 03:25:32,427 [INFO] local gates: {"epoch": 89, "outer_gate": 0.1206, "refine_gate": 0.2707}
2026-08-20 03:25:32,427 [INFO] Evaluating on val.
Train: data epoch: [89]  [ 0/74]  eta: 0:01:10  lr: 0.000001  loss: 0.0143  time: 0.9488  data: 0.0001  max mem: 10267
Train: data epoch: [89]  [20/74]  eta: 0:00:17  lr: 0.000001  loss: 0.0195  time: 0.2894  data: 0.0000  max mem: 10267
Train: data epoch: [89]  [40/74]  eta: 0:00:10  lr: 0.000001  loss: 0.0222  time: 0.2886  data: 0.0000  max mem: 10267
Train: data epoch: [89]  [60/74]  eta: 0:00:04  lr: 0.000001  loss: 0.0176  time: 0.2877  data: 0.0000  max mem: 10267
Train: data epoch: [89]  [73/74]  eta: 0:00:00  lr: 0.000001  loss: 0.0195  time: 0.2870  data: 0.0000  max mem: 10267
Train: data epoch: [89] Total time: 0:00:21 (0.2973 s / it)
2026-08-20 03:25:36,903 [INFO] Qual: EPOCH[89] -> PLCC: 0.886457, SROCC: 0.833067, KROCC: 0.648002, LOSS: 0.215888
2026-08-20 03:25:36,903 [INFO] Align: EPOCH[89] -> PLCC: 0.799290, SROCC: 0.624302, KROCC: 0.453931, LOSS: 0.376853
2026-08-20 03:25:36,904 [INFO] Start training
2026-08-20 03:25:37,243 [INFO] Start training epoch 90, 74 iters per inner epoch.
2026-08-20 03:25:59,281 [INFO] Averaged stats: lr: 0.000001  loss: 0.018912
2026-08-20 03:25:59,409 [INFO] local gates: {"epoch": 90, "outer_gate": 0.1206, "refine_gate": 0.2707}
2026-08-20 03:25:59,410 [INFO] Evaluating on val.
Train: data epoch: [90]  [ 0/74]  eta: 0:01:16  lr: 0.000001  loss: 0.0087  time: 1.0272  data: 0.0001  max mem: 10267
Train: data epoch: [90]  [20/74]  eta: 0:00:17  lr: 0.000001  loss: 0.0196  time: 0.2889  data: 0.0000  max mem: 10267
Train: data epoch: [90]  [40/74]  eta: 0:00:10  lr: 0.000001  loss: 0.0173  time: 0.2881  data: 0.0000  max mem: 10267
Train: data epoch: [90]  [60/74]  eta: 0:00:04  lr: 0.000001  loss: 0.0147  time: 0.2871  data: 0.0000  max mem: 10267
Train: data epoch: [90]  [73/74]  eta: 0:00:00  lr: 0.000001  loss: 0.0111  time: 0.2864  data: 0.0000  max mem: 10267
Train: data epoch: [90] Total time: 0:00:22 (0.2978 s / it)
2026-08-20 03:26:03,797 [INFO] Qual: EPOCH[90] -> PLCC: 0.886224, SROCC: 0.833217, KROCC: 0.647477, LOSS: 0.213758
2026-08-20 03:26:03,797 [INFO] Align: EPOCH[90] -> PLCC: 0.799470, SROCC: 0.627385, KROCC: 0.457751, LOSS: 0.362673
2026-08-20 03:26:03,807 [INFO] Saving checkpoint at epoch 90 to ../run/20260820024_A3_full/checkpoint_latest.pth.
2026-08-20 03:26:05,596 [INFO] Start training
2026-08-20 03:26:05,930 [INFO] Start training epoch 91, 74 iters per inner epoch.
2026-08-20 03:26:27,942 [INFO] Averaged stats: lr: 0.000001  loss: 0.018100
2026-08-20 03:26:28,037 [INFO] local gates: {"epoch": 91, "outer_gate": 0.1206, "refine_gate": 0.2707}
2026-08-20 03:26:28,038 [INFO] Evaluating on val.
Train: data epoch: [91]  [ 0/74]  eta: 0:01:03  lr: 0.000001  loss: 0.0158  time: 0.8583  data: 0.0001  max mem: 10267
Train: data epoch: [91]  [20/74]  eta: 0:00:17  lr: 0.000001  loss: 0.0169  time: 0.2962  data: 0.0000  max mem: 10267
Train: data epoch: [91]  [40/74]  eta: 0:00:10  lr: 0.000001  loss: 0.0218  time: 0.2852  data: 0.0000  max mem: 10267
Train: data epoch: [91]  [60/74]  eta: 0:00:04  lr: 0.000001  loss: 0.0092  time: 0.2888  data: 0.0000  max mem: 10267
Train: data epoch: [91]  [73/74]  eta: 0:00:00  lr: 0.000001  loss: 0.0171  time: 0.2885  data: 0.0000  max mem: 10267
Train: data epoch: [91] Total time: 0:00:22 (0.2974 s / it)
2026-08-20 03:26:32,683 [INFO] Qual: EPOCH[91] -> PLCC: 0.886181, SROCC: 0.832304, KROCC: 0.647410, LOSS: 0.216267
2026-08-20 03:26:32,684 [INFO] Align: EPOCH[91] -> PLCC: 0.799216, SROCC: 0.629060, KROCC: 0.458321, LOSS: 0.365265
2026-08-20 03:26:32,684 [INFO] Start training
2026-08-20 03:26:33,026 [INFO] Start training epoch 92, 74 iters per inner epoch.
2026-08-20 03:26:54,796 [INFO] Averaged stats: lr: 0.000001  loss: 0.018769
2026-08-20 03:26:54,892 [INFO] local gates: {"epoch": 92, "outer_gate": 0.1206, "refine_gate": 0.2707}
2026-08-20 03:26:54,893 [INFO] Evaluating on val.
Train: data epoch: [92]  [ 0/74]  eta: 0:01:05  lr: 0.000001  loss: 0.0234  time: 0.8823  data: 0.0001  max mem: 10267
Train: data epoch: [92]  [20/74]  eta: 0:00:17  lr: 0.000001  loss: 0.0176  time: 0.2869  data: 0.0000  max mem: 10267
Train: data epoch: [92]  [40/74]  eta: 0:00:10  lr: 0.000001  loss: 0.0189  time: 0.2866  data: 0.0000  max mem: 10267
Train: data epoch: [92]  [60/74]  eta: 0:00:04  lr: 0.000001  loss: 0.0116  time: 0.2873  data: 0.0000  max mem: 10267
Train: data epoch: [92]  [73/74]  eta: 0:00:00  lr: 0.000001  loss: 0.0195  time: 0.2840  data: 0.0000  max mem: 10267
Train: data epoch: [92] Total time: 0:00:21 (0.2942 s / it)
2026-08-20 03:26:59,284 [INFO] Qual: EPOCH[92] -> PLCC: 0.886900, SROCC: 0.832740, KROCC: 0.647723, LOSS: 0.211057
2026-08-20 03:26:59,284 [INFO] Align: EPOCH[92] -> PLCC: 0.798214, SROCC: 0.623689, KROCC: 0.454612, LOSS: 0.362144
2026-08-20 03:26:59,285 [INFO] Start training
2026-08-20 03:26:59,595 [INFO] Start training epoch 93, 74 iters per inner epoch.
2026-08-20 03:27:21,854 [INFO] Averaged stats: lr: 0.000001  loss: 0.019034
2026-08-20 03:27:21,971 [INFO] local gates: {"epoch": 93, "outer_gate": 0.1206, "refine_gate": 0.2707}
2026-08-20 03:27:21,971 [INFO] Evaluating on val.
Train: data epoch: [93]  [ 0/74]  eta: 0:01:40  lr: 0.000001  loss: 0.0173  time: 1.3568  data: 0.0001  max mem: 10267
Train: data epoch: [93]  [20/74]  eta: 0:00:18  lr: 0.000001  loss: 0.0373  time: 0.2843  data: 0.0000  max mem: 10267
Train: data epoch: [93]  [40/74]  eta: 0:00:10  lr: 0.000001  loss: 0.0171  time: 0.2862  data: 0.0000  max mem: 10267
Train: data epoch: [93]  [60/74]  eta: 0:00:04  lr: 0.000001  loss: 0.0212  time: 0.2880  data: 0.0000  max mem: 10267
Train: data epoch: [93]  [73/74]  eta: 0:00:00  lr: 0.000001  loss: 0.0176  time: 0.2866  data: 0.0000  max mem: 10267
Train: data epoch: [93] Total time: 0:00:22 (0.3008 s / it)
2026-08-20 03:27:26,351 [INFO] Qual: EPOCH[93] -> PLCC: 0.885746, SROCC: 0.833439, KROCC: 0.647824, LOSS: 0.214785
2026-08-20 03:27:26,351 [INFO] Align: EPOCH[93] -> PLCC: 0.800375, SROCC: 0.626063, KROCC: 0.456500, LOSS: 0.356068
2026-08-20 03:27:26,352 [INFO] Start training
2026-08-20 03:27:26,665 [INFO] Start training epoch 94, 74 iters per inner epoch.
2026-08-20 03:27:48,708 [INFO] Averaged stats: lr: 0.000001  loss: 0.018593
2026-08-20 03:27:48,828 [INFO] local gates: {"epoch": 94, "outer_gate": 0.1206, "refine_gate": 0.2707}
2026-08-20 03:27:48,828 [INFO] Evaluating on val.
Train: data epoch: [94]  [ 0/74]  eta: 0:01:10  lr: 0.000001  loss: 0.0197  time: 0.9526  data: 0.0001  max mem: 10267
Train: data epoch: [94]  [20/74]  eta: 0:00:17  lr: 0.000001  loss: 0.0259  time: 0.2949  data: 0.0000  max mem: 10267
Train: data epoch: [94]  [40/74]  eta: 0:00:10  lr: 0.000001  loss: 0.0158  time: 0.2883  data: 0.0000  max mem: 10267
Train: data epoch: [94]  [60/74]  eta: 0:00:04  lr: 0.000001  loss: 0.0214  time: 0.2864  data: 0.0000  max mem: 10267
Train: data epoch: [94]  [73/74]  eta: 0:00:00  lr: 0.000001  loss: 0.0219  time: 0.2847  data: 0.0000  max mem: 10267
Train: data epoch: [94] Total time: 0:00:22 (0.2979 s / it)
2026-08-20 03:27:53,120 [INFO] Qual: EPOCH[94] -> PLCC: 0.886041, SROCC: 0.832593, KROCC: 0.647533, LOSS: 0.215703
2026-08-20 03:27:53,120 [INFO] Align: EPOCH[94] -> PLCC: 0.800336, SROCC: 0.625336, KROCC: 0.455003, LOSS: 0.360787
2026-08-20 03:27:53,120 [INFO] Start training
2026-08-20 03:27:53,441 [INFO] Start training epoch 95, 74 iters per inner epoch.
2026-08-20 03:28:15,573 [INFO] Averaged stats: lr: 0.000001  loss: 0.018412
2026-08-20 03:28:15,662 [INFO] local gates: {"epoch": 95, "outer_gate": 0.1206, "refine_gate": 0.2707}
2026-08-20 03:28:15,662 [INFO] Evaluating on val.
Train: data epoch: [95]  [ 0/74]  eta: 0:01:29  lr: 0.000001  loss: 0.0158  time: 1.2092  data: 0.0001  max mem: 10267
Train: data epoch: [95]  [20/74]  eta: 0:00:17  lr: 0.000001  loss: 0.0193  time: 0.2891  data: 0.0000  max mem: 10267
Train: data epoch: [95]  [40/74]  eta: 0:00:10  lr: 0.000001  loss: 0.0145  time: 0.2862  data: 0.0000  max mem: 10267
Train: data epoch: [95]  [60/74]  eta: 0:00:04  lr: 0.000001  loss: 0.0255  time: 0.2855  data: 0.0000  max mem: 10267
Train: data epoch: [95]  [73/74]  eta: 0:00:00  lr: 0.000001  loss: 0.0186  time: 0.2846  data: 0.0000  max mem: 10267
Train: data epoch: [95] Total time: 0:00:22 (0.2991 s / it)
2026-08-20 03:28:20,006 [INFO] Qual: EPOCH[95] -> PLCC: 0.887971, SROCC: 0.832656, KROCC: 0.647946, LOSS: 0.211622
2026-08-20 03:28:20,006 [INFO] Align: EPOCH[95] -> PLCC: 0.801572, SROCC: 0.625255, KROCC: 0.455495, LOSS: 0.359518
2026-08-20 03:28:20,016 [INFO] Saving checkpoint at epoch 95 to ../run/20260820024_A3_full/checkpoint_latest.pth.
2026-08-20 03:28:21,938 [INFO] Start training
2026-08-20 03:28:22,287 [INFO] Start training epoch 96, 74 iters per inner epoch.
2026-08-20 03:28:44,450 [INFO] Averaged stats: lr: 0.000001  loss: 0.018335
2026-08-20 03:28:44,564 [INFO] local gates: {"epoch": 96, "outer_gate": 0.1206, "refine_gate": 0.2707}
2026-08-20 03:28:44,564 [INFO] Evaluating on val.
Train: data epoch: [96]  [ 0/74]  eta: 0:01:19  lr: 0.000001  loss: 0.0110  time: 1.0725  data: 0.0001  max mem: 10267
Train: data epoch: [96]  [20/74]  eta: 0:00:17  lr: 0.000001  loss: 0.0164  time: 0.2870  data: 0.0000  max mem: 10267
Train: data epoch: [96]  [40/74]  eta: 0:00:10  lr: 0.000001  loss: 0.0285  time: 0.2916  data: 0.0000  max mem: 10267
Train: data epoch: [96]  [60/74]  eta: 0:00:04  lr: 0.000001  loss: 0.0202  time: 0.2890  data: 0.0000  max mem: 10267
Train: data epoch: [96]  [73/74]  eta: 0:00:00  lr: 0.000001  loss: 0.0212  time: 0.2875  data: 0.0000  max mem: 10267
Train: data epoch: [96] Total time: 0:00:22 (0.2995 s / it)
2026-08-20 03:28:49,044 [INFO] Qual: EPOCH[96] -> PLCC: 0.886410, SROCC: 0.830959, KROCC: 0.646584, LOSS: 0.218356
2026-08-20 03:28:49,044 [INFO] Align: EPOCH[96] -> PLCC: 0.800929, SROCC: 0.625694, KROCC: 0.455986, LOSS: 0.361190
2026-08-20 03:28:49,045 [INFO] Start training
2026-08-20 03:28:49,382 [INFO] Start training epoch 97, 74 iters per inner epoch.
2026-08-20 03:29:11,427 [INFO] Averaged stats: lr: 0.000001  loss: 0.018299
2026-08-20 03:29:11,529 [INFO] local gates: {"epoch": 97, "outer_gate": 0.1206, "refine_gate": 0.2707}
2026-08-20 03:29:11,529 [INFO] Evaluating on val.
Train: data epoch: [97]  [ 0/74]  eta: 0:01:09  lr: 0.000001  loss: 0.0109  time: 0.9356  data: 0.0002  max mem: 10267
Train: data epoch: [97]  [20/74]  eta: 0:00:17  lr: 0.000001  loss: 0.0152  time: 0.2969  data: 0.0000  max mem: 10267
Train: data epoch: [97]  [40/74]  eta: 0:00:10  lr: 0.000001  loss: 0.0093  time: 0.2874  data: 0.0000  max mem: 10267
Train: data epoch: [97]  [60/74]  eta: 0:00:04  lr: 0.000001  loss: 0.0154  time: 0.2851  data: 0.0000  max mem: 10267
Train: data epoch: [97]  [73/74]  eta: 0:00:00  lr: 0.000001  loss: 0.0104  time: 0.2861  data: 0.0000  max mem: 10267
Train: data epoch: [97] Total time: 0:00:22 (0.2979 s / it)
2026-08-20 03:29:15,912 [INFO] Qual: EPOCH[97] -> PLCC: 0.888091, SROCC: 0.833895, KROCC: 0.648941, LOSS: 0.211375
2026-08-20 03:29:15,912 [INFO] Align: EPOCH[97] -> PLCC: 0.801934, SROCC: 0.625374, KROCC: 0.455562, LOSS: 0.357699
2026-08-20 03:29:15,913 [INFO] Start training
2026-08-20 03:29:16,254 [INFO] Start training epoch 98, 74 iters per inner epoch.
2026-08-20 03:29:38,124 [INFO] Averaged stats: lr: 0.000001  loss: 0.017640
2026-08-20 03:29:38,232 [INFO] local gates: {"epoch": 98, "outer_gate": 0.1206, "refine_gate": 0.2707}
2026-08-20 03:29:38,233 [INFO] Evaluating on val.
Train: data epoch: [98]  [ 0/74]  eta: 0:01:06  lr: 0.000001  loss: 0.0197  time: 0.9015  data: 0.0001  max mem: 10267
Train: data epoch: [98]  [20/74]  eta: 0:00:17  lr: 0.000001  loss: 0.0129  time: 0.2887  data: 0.0000  max mem: 10267
Train: data epoch: [98]  [40/74]  eta: 0:00:10  lr: 0.000001  loss: 0.0214  time: 0.2860  data: 0.0000  max mem: 10267
Train: data epoch: [98]  [60/74]  eta: 0:00:04  lr: 0.000001  loss: 0.0209  time: 0.2852  data: 0.0000  max mem: 10267
Train: data epoch: [98]  [73/74]  eta: 0:00:00  lr: 0.000001  loss: 0.0164  time: 0.2881  data: 0.0000  max mem: 10267
Train: data epoch: [98] Total time: 0:00:21 (0.2955 s / it)
2026-08-20 03:29:42,751 [INFO] Qual: EPOCH[98] -> PLCC: 0.887499, SROCC: 0.833842, KROCC: 0.648773, LOSS: 0.210625
2026-08-20 03:29:42,751 [INFO] Align: EPOCH[98] -> PLCC: 0.804029, SROCC: 0.630432, KROCC: 0.459773, LOSS: 0.354110
2026-08-20 03:29:42,752 [INFO] Start training
2026-08-20 03:29:43,108 [INFO] Start training epoch 99, 74 iters per inner epoch.
2026-08-20 03:30:05,206 [INFO] Averaged stats: lr: 0.000001  loss: 0.018111
2026-08-20 03:30:05,338 [INFO] local gates: {"epoch": 99, "outer_gate": 0.1206, "refine_gate": 0.2707}
2026-08-20 03:30:05,339 [INFO] Evaluating on val.
Train: data epoch: [99]  [ 0/74]  eta: 0:01:20  lr: 0.000001  loss: 0.0197  time: 1.0843  data: 0.0001  max mem: 10267
Train: data epoch: [99]  [20/74]  eta: 0:00:17  lr: 0.000001  loss: 0.0237  time: 0.2899  data: 0.0000  max mem: 10267
Train: data epoch: [99]  [40/74]  eta: 0:00:10  lr: 0.000001  loss: 0.0114  time: 0.2867  data: 0.0000  max mem: 10267
Train: data epoch: [99]  [60/74]  eta: 0:00:04  lr: 0.000001  loss: 0.0196  time: 0.2871  data: 0.0000  max mem: 10267
Train: data epoch: [99]  [73/74]  eta: 0:00:00  lr: 0.000001  loss: 0.0123  time: 0.2871  data: 0.0000  max mem: 10267
Train: data epoch: [99] Total time: 0:00:22 (0.2986 s / it)
2026-08-20 03:30:09,707 [INFO] Qual: EPOCH[99] -> PLCC: 0.886796, SROCC: 0.833747, KROCC: 0.648606, LOSS: 0.214700
2026-08-20 03:30:09,707 [INFO] Align: EPOCH[99] -> PLCC: 0.801499, SROCC: 0.627786, KROCC: 0.457517, LOSS: 0.370320
2026-08-20 03:30:09,717 [INFO] Saving checkpoint at epoch 99 to ../run/20260820024_A3_full/checkpoint_latest.pth.
[{'agg_metrics': np.float64(4.275165235761448), 'qual_agg': np.float64(2.3786855103272018), 'qual_PLCC': np.float64(0.8885766064151925), 'qual_SROCC': np.float64(0.8371914924105567), 'qual_KROCC': np.float64(0.6529174115014525), 'align_agg': np.float64(1.8964797254342463), 'align_PLCC': np.float64(0.8016911058992553), 'align_SROCC': np.float64(0.6325691812651216), 'align_KROCC': np.float64(0.46221943826986955)}]
{'agg_metrics': np.float64(4.275165235761448), 'qual_agg': np.float64(2.3786855103272018), 'qual_PLCC': np.float64(0.8885766064151925), 'qual_SROCC': np.float64(0.8371914924105567), 'qual_KROCC': np.float64(0.6529174115014525), 'align_agg': np.float64(1.8964797254342463), 'align_PLCC': np.float64(0.8016911058992553), 'align_SROCC': np.float64(0.6325691812651216), 'align_KROCC': np.float64(0.46221943826986955)}
2026-08-20 03:31:18,794 [INFO] Start training
2026-08-20 03:31:19,025 [INFO] number of trainable parameters: 84239238
Not using distributed mode
['ipiqa']
Position interpolate from 7x7 to 16x16
Freezing <class 'clip.model.Transformer'> ...
use qa-token, unfreeze wte ...
Freezing <class 'clip.model.LayerNorm'> ...
Freezing <class 'torch.nn.parameter.Parameter'> ...
Freezing <class 'torch.nn.parameter.Parameter'> ...
use_local_branch: True (GatedLocalFusion injected, branch_type=msda)
head scale: 10.0
2026-08-20 03:31:19,538 [INFO] Start training epoch 0, 60 iters per inner epoch.
2026-08-20 03:31:40,393 [INFO] Averaged stats: lr: 0.000005  loss: 0.068025
2026-08-20 03:31:40,520 [INFO] local gates: {"epoch": 0, "outer_gate": 0.1193, "refine_gate": 0.2689}
2026-08-20 03:31:40,521 [INFO] Evaluating on val.
Train: data epoch: [0]  [ 0/60]  eta: 0:03:56  lr: 0.000000  loss: 0.2792  time: 3.9398  data: 0.0001  max mem: 9620
Train: data epoch: [0]  [20/60]  eta: 0:00:18  lr: 0.000003  loss: 0.0164  time: 0.2891  data: 0.0000  max mem: 10267
Train: data epoch: [0]  [40/60]  eta: 0:00:07  lr: 0.000007  loss: 0.0227  time: 0.2864  data: 0.0000  max mem: 10267
Train: data epoch: [0]  [59/60]  eta: 0:00:00  lr: 0.000010  loss: 0.0037  time: 0.2843  data: 0.0000  max mem: 10267
Train: data epoch: [0] Total time: 0:00:20 (0.3476 s / it)
2026-08-20 03:31:44,541 [INFO] Qual: EPOCH[0] -> PLCC: 0.745220, SROCC: 0.738114, KROCC: 0.523556, LOSS: 0.003747
2026-08-20 03:31:44,541 [INFO] Align: EPOCH[0] -> PLCC: 0.508897, SROCC: 0.520609, KROCC: 0.358386, LOSS: 0.006007
2026-08-20 03:31:44,554 [INFO] Saving checkpoint at epoch 0 to ../run/20260820033_E3_aigciqa2023/checkpoint_best.pth.
2026-08-20 03:31:45,873 [INFO] Start training
2026-08-20 03:31:46,196 [INFO] Start training epoch 1, 60 iters per inner epoch.
2026-08-20 03:32:04,527 [INFO] Averaged stats: lr: 0.000010  loss: 0.007478
2026-08-20 03:32:04,639 [INFO] local gates: {"epoch": 1, "outer_gate": 0.1193, "refine_gate": 0.2689}
2026-08-20 03:32:04,640 [INFO] Evaluating on val.
Train: data epoch: [1]  [ 0/60]  eta: 0:01:11  lr: 0.000010  loss: 0.0068  time: 1.1968  data: 0.0001  max mem: 10267
Train: data epoch: [1]  [20/60]  eta: 0:00:13  lr: 0.000010  loss: 0.0108  time: 0.2984  data: 0.0000  max mem: 10267
Train: data epoch: [1]  [40/60]  eta: 0:00:06  lr: 0.000010  loss: 0.0057  time: 0.2864  data: 0.0000  max mem: 10267
Train: data epoch: [1]  [59/60]  eta: 0:00:00  lr: 0.000010  loss: 0.0073  time: 0.2859  data: 0.0000  max mem: 10267
Train: data epoch: [1] Total time: 0:00:18 (0.3055 s / it)
2026-08-20 03:32:08,765 [INFO] Qual: EPOCH[1] -> PLCC: 0.797186, SROCC: 0.772951, KROCC: 0.551670, LOSS: 0.003540
2026-08-20 03:32:08,765 [INFO] Align: EPOCH[1] -> PLCC: 0.582499, SROCC: 0.577037, KROCC: 0.403219, LOSS: 0.004318
2026-08-20 03:32:08,779 [INFO] Saving checkpoint at epoch 1 to ../run/20260820033_E3_aigciqa2023/checkpoint_best.pth.
2026-08-20 03:32:10,688 [INFO] Start training
2026-08-20 03:32:11,063 [INFO] Start training epoch 2, 60 iters per inner epoch.
2026-08-20 03:32:29,622 [INFO] Averaged stats: lr: 0.000010  loss: 0.006378
2026-08-20 03:32:29,732 [INFO] local gates: {"epoch": 2, "outer_gate": 0.1193, "refine_gate": 0.2689}
2026-08-20 03:32:29,732 [INFO] Evaluating on val.
Train: data epoch: [2]  [ 0/60]  eta: 0:01:41  lr: 0.000010  loss: 0.0080  time: 1.6916  data: 0.0001  max mem: 10267
Train: data epoch: [2]  [20/60]  eta: 0:00:14  lr: 0.000010  loss: 0.0081  time: 0.2859  data: 0.0000  max mem: 10267
Train: data epoch: [2]  [40/60]  eta: 0:00:06  lr: 0.000010  loss: 0.0049  time: 0.2856  data: 0.0000  max mem: 10267
Train: data epoch: [2]  [59/60]  eta: 0:00:00  lr: 0.000010  loss: 0.0064  time: 0.2858  data: 0.0000  max mem: 10267
Train: data epoch: [2] Total time: 0:00:18 (0.3093 s / it)
2026-08-20 03:32:33,618 [INFO] Qual: EPOCH[2] -> PLCC: 0.804663, SROCC: 0.788344, KROCC: 0.568372, LOSS: 0.002878
2026-08-20 03:32:33,618 [INFO] Align: EPOCH[2] -> PLCC: 0.568969, SROCC: 0.569747, KROCC: 0.394085, LOSS: 0.004455
2026-08-20 03:32:33,630 [INFO] Saving checkpoint at epoch 2 to ../run/20260820033_E3_aigciqa2023/checkpoint_best.pth.
2026-08-20 03:32:35,589 [INFO] Start training
2026-08-20 03:32:35,935 [INFO] Start training epoch 3, 60 iters per inner epoch.
2026-08-20 03:32:53,978 [INFO] Averaged stats: lr: 0.000010  loss: 0.005578
2026-08-20 03:32:54,086 [INFO] local gates: {"epoch": 3, "outer_gate": 0.1194, "refine_gate": 0.269}
2026-08-20 03:32:54,087 [INFO] Evaluating on val.
Train: data epoch: [3]  [ 0/60]  eta: 0:01:07  lr: 0.000010  loss: 0.0084  time: 1.1271  data: 0.0001  max mem: 10267
Train: data epoch: [3]  [20/60]  eta: 0:00:13  lr: 0.000010  loss: 0.0049  time: 0.2866  data: 0.0000  max mem: 10267
Train: data epoch: [3]  [40/60]  eta: 0:00:06  lr: 0.000010  loss: 0.0067  time: 0.2878  data: 0.0000  max mem: 10267
Train: data epoch: [3]  [59/60]  eta: 0:00:00  lr: 0.000010  loss: 0.0067  time: 0.2855  data: 0.0000  max mem: 10267
Train: data epoch: [3] Total time: 0:00:18 (0.3007 s / it)
2026-08-20 03:32:57,867 [INFO] Qual: EPOCH[3] -> PLCC: 0.801533, SROCC: 0.780262, KROCC: 0.559951, LOSS: 0.004454
2026-08-20 03:32:57,867 [INFO] Align: EPOCH[3] -> PLCC: 0.610233, SROCC: 0.607738, KROCC: 0.427279, LOSS: 0.004176
2026-08-20 03:32:57,868 [INFO] Start training
2026-08-20 03:32:58,220 [INFO] Start training epoch 4, 60 iters per inner epoch.
2026-08-20 03:33:16,668 [INFO] Averaged stats: lr: 0.000010  loss: 0.005349
2026-08-20 03:33:16,782 [INFO] local gates: {"epoch": 4, "outer_gate": 0.1194, "refine_gate": 0.269}
2026-08-20 03:33:16,782 [INFO] Evaluating on val.
Train: data epoch: [4]  [ 0/60]  eta: 0:01:30  lr: 0.000010  loss: 0.0055  time: 1.5150  data: 0.0001  max mem: 10267
Train: data epoch: [4]  [20/60]  eta: 0:00:13  lr: 0.000010  loss: 0.0039  time: 0.2878  data: 0.0000  max mem: 10267
Train: data epoch: [4]  [40/60]  eta: 0:00:06  lr: 0.000010  loss: 0.0067  time: 0.2869  data: 0.0000  max mem: 10267
Train: data epoch: [4]  [59/60]  eta: 0:00:00  lr: 0.000010  loss: 0.0041  time: 0.2860  data: 0.0000  max mem: 10267
Train: data epoch: [4] Total time: 0:00:18 (0.3075 s / it)
2026-08-20 03:33:20,751 [INFO] Qual: EPOCH[4] -> PLCC: 0.804560, SROCC: 0.789377, KROCC: 0.572234, LOSS: 0.005101
2026-08-20 03:33:20,752 [INFO] Align: EPOCH[4] -> PLCC: 0.611825, SROCC: 0.608583, KROCC: 0.428125, LOSS: 0.005560
2026-08-20 03:33:20,765 [INFO] Saving checkpoint at epoch 4 to ../run/20260820033_E3_aigciqa2023/checkpoint_best.pth.
2026-08-20 03:33:22,057 [INFO] Start training
2026-08-20 03:33:22,373 [INFO] Start training epoch 5, 60 iters per inner epoch.
2026-08-20 03:33:40,555 [INFO] Averaged stats: lr: 0.000010  loss: 0.004922
2026-08-20 03:33:40,660 [INFO] local gates: {"epoch": 5, "outer_gate": 0.1194, "refine_gate": 0.2691}
2026-08-20 03:33:40,661 [INFO] Evaluating on val.
Train: data epoch: [5]  [ 0/60]  eta: 0:01:19  lr: 0.000010  loss: 0.0062  time: 1.3181  data: 0.0001  max mem: 10267
Train: data epoch: [5]  [20/60]  eta: 0:00:13  lr: 0.000010  loss: 0.0047  time: 0.2873  data: 0.0000  max mem: 10267
Train: data epoch: [5]  [40/60]  eta: 0:00:06  lr: 0.000010  loss: 0.0033  time: 0.2852  data: 0.0000  max mem: 10267
Train: data epoch: [5]  [59/60]  eta: 0:00:00  lr: 0.000010  loss: 0.0053  time: 0.2847  data: 0.0000  max mem: 10267
Train: data epoch: [5] Total time: 0:00:18 (0.3030 s / it)
2026-08-20 03:33:44,755 [INFO] Qual: EPOCH[5] -> PLCC: 0.814541, SROCC: 0.792374, KROCC: 0.575835, LOSS: 0.003687
2026-08-20 03:33:44,755 [INFO] Align: EPOCH[5] -> PLCC: 0.594688, SROCC: 0.594737, KROCC: 0.410491, LOSS: 0.005280
2026-08-20 03:33:44,766 [INFO] Saving checkpoint at epoch 5 to ../run/20260820033_E3_aigciqa2023/checkpoint_best.pth.
2026-08-20 03:33:47,068 [INFO] Start training
2026-08-20 03:33:47,414 [INFO] Start training epoch 6, 60 iters per inner epoch.
2026-08-20 03:34:05,719 [INFO] Averaged stats: lr: 0.000010  loss: 0.004806
2026-08-20 03:34:05,831 [INFO] local gates: {"epoch": 6, "outer_gate": 0.1195, "refine_gate": 0.2691}
2026-08-20 03:34:05,832 [INFO] Evaluating on val.
Train: data epoch: [6]  [ 0/60]  eta: 0:01:27  lr: 0.000010  loss: 0.0054  time: 1.4561  data: 0.0001  max mem: 10267
Train: data epoch: [6]  [20/60]  eta: 0:00:13  lr: 0.000010  loss: 0.0044  time: 0.2862  data: 0.0000  max mem: 10267
Train: data epoch: [6]  [40/60]  eta: 0:00:06  lr: 0.000010  loss: 0.0050  time: 0.2854  data: 0.0000  max mem: 10267
Train: data epoch: [6]  [59/60]  eta: 0:00:00  lr: 0.000010  loss: 0.0049  time: 0.2848  data: 0.0000  max mem: 10267
Train: data epoch: [6] Total time: 0:00:18 (0.3051 s / it)
2026-08-20 03:34:09,755 [INFO] Qual: EPOCH[6] -> PLCC: 0.817482, SROCC: 0.797532, KROCC: 0.579123, LOSS: 0.002738
2026-08-20 03:34:09,755 [INFO] Align: EPOCH[6] -> PLCC: 0.564298, SROCC: 0.560138, KROCC: 0.391058, LOSS: 0.004589
2026-08-20 03:34:09,765 [INFO] Saving checkpoint at epoch 6 to ../run/20260820033_E3_aigciqa2023/checkpoint_best.pth.
2026-08-20 03:34:11,744 [INFO] Start training
2026-08-20 03:34:12,116 [INFO] Start training epoch 7, 60 iters per inner epoch.
2026-08-20 03:34:30,132 [INFO] Averaged stats: lr: 0.000010  loss: 0.004454
2026-08-20 03:34:30,245 [INFO] local gates: {"epoch": 7, "outer_gate": 0.1195, "refine_gate": 0.2691}
2026-08-20 03:34:30,245 [INFO] Evaluating on val.
Train: data epoch: [7]  [ 0/60]  eta: 0:01:02  lr: 0.000010  loss: 0.0051  time: 1.0450  data: 0.0001  max mem: 10267
Train: data epoch: [7]  [20/60]  eta: 0:00:13  lr: 0.000010  loss: 0.0039  time: 0.2893  data: 0.0000  max mem: 10267
Train: data epoch: [7]  [40/60]  eta: 0:00:06  lr: 0.000010  loss: 0.0045  time: 0.2872  data: 0.0000  max mem: 10267
Train: data epoch: [7]  [59/60]  eta: 0:00:00  lr: 0.000010  loss: 0.0043  time: 0.2862  data: 0.0000  max mem: 10267
Train: data epoch: [7] Total time: 0:00:18 (0.3003 s / it)
2026-08-20 03:34:34,073 [INFO] Qual: EPOCH[7] -> PLCC: 0.816218, SROCC: 0.798208, KROCC: 0.579262, LOSS: 0.003297
2026-08-20 03:34:34,073 [INFO] Align: EPOCH[7] -> PLCC: 0.587877, SROCC: 0.586876, KROCC: 0.406889, LOSS: 0.004501
2026-08-20 03:34:34,075 [INFO] Start training
2026-08-20 03:34:34,430 [INFO] Start training epoch 8, 60 iters per inner epoch.
2026-08-20 03:34:52,697 [INFO] Averaged stats: lr: 0.000010  loss: 0.004369
2026-08-20 03:34:52,824 [INFO] local gates: {"epoch": 8, "outer_gate": 0.1195, "refine_gate": 0.2692}
2026-08-20 03:34:52,825 [INFO] Evaluating on val.
Train: data epoch: [8]  [ 0/60]  eta: 0:01:17  lr: 0.000010  loss: 0.0052  time: 1.2992  data: 0.0001  max mem: 10267
Train: data epoch: [8]  [20/60]  eta: 0:00:13  lr: 0.000010  loss: 0.0037  time: 0.2869  data: 0.0000  max mem: 10267
Train: data epoch: [8]  [40/60]  eta: 0:00:06  lr: 0.000010  loss: 0.0041  time: 0.2883  data: 0.0000  max mem: 10267
Train: data epoch: [8]  [59/60]  eta: 0:00:00  lr: 0.000010  loss: 0.0047  time: 0.2874  data: 0.0000  max mem: 10267
Train: data epoch: [8] Total time: 0:00:18 (0.3044 s / it)
2026-08-20 03:34:56,863 [INFO] Qual: EPOCH[8] -> PLCC: 0.824484, SROCC: 0.799298, KROCC: 0.580306, LOSS: 0.002768
2026-08-20 03:34:56,863 [INFO] Align: EPOCH[8] -> PLCC: 0.626098, SROCC: 0.620170, KROCC: 0.434986, LOSS: 0.004391
2026-08-20 03:34:56,875 [INFO] Saving checkpoint at epoch 8 to ../run/20260820033_E3_aigciqa2023/checkpoint_best.pth.
2026-08-20 03:34:59,016 [INFO] Start training
2026-08-20 03:34:59,392 [INFO] Start training epoch 9, 60 iters per inner epoch.
2026-08-20 03:35:17,522 [INFO] Averaged stats: lr: 0.000010  loss: 0.003952
2026-08-20 03:35:17,620 [INFO] local gates: {"epoch": 9, "outer_gate": 0.1196, "refine_gate": 0.2692}
2026-08-20 03:35:17,621 [INFO] Evaluating on val.
Train: data epoch: [9]  [ 0/60]  eta: 0:01:11  lr: 0.000010  loss: 0.0041  time: 1.1959  data: 0.0001  max mem: 10267
Train: data epoch: [9]  [20/60]  eta: 0:00:13  lr: 0.000010  loss: 0.0052  time: 0.2876  data: 0.0000  max mem: 10267
Train: data epoch: [9]  [40/60]  eta: 0:00:06  lr: 0.000010  loss: 0.0032  time: 0.2878  data: 0.0000  max mem: 10267
Train: data epoch: [9]  [59/60]  eta: 0:00:00  lr: 0.000010  loss: 0.0032  time: 0.2853  data: 0.0000  max mem: 10267
Train: data epoch: [9] Total time: 0:00:18 (0.3021 s / it)
2026-08-20 03:35:21,619 [INFO] Qual: EPOCH[9] -> PLCC: 0.796819, SROCC: 0.779026, KROCC: 0.560038, LOSS: 0.003164
2026-08-20 03:35:21,619 [INFO] Align: EPOCH[9] -> PLCC: 0.574614, SROCC: 0.572259, KROCC: 0.397216, LOSS: 0.004490
2026-08-20 03:35:21,620 [INFO] Start training
2026-08-20 03:35:21,978 [INFO] Start training epoch 10, 60 iters per inner epoch.
2026-08-20 03:35:40,393 [INFO] Averaged stats: lr: 0.000010  loss: 0.003662
2026-08-20 03:35:40,493 [INFO] local gates: {"epoch": 10, "outer_gate": 0.1196, "refine_gate": 0.2693}
2026-08-20 03:35:40,494 [INFO] Evaluating on val.
Train: data epoch: [10]  [ 0/60]  eta: 0:01:25  lr: 0.000010  loss: 0.0036  time: 1.4210  data: 0.0001  max mem: 10267
Train: data epoch: [10]  [20/60]  eta: 0:00:13  lr: 0.000010  loss: 0.0035  time: 0.2877  data: 0.0000  max mem: 10267
Train: data epoch: [10]  [40/60]  eta: 0:00:06  lr: 0.000010  loss: 0.0053  time: 0.2888  data: 0.0000  max mem: 10267
Train: data epoch: [10]  [59/60]  eta: 0:00:00  lr: 0.000010  loss: 0.0037  time: 0.2874  data: 0.0000  max mem: 10267
Train: data epoch: [10] Total time: 0:00:18 (0.3069 s / it)
2026-08-20 03:35:44,517 [INFO] Qual: EPOCH[10] -> PLCC: 0.823104, SROCC: 0.793867, KROCC: 0.573939, LOSS: 0.003544
2026-08-20 03:35:44,517 [INFO] Align: EPOCH[10] -> PLCC: 0.567982, SROCC: 0.573635, KROCC: 0.396416, LOSS: 0.004988
2026-08-20 03:35:44,530 [INFO] Saving checkpoint at epoch 10 to ../run/20260820033_E3_aigciqa2023/checkpoint_latest.pth.
2026-08-20 03:35:45,763 [INFO] Start training
2026-08-20 03:35:46,075 [INFO] Start training epoch 11, 60 iters per inner epoch.
2026-08-20 03:36:03,994 [INFO] Averaged stats: lr: 0.000010  loss: 0.003296
2026-08-20 03:36:04,100 [INFO] local gates: {"epoch": 11, "outer_gate": 0.1197, "refine_gate": 0.2694}
2026-08-20 03:36:04,100 [INFO] Evaluating on val.
Train: data epoch: [11]  [ 0/60]  eta: 0:01:03  lr: 0.000010  loss: 0.0032  time: 1.0617  data: 0.0001  max mem: 10267
Train: data epoch: [11]  [20/60]  eta: 0:00:12  lr: 0.000010  loss: 0.0034  time: 0.2866  data: 0.0000  max mem: 10267
Train: data epoch: [11]  [40/60]  eta: 0:00:06  lr: 0.000010  loss: 0.0036  time: 0.2864  data: 0.0000  max mem: 10267
Train: data epoch: [11]  [59/60]  eta: 0:00:00  lr: 0.000010  loss: 0.0031  time: 0.2839  data: 0.0000  max mem: 10267
Train: data epoch: [11] Total time: 0:00:17 (0.2986 s / it)
2026-08-20 03:36:08,250 [INFO] Qual: EPOCH[11] -> PLCC: 0.807662, SROCC: 0.788995, KROCC: 0.572286, LOSS: 0.003118
2026-08-20 03:36:08,250 [INFO] Align: EPOCH[11] -> PLCC: 0.566866, SROCC: 0.572106, KROCC: 0.397286, LOSS: 0.005233
2026-08-20 03:36:08,251 [INFO] Start training
2026-08-20 03:36:08,590 [INFO] Start training epoch 12, 60 iters per inner epoch.
2026-08-20 03:36:27,000 [INFO] Averaged stats: lr: 0.000010  loss: 0.003419
2026-08-20 03:36:27,116 [INFO] local gates: {"epoch": 12, "outer_gate": 0.1197, "refine_gate": 0.2694}
2026-08-20 03:36:27,116 [INFO] Evaluating on val.
Train: data epoch: [12]  [ 0/60]  eta: 0:01:26  lr: 0.000010  loss: 0.0030  time: 1.4450  data: 0.0001  max mem: 10267
Train: data epoch: [12]  [20/60]  eta: 0:00:13  lr: 0.000010  loss: 0.0027  time: 0.2886  data: 0.0000  max mem: 10267
Train: data epoch: [12]  [40/60]  eta: 0:00:06  lr: 0.000010  loss: 0.0035  time: 0.2882  data: 0.0000  max mem: 10267
Train: data epoch: [12]  [59/60]  eta: 0:00:00  lr: 0.000010  loss: 0.0030  time: 0.2857  data: 0.0000  max mem: 10267
Train: data epoch: [12] Total time: 0:00:18 (0.3068 s / it)
2026-08-20 03:36:31,082 [INFO] Qual: EPOCH[12] -> PLCC: 0.821092, SROCC: 0.807176, KROCC: 0.592641, LOSS: 0.002724
2026-08-20 03:36:31,082 [INFO] Align: EPOCH[12] -> PLCC: 0.569033, SROCC: 0.581595, KROCC: 0.402627, LOSS: 0.004542
2026-08-20 03:36:31,095 [INFO] Saving checkpoint at epoch 12 to ../run/20260820033_E3_aigciqa2023/checkpoint_best.pth.
2026-08-20 03:36:33,316 [INFO] Start training
2026-08-20 03:36:33,667 [INFO] Start training epoch 13, 60 iters per inner epoch.
2026-08-20 03:36:52,066 [INFO] Averaged stats: lr: 0.000010  loss: 0.003097
2026-08-20 03:36:52,172 [INFO] local gates: {"epoch": 13, "outer_gate": 0.1198, "refine_gate": 0.2695}
2026-08-20 03:36:52,173 [INFO] Evaluating on val.
Train: data epoch: [13]  [ 0/60]  eta: 0:01:29  lr: 0.000010  loss: 0.0025  time: 1.4954  data: 0.0001  max mem: 10267
Train: data epoch: [13]  [20/60]  eta: 0:00:13  lr: 0.000010  loss: 0.0033  time: 0.2893  data: 0.0000  max mem: 10267
Train: data epoch: [13]  [40/60]  eta: 0:00:06  lr: 0.000010  loss: 0.0033  time: 0.2855  data: 0.0000  max mem: 10267
Train: data epoch: [13]  [59/60]  eta: 0:00:00  lr: 0.000010  loss: 0.0026  time: 0.2844  data: 0.0000  max mem: 10267
Train: data epoch: [13] Total time: 0:00:18 (0.3066 s / it)
2026-08-20 03:36:56,142 [INFO] Qual: EPOCH[13] -> PLCC: 0.822505, SROCC: 0.802615, KROCC: 0.586882, LOSS: 0.002726
2026-08-20 03:36:56,142 [INFO] Align: EPOCH[13] -> PLCC: 0.569826, SROCC: 0.570664, KROCC: 0.395720, LOSS: 0.004481
2026-08-20 03:36:56,142 [INFO] Start training
2026-08-20 03:36:56,493 [INFO] Start training epoch 14, 60 iters per inner epoch.
2026-08-20 03:37:14,650 [INFO] Averaged stats: lr: 0.000010  loss: 0.003006
2026-08-20 03:37:14,755 [INFO] local gates: {"epoch": 14, "outer_gate": 0.1198, "refine_gate": 0.2695}
2026-08-20 03:37:14,756 [INFO] Evaluating on val.
Train: data epoch: [14]  [ 0/60]  eta: 0:01:12  lr: 0.000010  loss: 0.0032  time: 1.2131  data: 0.0001  max mem: 10267
Train: data epoch: [14]  [20/60]  eta: 0:00:13  lr: 0.000010  loss: 0.0025  time: 0.2892  data: 0.0000  max mem: 10267
Train: data epoch: [14]  [40/60]  eta: 0:00:06  lr: 0.000010  loss: 0.0039  time: 0.2866  data: 0.0000  max mem: 10267
Train: data epoch: [14]  [59/60]  eta: 0:00:00  lr: 0.000010  loss: 0.0028  time: 0.2854  data: 0.0000  max mem: 10267
Train: data epoch: [14] Total time: 0:00:18 (0.3026 s / it)
2026-08-20 03:37:18,618 [INFO] Qual: EPOCH[14] -> PLCC: 0.821875, SROCC: 0.803635, KROCC: 0.585003, LOSS: 0.003050
2026-08-20 03:37:18,619 [INFO] Align: EPOCH[14] -> PLCC: 0.575449, SROCC: 0.573983, KROCC: 0.397443, LOSS: 0.004584
2026-08-20 03:37:18,620 [INFO] Start training
2026-08-20 03:37:18,976 [INFO] Start training epoch 15, 60 iters per inner epoch.
2026-08-20 03:37:37,471 [INFO] Averaged stats: lr: 0.000010  loss: 0.002742
2026-08-20 03:37:37,580 [INFO] local gates: {"epoch": 15, "outer_gate": 0.1199, "refine_gate": 0.2696}
2026-08-20 03:37:37,581 [INFO] Evaluating on val.
Train: data epoch: [15]  [ 0/60]  eta: 0:01:39  lr: 0.000010  loss: 0.0020  time: 1.6614  data: 0.0001  max mem: 10267
Train: data epoch: [15]  [20/60]  eta: 0:00:14  lr: 0.000010  loss: 0.0032  time: 0.2859  data: 0.0000  max mem: 10267
Train: data epoch: [15]  [40/60]  eta: 0:00:06  lr: 0.000010  loss: 0.0029  time: 0.2858  data: 0.0000  max mem: 10267
Train: data epoch: [15]  [59/60]  eta: 0:00:00  lr: 0.000010  loss: 0.0022  time: 0.2841  data: 0.0000  max mem: 10267
Train: data epoch: [15] Total time: 0:00:18 (0.3083 s / it)
2026-08-20 03:37:41,642 [INFO] Qual: EPOCH[15] -> PLCC: 0.825747, SROCC: 0.806998, KROCC: 0.590721, LOSS: 0.002642
2026-08-20 03:37:41,642 [INFO] Align: EPOCH[15] -> PLCC: 0.578938, SROCC: 0.579658, KROCC: 0.398573, LOSS: 0.004605
2026-08-20 03:37:41,652 [INFO] Saving checkpoint at epoch 15 to ../run/20260820033_E3_aigciqa2023/checkpoint_best.pth.
2026-08-20 03:37:43,689 [INFO] Start training
2026-08-20 03:37:44,069 [INFO] Start training epoch 16, 60 iters per inner epoch.
2026-08-20 03:38:02,435 [INFO] Averaged stats: lr: 0.000009  loss: 0.002785
2026-08-20 03:38:02,556 [INFO] local gates: {"epoch": 16, "outer_gate": 0.1199, "refine_gate": 0.2696}
2026-08-20 03:38:02,557 [INFO] Evaluating on val.
Train: data epoch: [16]  [ 0/60]  eta: 0:01:26  lr: 0.000009  loss: 0.0027  time: 1.4338  data: 0.0001  max mem: 10267
Train: data epoch: [16]  [20/60]  eta: 0:00:13  lr: 0.000009  loss: 0.0022  time: 0.2875  data: 0.0000  max mem: 10267
Train: data epoch: [16]  [40/60]  eta: 0:00:06  lr: 0.000009  loss: 0.0032  time: 0.2873  data: 0.0000  max mem: 10267
Train: data epoch: [16]  [59/60]  eta: 0:00:00  lr: 0.000009  loss: 0.0021  time: 0.2859  data: 0.0000  max mem: 10267
Train: data epoch: [16] Total time: 0:00:18 (0.3061 s / it)
2026-08-20 03:38:06,478 [INFO] Qual: EPOCH[16] -> PLCC: 0.828716, SROCC: 0.809246, KROCC: 0.594224, LOSS: 0.002642
2026-08-20 03:38:06,478 [INFO] Align: EPOCH[16] -> PLCC: 0.575095, SROCC: 0.583996, KROCC: 0.402088, LOSS: 0.004492
2026-08-20 03:38:06,488 [INFO] Saving checkpoint at epoch 16 to ../run/20260820033_E3_aigciqa2023/checkpoint_best.pth.
2026-08-20 03:38:08,489 [INFO] Start training
2026-08-20 03:38:08,831 [INFO] Start training epoch 17, 60 iters per inner epoch.
2026-08-20 03:38:26,803 [INFO] Averaged stats: lr: 0.000009  loss: 0.002543
2026-08-20 03:38:26,909 [INFO] local gates: {"epoch": 17, "outer_gate": 0.1199, "refine_gate": 0.2696}
2026-08-20 03:38:26,910 [INFO] Evaluating on val.
Train: data epoch: [17]  [ 0/60]  eta: 0:01:03  lr: 0.000009  loss: 0.0018  time: 1.0501  data: 0.0001  max mem: 10267
Train: data epoch: [17]  [20/60]  eta: 0:00:12  lr: 0.000009  loss: 0.0025  time: 0.2871  data: 0.0000  max mem: 10267
Train: data epoch: [17]  [40/60]  eta: 0:00:06  lr: 0.000009  loss: 0.0020  time: 0.2871  data: 0.0000  max mem: 10267
Train: data epoch: [17]  [59/60]  eta: 0:00:00  lr: 0.000009  loss: 0.0020  time: 0.2860  data: 0.0000  max mem: 10267
Train: data epoch: [17] Total time: 0:00:17 (0.2995 s / it)
2026-08-20 03:38:30,863 [INFO] Qual: EPOCH[17] -> PLCC: 0.827608, SROCC: 0.803327, KROCC: 0.586848, LOSS: 0.002744
2026-08-20 03:38:30,863 [INFO] Align: EPOCH[17] -> PLCC: 0.548880, SROCC: 0.562072, KROCC: 0.388135, LOSS: 0.005392
2026-08-20 03:38:30,863 [INFO] Start training
2026-08-20 03:38:31,176 [INFO] Start training epoch 18, 60 iters per inner epoch.
2026-08-20 03:38:49,628 [INFO] Averaged stats: lr: 0.000009  loss: 0.002556
2026-08-20 03:38:49,732 [INFO] local gates: {"epoch": 18, "outer_gate": 0.12, "refine_gate": 0.2697}
2026-08-20 03:38:49,732 [INFO] Evaluating on val.
Train: data epoch: [18]  [ 0/60]  eta: 0:01:27  lr: 0.000009  loss: 0.0030  time: 1.4602  data: 0.0001  max mem: 10267
Train: data epoch: [18]  [20/60]  eta: 0:00:13  lr: 0.000009  loss: 0.0016  time: 0.2892  data: 0.0000  max mem: 10267
Train: data epoch: [18]  [40/60]  eta: 0:00:06  lr: 0.000009  loss: 0.0020  time: 0.2874  data: 0.0000  max mem: 10267
Train: data epoch: [18]  [59/60]  eta: 0:00:00  lr: 0.000009  loss: 0.0031  time: 0.2871  data: 0.0000  max mem: 10267
Train: data epoch: [18] Total time: 0:00:18 (0.3075 s / it)
2026-08-20 03:38:53,628 [INFO] Qual: EPOCH[18] -> PLCC: 0.837128, SROCC: 0.813335, KROCC: 0.597234, LOSS: 0.004623
2026-08-20 03:38:53,628 [INFO] Align: EPOCH[18] -> PLCC: 0.591423, SROCC: 0.597547, KROCC: 0.412248, LOSS: 0.005758
2026-08-20 03:38:53,641 [INFO] Saving checkpoint at epoch 18 to ../run/20260820033_E3_aigciqa2023/checkpoint_best.pth.
2026-08-20 03:38:55,022 [INFO] Start training
2026-08-20 03:38:55,341 [INFO] Start training epoch 19, 60 iters per inner epoch.
2026-08-20 03:39:13,481 [INFO] Averaged stats: lr: 0.000009  loss: 0.002328
2026-08-20 03:39:13,585 [INFO] local gates: {"epoch": 19, "outer_gate": 0.12, "refine_gate": 0.2697}
2026-08-20 03:39:13,585 [INFO] Evaluating on val.
Train: data epoch: [19]  [ 0/60]  eta: 0:01:10  lr: 0.000009  loss: 0.0034  time: 1.1754  data: 0.0001  max mem: 10267
Train: data epoch: [19]  [20/60]  eta: 0:00:13  lr: 0.000009  loss: 0.0028  time: 0.2875  data: 0.0000  max mem: 10267
Train: data epoch: [19]  [40/60]  eta: 0:00:06  lr: 0.000009  loss: 0.0020  time: 0.2885  data: 0.0000  max mem: 10267
Train: data epoch: [19]  [59/60]  eta: 0:00:00  lr: 0.000009  loss: 0.0031  time: 0.2863  data: 0.0000  max mem: 10267
Train: data epoch: [19] Total time: 0:00:18 (0.3023 s / it)
2026-08-20 03:39:17,502 [INFO] Qual: EPOCH[19] -> PLCC: 0.823317, SROCC: 0.804680, KROCC: 0.587457, LOSS: 0.002749
2026-08-20 03:39:17,503 [INFO] Align: EPOCH[19] -> PLCC: 0.563971, SROCC: 0.568211, KROCC: 0.393511, LOSS: 0.005244
2026-08-20 03:39:17,503 [INFO] Start training
2026-08-20 03:39:17,920 [INFO] Start training epoch 20, 60 iters per inner epoch.
2026-08-20 03:39:36,002 [INFO] Averaged stats: lr: 0.000009  loss: 0.002319
2026-08-20 03:39:36,122 [INFO] local gates: {"epoch": 20, "outer_gate": 0.12, "refine_gate": 0.2697}
2026-08-20 03:39:36,123 [INFO] Evaluating on val.
Train: data epoch: [20]  [ 0/60]  eta: 0:01:06  lr: 0.000009  loss: 0.0028  time: 1.1122  data: 0.0001  max mem: 10267
Train: data epoch: [20]  [20/60]  eta: 0:00:13  lr: 0.000009  loss: 0.0022  time: 0.2879  data: 0.0000  max mem: 10267
Train: data epoch: [20]  [40/60]  eta: 0:00:06  lr: 0.000009  loss: 0.0027  time: 0.2878  data: 0.0000  max mem: 10267
Train: data epoch: [20]  [59/60]  eta: 0:00:00  lr: 0.000009  loss: 0.0026  time: 0.2870  data: 0.0000  max mem: 10267
Train: data epoch: [20] Total time: 0:00:18 (0.3014 s / it)
2026-08-20 03:39:40,175 [INFO] Qual: EPOCH[20] -> PLCC: 0.829903, SROCC: 0.808744, KROCC: 0.592658, LOSS: 0.002756
2026-08-20 03:39:40,175 [INFO] Align: EPOCH[20] -> PLCC: 0.588029, SROCC: 0.597966, KROCC: 0.413379, LOSS: 0.004713
2026-08-20 03:39:40,188 [INFO] Saving checkpoint at epoch 20 to ../run/20260820033_E3_aigciqa2023/checkpoint_latest.pth.
2026-08-20 03:39:42,252 [INFO] Start training
2026-08-20 03:39:42,626 [INFO] Start training epoch 21, 60 iters per inner epoch.
2026-08-20 03:40:00,706 [INFO] Averaged stats: lr: 0.000009  loss: 0.002251
2026-08-20 03:40:00,813 [INFO] local gates: {"epoch": 21, "outer_gate": 0.1201, "refine_gate": 0.2697}
2026-08-20 03:40:00,813 [INFO] Evaluating on val.
Train: data epoch: [21]  [ 0/60]  eta: 0:01:13  lr: 0.000009  loss: 0.0014  time: 1.2253  data: 0.0001  max mem: 10267
Train: data epoch: [21]  [20/60]  eta: 0:00:13  lr: 0.000009  loss: 0.0017  time: 0.2866  data: 0.0000  max mem: 10267
Train: data epoch: [21]  [40/60]  eta: 0:00:06  lr: 0.000009  loss: 0.0025  time: 0.2862  data: 0.0000  max mem: 10267
Train: data epoch: [21]  [59/60]  eta: 0:00:00  lr: 0.000009  loss: 0.0014  time: 0.2840  data: 0.0000  max mem: 10267
Train: data epoch: [21] Total time: 0:00:18 (0.3013 s / it)
2026-08-20 03:40:04,628 [INFO] Qual: EPOCH[21] -> PLCC: 0.823113, SROCC: 0.800674, KROCC: 0.582342, LOSS: 0.003976
2026-08-20 03:40:04,628 [INFO] Align: EPOCH[21] -> PLCC: 0.607028, SROCC: 0.608787, KROCC: 0.424130, LOSS: 0.004878
2026-08-20 03:40:04,629 [INFO] Start training
2026-08-20 03:40:04,947 [INFO] Start training epoch 22, 60 iters per inner epoch.
2026-08-20 03:40:23,156 [INFO] Averaged stats: lr: 0.000009  loss: 0.001996
2026-08-20 03:40:23,264 [INFO] local gates: {"epoch": 22, "outer_gate": 0.1201, "refine_gate": 0.2697}
2026-08-20 03:40:23,264 [INFO] Evaluating on val.
Train: data epoch: [22]  [ 0/60]  eta: 0:00:58  lr: 0.000009  loss: 0.0023  time: 0.9753  data: 0.0001  max mem: 10267
Train: data epoch: [22]  [20/60]  eta: 0:00:13  lr: 0.000009  loss: 0.0021  time: 0.2996  data: 0.0000  max mem: 10267
Train: data epoch: [22]  [40/60]  eta: 0:00:06  lr: 0.000009  loss: 0.0021  time: 0.2892  data: 0.0000  max mem: 10267
Train: data epoch: [22]  [59/60]  eta: 0:00:00  lr: 0.000009  loss: 0.0031  time: 0.2869  data: 0.0000  max mem: 10267
Train: data epoch: [22] Total time: 0:00:18 (0.3035 s / it)
2026-08-20 03:40:27,279 [INFO] Qual: EPOCH[22] -> PLCC: 0.841039, SROCC: 0.820658, KROCC: 0.605932, LOSS: 0.002422
2026-08-20 03:40:27,279 [INFO] Align: EPOCH[22] -> PLCC: 0.586399, SROCC: 0.594832, KROCC: 0.409569, LOSS: 0.004395
2026-08-20 03:40:27,292 [INFO] Saving checkpoint at epoch 22 to ../run/20260820033_E3_aigciqa2023/checkpoint_best.pth.
2026-08-20 03:40:29,473 [INFO] Start training
2026-08-20 03:40:29,847 [INFO] Start training epoch 23, 60 iters per inner epoch.
2026-08-20 03:40:48,221 [INFO] Averaged stats: lr: 0.000009  loss: 0.002053
2026-08-20 03:40:48,325 [INFO] local gates: {"epoch": 23, "outer_gate": 0.1201, "refine_gate": 0.2697}
2026-08-20 03:40:48,325 [INFO] Evaluating on val.
Train: data epoch: [23]  [ 0/60]  eta: 0:01:30  lr: 0.000009  loss: 0.0016  time: 1.5073  data: 0.0001  max mem: 10267
Train: data epoch: [23]  [20/60]  eta: 0:00:13  lr: 0.000009  loss: 0.0024  time: 0.2850  data: 0.0000  max mem: 10267
Train: data epoch: [23]  [40/60]  eta: 0:00:06  lr: 0.000009  loss: 0.0019  time: 0.2873  data: 0.0000  max mem: 10267
Train: data epoch: [23]  [59/60]  eta: 0:00:00  lr: 0.000009  loss: 0.0021  time: 0.2851  data: 0.0000  max mem: 10267
Train: data epoch: [23] Total time: 0:00:18 (0.3062 s / it)
2026-08-20 03:40:52,018 [INFO] Qual: EPOCH[23] -> PLCC: 0.831850, SROCC: 0.817601, KROCC: 0.604036, LOSS: 0.002557
2026-08-20 03:40:52,019 [INFO] Align: EPOCH[23] -> PLCC: 0.586614, SROCC: 0.595495, KROCC: 0.413187, LOSS: 0.004420
2026-08-20 03:40:52,020 [INFO] Start training
2026-08-20 03:40:52,351 [INFO] Start training epoch 24, 60 iters per inner epoch.
2026-08-20 03:41:10,917 [INFO] Averaged stats: lr: 0.000009  loss: 0.001958
2026-08-20 03:41:11,032 [INFO] local gates: {"epoch": 24, "outer_gate": 0.1202, "refine_gate": 0.2698}
2026-08-20 03:41:11,033 [INFO] Evaluating on val.
Train: data epoch: [24]  [ 0/60]  eta: 0:01:34  lr: 0.000009  loss: 0.0020  time: 1.5828  data: 0.0001  max mem: 10267
Train: data epoch: [24]  [20/60]  eta: 0:00:13  lr: 0.000009  loss: 0.0023  time: 0.2883  data: 0.0000  max mem: 10267
Train: data epoch: [24]  [40/60]  eta: 0:00:06  lr: 0.000009  loss: 0.0015  time: 0.2877  data: 0.0000  max mem: 10267
Train: data epoch: [24]  [59/60]  eta: 0:00:00  lr: 0.000009  loss: 0.0024  time: 0.2873  data: 0.0000  max mem: 10267
Train: data epoch: [24] Total time: 0:00:18 (0.3094 s / it)
2026-08-20 03:41:15,299 [INFO] Qual: EPOCH[24] -> PLCC: 0.837047, SROCC: 0.819077, KROCC: 0.604558, LOSS: 0.002500
2026-08-20 03:41:15,299 [INFO] Align: EPOCH[24] -> PLCC: 0.590697, SROCC: 0.605229, KROCC: 0.417745, LOSS: 0.004397
2026-08-20 03:41:15,300 [INFO] Start training
2026-08-20 03:41:15,625 [INFO] Start training epoch 25, 60 iters per inner epoch.
2026-08-20 03:41:33,766 [INFO] Averaged stats: lr: 0.000009  loss: 0.001930
2026-08-20 03:41:33,876 [INFO] local gates: {"epoch": 25, "outer_gate": 0.1202, "refine_gate": 0.2698}
2026-08-20 03:41:33,876 [INFO] Evaluating on val.
Train: data epoch: [25]  [ 0/60]  eta: 0:01:10  lr: 0.000009  loss: 0.0031  time: 1.1708  data: 0.0001  max mem: 10267
Train: data epoch: [25]  [20/60]  eta: 0:00:13  lr: 0.000009  loss: 0.0016  time: 0.2941  data: 0.0000  max mem: 10267
Train: data epoch: [25]  [40/60]  eta: 0:00:06  lr: 0.000009  loss: 0.0013  time: 0.2847  data: 0.0000  max mem: 10267
Train: data epoch: [25]  [59/60]  eta: 0:00:00  lr: 0.000009  loss: 0.0023  time: 0.2837  data: 0.0000  max mem: 10267
Train: data epoch: [25] Total time: 0:00:18 (0.3023 s / it)
2026-08-20 03:41:37,727 [INFO] Qual: EPOCH[25] -> PLCC: 0.842473, SROCC: 0.827034, KROCC: 0.614405, LOSS: 0.002376
2026-08-20 03:41:37,728 [INFO] Align: EPOCH[25] -> PLCC: 0.615598, SROCC: 0.632876, KROCC: 0.440936, LOSS: 0.004312
2026-08-20 03:41:37,738 [INFO] Saving checkpoint at epoch 25 to ../run/20260820033_E3_aigciqa2023/checkpoint_best.pth.
2026-08-20 03:41:39,768 [INFO] Start training
2026-08-20 03:41:40,141 [INFO] Start training epoch 26, 60 iters per inner epoch.
2026-08-20 03:41:58,444 [INFO] Averaged stats: lr: 0.000009  loss: 0.001687
2026-08-20 03:41:58,572 [INFO] local gates: {"epoch": 26, "outer_gate": 0.1202, "refine_gate": 0.2698}
2026-08-20 03:41:58,573 [INFO] Evaluating on val.
Train: data epoch: [26]  [ 0/60]  eta: 0:01:25  lr: 0.000009  loss: 0.0015  time: 1.4332  data: 0.0001  max mem: 10267
Train: data epoch: [26]  [20/60]  eta: 0:00:13  lr: 0.000009  loss: 0.0016  time: 0.2860  data: 0.0000  max mem: 10267
Train: data epoch: [26]  [40/60]  eta: 0:00:06  lr: 0.000009  loss: 0.0019  time: 0.2858  data: 0.0000  max mem: 10267
Train: data epoch: [26]  [59/60]  eta: 0:00:00  lr: 0.000009  loss: 0.0014  time: 0.2858  data: 0.0000  max mem: 10267
Train: data epoch: [26] Total time: 0:00:18 (0.3050 s / it)
2026-08-20 03:42:02,648 [INFO] Qual: EPOCH[26] -> PLCC: 0.843871, SROCC: 0.824957, KROCC: 0.611691, LOSS: 0.002426
2026-08-20 03:42:02,648 [INFO] Align: EPOCH[26] -> PLCC: 0.569694, SROCC: 0.579360, KROCC: 0.400365, LOSS: 0.004676
2026-08-20 03:42:02,649 [INFO] Start training
2026-08-20 03:42:03,006 [INFO] Start training epoch 27, 60 iters per inner epoch.
2026-08-20 03:42:21,267 [INFO] Averaged stats: lr: 0.000008  loss: 0.001585
2026-08-20 03:42:21,372 [INFO] local gates: {"epoch": 27, "outer_gate": 0.1202, "refine_gate": 0.2698}
2026-08-20 03:42:21,373 [INFO] Evaluating on val.
Train: data epoch: [27]  [ 0/60]  eta: 0:01:06  lr: 0.000008  loss: 0.0011  time: 1.1149  data: 0.0001  max mem: 10267
Train: data epoch: [27]  [20/60]  eta: 0:00:13  lr: 0.000008  loss: 0.0013  time: 0.2960  data: 0.0000  max mem: 10267
Train: data epoch: [27]  [40/60]  eta: 0:00:06  lr: 0.000008  loss: 0.0017  time: 0.2892  data: 0.0000  max mem: 10267
Train: data epoch: [27]  [59/60]  eta: 0:00:00  lr: 0.000008  loss: 0.0013  time: 0.2862  data: 0.0000  max mem: 10267
Train: data epoch: [27] Total time: 0:00:18 (0.3043 s / it)
2026-08-20 03:42:25,412 [INFO] Qual: EPOCH[27] -> PLCC: 0.842586, SROCC: 0.822976, KROCC: 0.610247, LOSS: 0.002363
2026-08-20 03:42:25,412 [INFO] Align: EPOCH[27] -> PLCC: 0.619616, SROCC: 0.628646, KROCC: 0.436430, LOSS: 0.004323
2026-08-20 03:42:25,413 [INFO] Start training
2026-08-20 03:42:25,765 [INFO] Start training epoch 28, 60 iters per inner epoch.
2026-08-20 03:42:43,989 [INFO] Averaged stats: lr: 0.000008  loss: 0.001625
2026-08-20 03:42:44,117 [INFO] local gates: {"epoch": 28, "outer_gate": 0.1202, "refine_gate": 0.2698}
2026-08-20 03:42:44,118 [INFO] Evaluating on val.
Train: data epoch: [28]  [ 0/60]  eta: 0:01:20  lr: 0.000008  loss: 0.0023  time: 1.3415  data: 0.0001  max mem: 10267
Train: data epoch: [28]  [20/60]  eta: 0:00:13  lr: 0.000008  loss: 0.0020  time: 0.2874  data: 0.0000  max mem: 10267
Train: data epoch: [28]  [40/60]  eta: 0:00:06  lr: 0.000008  loss: 0.0015  time: 0.2863  data: 0.0000  max mem: 10267
Train: data epoch: [28]  [59/60]  eta: 0:00:00  lr: 0.000008  loss: 0.0015  time: 0.2844  data: 0.0000  max mem: 10267
Train: data epoch: [28] Total time: 0:00:18 (0.3037 s / it)
2026-08-20 03:42:48,123 [INFO] Qual: EPOCH[28] -> PLCC: 0.834608, SROCC: 0.815520, KROCC: 0.601688, LOSS: 0.002557
2026-08-20 03:42:48,123 [INFO] Align: EPOCH[28] -> PLCC: 0.586672, SROCC: 0.595595, KROCC: 0.415414, LOSS: 0.004620
2026-08-20 03:42:48,124 [INFO] Start training
2026-08-20 03:42:48,471 [INFO] Start training epoch 29, 60 iters per inner epoch.
2026-08-20 03:43:06,819 [INFO] Averaged stats: lr: 0.000008  loss: 0.001681
2026-08-20 03:43:06,924 [INFO] local gates: {"epoch": 29, "outer_gate": 0.1202, "refine_gate": 0.2698}
2026-08-20 03:43:06,925 [INFO] Evaluating on val.
Train: data epoch: [29]  [ 0/60]  eta: 0:01:22  lr: 0.000008  loss: 0.0013  time: 1.3690  data: 0.0001  max mem: 10267
Train: data epoch: [29]  [20/60]  eta: 0:00:13  lr: 0.000008  loss: 0.0013  time: 0.2887  data: 0.0000  max mem: 10267
Train: data epoch: [29]  [40/60]  eta: 0:00:06  lr: 0.000008  loss: 0.0017  time: 0.2875  data: 0.0000  max mem: 10267
Train: data epoch: [29]  [59/60]  eta: 0:00:00  lr: 0.000008  loss: 0.0012  time: 0.2868  data: 0.0000  max mem: 10267
Train: data epoch: [29] Total time: 0:00:18 (0.3058 s / it)
2026-08-20 03:43:10,931 [INFO] Qual: EPOCH[29] -> PLCC: 0.828795, SROCC: 0.806372, KROCC: 0.591127, LOSS: 0.002557
2026-08-20 03:43:10,931 [INFO] Align: EPOCH[29] -> PLCC: 0.553291, SROCC: 0.565548, KROCC: 0.385978, LOSS: 0.004908
2026-08-20 03:43:10,932 [INFO] Start training
2026-08-20 03:43:11,283 [INFO] Start training epoch 30, 60 iters per inner epoch.
2026-08-20 03:43:29,478 [INFO] Averaged stats: lr: 0.000008  loss: 0.001751
2026-08-20 03:43:29,592 [INFO] local gates: {"epoch": 30, "outer_gate": 0.1203, "refine_gate": 0.2698}
2026-08-20 03:43:29,593 [INFO] Evaluating on val.
Train: data epoch: [30]  [ 0/60]  eta: 0:01:19  lr: 0.000008  loss: 0.0013  time: 1.3204  data: 0.0001  max mem: 10267
Train: data epoch: [30]  [20/60]  eta: 0:00:13  lr: 0.000008  loss: 0.0036  time: 0.2867  data: 0.0000  max mem: 10267
Train: data epoch: [30]  [40/60]  eta: 0:00:06  lr: 0.000008  loss: 0.0022  time: 0.2861  data: 0.0000  max mem: 10267
Train: data epoch: [30]  [59/60]  eta: 0:00:00  lr: 0.000008  loss: 0.0015  time: 0.2850  data: 0.0000  max mem: 10267
Train: data epoch: [30] Total time: 0:00:18 (0.3032 s / it)
2026-08-20 03:43:33,476 [INFO] Qual: EPOCH[30] -> PLCC: 0.832168, SROCC: 0.811619, KROCC: 0.595981, LOSS: 0.002629
2026-08-20 03:43:33,476 [INFO] Align: EPOCH[30] -> PLCC: 0.582701, SROCC: 0.598591, KROCC: 0.411691, LOSS: 0.004566
2026-08-20 03:43:33,487 [INFO] Saving checkpoint at epoch 30 to ../run/20260820033_E3_aigciqa2023/checkpoint_latest.pth.
2026-08-20 03:43:35,464 [INFO] Start training
2026-08-20 03:43:35,833 [INFO] Start training epoch 31, 60 iters per inner epoch.
2026-08-20 03:43:54,165 [INFO] Averaged stats: lr: 0.000008  loss: 0.001644
2026-08-20 03:43:54,285 [INFO] local gates: {"epoch": 31, "outer_gate": 0.1203, "refine_gate": 0.2698}
2026-08-20 03:43:54,286 [INFO] Evaluating on val.
Train: data epoch: [31]  [ 0/60]  eta: 0:01:25  lr: 0.000008  loss: 0.0022  time: 1.4222  data: 0.0001  max mem: 10267
Train: data epoch: [31]  [20/60]  eta: 0:00:13  lr: 0.000008  loss: 0.0014  time: 0.2864  data: 0.0000  max mem: 10267
Train: data epoch: [31]  [40/60]  eta: 0:00:06  lr: 0.000008  loss: 0.0026  time: 0.2872  data: 0.0000  max mem: 10267
Train: data epoch: [31]  [59/60]  eta: 0:00:00  lr: 0.000008  loss: 0.0014  time: 0.2860  data: 0.0000  max mem: 10267
Train: data epoch: [31] Total time: 0:00:18 (0.3055 s / it)
2026-08-20 03:43:58,219 [INFO] Qual: EPOCH[31] -> PLCC: 0.837923, SROCC: 0.821077, KROCC: 0.607916, LOSS: 0.002867
2026-08-20 03:43:58,219 [INFO] Align: EPOCH[31] -> PLCC: 0.581770, SROCC: 0.595177, KROCC: 0.414353, LOSS: 0.005452
2026-08-20 03:43:58,220 [INFO] Start training
2026-08-20 03:43:58,568 [INFO] Start training epoch 32, 60 iters per inner epoch.
2026-08-20 03:44:17,005 [INFO] Averaged stats: lr: 0.000008  loss: 0.001460
2026-08-20 03:44:17,114 [INFO] local gates: {"epoch": 32, "outer_gate": 0.1203, "refine_gate": 0.2698}
2026-08-20 03:44:17,114 [INFO] Evaluating on val.
Train: data epoch: [32]  [ 0/60]  eta: 0:01:28  lr: 0.000008  loss: 0.0013  time: 1.4787  data: 0.0001  max mem: 10267
Train: data epoch: [32]  [20/60]  eta: 0:00:13  lr: 0.000008  loss: 0.0011  time: 0.2882  data: 0.0000  max mem: 10267
Train: data epoch: [32]  [40/60]  eta: 0:00:06  lr: 0.000008  loss: 0.0011  time: 0.2873  data: 0.0000  max mem: 10267
Train: data epoch: [32]  [59/60]  eta: 0:00:00  lr: 0.000008  loss: 0.0019  time: 0.2866  data: 0.0000  max mem: 10267
Train: data epoch: [32] Total time: 0:00:18 (0.3073 s / it)
2026-08-20 03:44:20,971 [INFO] Qual: EPOCH[32] -> PLCC: 0.834648, SROCC: 0.809085, KROCC: 0.593180, LOSS: 0.002476
2026-08-20 03:44:20,971 [INFO] Align: EPOCH[32] -> PLCC: 0.593821, SROCC: 0.609593, KROCC: 0.419990, LOSS: 0.005108
2026-08-20 03:44:20,972 [INFO] Start training
2026-08-20 03:44:21,296 [INFO] Start training epoch 33, 60 iters per inner epoch.
2026-08-20 03:44:39,489 [INFO] Averaged stats: lr: 0.000008  loss: 0.001602
2026-08-20 03:44:39,579 [INFO] local gates: {"epoch": 33, "outer_gate": 0.1203, "refine_gate": 0.2698}
2026-08-20 03:44:39,580 [INFO] Evaluating on val.
Train: data epoch: [33]  [ 0/60]  eta: 0:01:15  lr: 0.000008  loss: 0.0014  time: 1.2633  data: 0.0001  max mem: 10267
Train: data epoch: [33]  [20/60]  eta: 0:00:13  lr: 0.000008  loss: 0.0015  time: 0.2876  data: 0.0000  max mem: 10267
Train: data epoch: [33]  [40/60]  eta: 0:00:06  lr: 0.000008  loss: 0.0018  time: 0.2870  data: 0.0000  max mem: 10267
Train: data epoch: [33]  [59/60]  eta: 0:00:00  lr: 0.000008  loss: 0.0012  time: 0.2859  data: 0.0000  max mem: 10267
Train: data epoch: [33] Total time: 0:00:18 (0.3032 s / it)
2026-08-20 03:44:43,416 [INFO] Qual: EPOCH[33] -> PLCC: 0.829590, SROCC: 0.805573, KROCC: 0.589701, LOSS: 0.002671
2026-08-20 03:44:43,417 [INFO] Align: EPOCH[33] -> PLCC: 0.567812, SROCC: 0.584610, KROCC: 0.400852, LOSS: 0.005005
2026-08-20 03:44:43,418 [INFO] Start training
2026-08-20 03:44:43,772 [INFO] Start training epoch 34, 60 iters per inner epoch.
2026-08-20 03:45:02,004 [INFO] Averaged stats: lr: 0.000008  loss: 0.001383
2026-08-20 03:45:02,115 [INFO] local gates: {"epoch": 34, "outer_gate": 0.1203, "refine_gate": 0.2699}
2026-08-20 03:45:02,116 [INFO] Evaluating on val.
Train: data epoch: [34]  [ 0/60]  eta: 0:01:21  lr: 0.000008  loss: 0.0013  time: 1.3647  data: 0.0001  max mem: 10267
Train: data epoch: [34]  [20/60]  eta: 0:00:13  lr: 0.000008  loss: 0.0015  time: 0.2863  data: 0.0000  max mem: 10267
Train: data epoch: [34]  [40/60]  eta: 0:00:06  lr: 0.000008  loss: 0.0011  time: 0.2862  data: 0.0000  max mem: 10267
Train: data epoch: [34]  [59/60]  eta: 0:00:00  lr: 0.000008  loss: 0.0011  time: 0.2849  data: 0.0000  max mem: 10267
Train: data epoch: [34] Total time: 0:00:18 (0.3039 s / it)
2026-08-20 03:45:05,963 [INFO] Qual: EPOCH[34] -> PLCC: 0.834883, SROCC: 0.814236, KROCC: 0.600992, LOSS: 0.002491
2026-08-20 03:45:05,963 [INFO] Align: EPOCH[34] -> PLCC: 0.575351, SROCC: 0.588321, KROCC: 0.403601, LOSS: 0.004509
2026-08-20 03:45:05,964 [INFO] Start training
2026-08-20 03:45:06,288 [INFO] Start training epoch 35, 60 iters per inner epoch.
2026-08-20 03:45:24,495 [INFO] Averaged stats: lr: 0.000008  loss: 0.001386
2026-08-20 03:45:24,598 [INFO] local gates: {"epoch": 35, "outer_gate": 0.1203, "refine_gate": 0.2699}
2026-08-20 03:45:24,599 [INFO] Evaluating on val.
Train: data epoch: [35]  [ 0/60]  eta: 0:01:21  lr: 0.000008  loss: 0.0013  time: 1.3601  data: 0.0001  max mem: 10267
Train: data epoch: [35]  [20/60]  eta: 0:00:13  lr: 0.000008  loss: 0.0014  time: 0.2862  data: 0.0000  max mem: 10267
Train: data epoch: [35]  [40/60]  eta: 0:00:06  lr: 0.000008  loss: 0.0011  time: 0.2854  data: 0.0000  max mem: 10267
Train: data epoch: [35]  [59/60]  eta: 0:00:00  lr: 0.000008  loss: 0.0011  time: 0.2848  data: 0.0000  max mem: 10267
Train: data epoch: [35] Total time: 0:00:18 (0.3034 s / it)
2026-08-20 03:45:28,570 [INFO] Qual: EPOCH[35] -> PLCC: 0.839882, SROCC: 0.814377, KROCC: 0.600052, LOSS: 0.002562
2026-08-20 03:45:28,570 [INFO] Align: EPOCH[35] -> PLCC: 0.590474, SROCC: 0.595961, KROCC: 0.411378, LOSS: 0.004397
2026-08-20 03:45:28,580 [INFO] Saving checkpoint at epoch 35 to ../run/20260820033_E3_aigciqa2023/checkpoint_latest.pth.
2026-08-20 03:45:29,986 [INFO] Start training
2026-08-20 03:45:30,300 [INFO] Start training epoch 36, 60 iters per inner epoch.
2026-08-20 03:45:48,126 [INFO] Averaged stats: lr: 0.000007  loss: 0.001285
2026-08-20 03:45:48,237 [INFO] local gates: {"epoch": 36, "outer_gate": 0.1203, "refine_gate": 0.2699}
2026-08-20 03:45:48,237 [INFO] Evaluating on val.
Train: data epoch: [36]  [ 0/60]  eta: 0:01:00  lr: 0.000007  loss: 0.0013  time: 1.0070  data: 0.0001  max mem: 10267
Train: data epoch: [36]  [20/60]  eta: 0:00:12  lr: 0.000007  loss: 0.0010  time: 0.2853  data: 0.0000  max mem: 10267
Train: data epoch: [36]  [40/60]  eta: 0:00:06  lr: 0.000007  loss: 0.0010  time: 0.2854  data: 0.0000  max mem: 10267
Train: data epoch: [36]  [59/60]  eta: 0:00:00  lr: 0.000007  loss: 0.0017  time: 0.2843  data: 0.0000  max mem: 10267
Train: data epoch: [36] Total time: 0:00:17 (0.2971 s / it)
2026-08-20 03:45:52,199 [INFO] Qual: EPOCH[36] -> PLCC: 0.838839, SROCC: 0.817403, KROCC: 0.604454, LOSS: 0.002443
2026-08-20 03:45:52,199 [INFO] Align: EPOCH[36] -> PLCC: 0.592381, SROCC: 0.608495, KROCC: 0.421416, LOSS: 0.004392
2026-08-20 03:45:52,200 [INFO] Start training
2026-08-20 03:45:52,555 [INFO] Start training epoch 37, 60 iters per inner epoch.
2026-08-20 03:46:10,796 [INFO] Averaged stats: lr: 0.000007  loss: 0.001309
2026-08-20 03:46:10,921 [INFO] local gates: {"epoch": 37, "outer_gate": 0.1203, "refine_gate": 0.2699}
2026-08-20 03:46:10,922 [INFO] Evaluating on val.
Train: data epoch: [37]  [ 0/60]  eta: 0:01:15  lr: 0.000007  loss: 0.0016  time: 1.2546  data: 0.0001  max mem: 10267
Train: data epoch: [37]  [20/60]  eta: 0:00:13  lr: 0.000007  loss: 0.0016  time: 0.2886  data: 0.0000  max mem: 10267
Train: data epoch: [37]  [40/60]  eta: 0:00:06  lr: 0.000007  loss: 0.0010  time: 0.2879  data: 0.0000  max mem: 10267
Train: data epoch: [37]  [59/60]  eta: 0:00:00  lr: 0.000007  loss: 0.0010  time: 0.2870  data: 0.0000  max mem: 10267
Train: data epoch: [37] Total time: 0:00:18 (0.3040 s / it)
2026-08-20 03:46:14,960 [INFO] Qual: EPOCH[37] -> PLCC: 0.843844, SROCC: 0.815494, KROCC: 0.601792, LOSS: 0.002373
2026-08-20 03:46:14,960 [INFO] Align: EPOCH[37] -> PLCC: 0.595421, SROCC: 0.610892, KROCC: 0.423225, LOSS: 0.004278
2026-08-20 03:46:14,961 [INFO] Start training
2026-08-20 03:46:15,340 [INFO] Start training epoch 38, 60 iters per inner epoch.
2026-08-20 03:46:33,856 [INFO] Averaged stats: lr: 0.000007  loss: 0.001255
2026-08-20 03:46:33,960 [INFO] local gates: {"epoch": 38, "outer_gate": 0.1203, "refine_gate": 0.2699}
2026-08-20 03:46:33,961 [INFO] Evaluating on val.
Train: data epoch: [38]  [ 0/60]  eta: 0:01:37  lr: 0.000007  loss: 0.0009  time: 1.6195  data: 0.0001  max mem: 10267
Train: data epoch: [38]  [20/60]  eta: 0:00:14  lr: 0.000007  loss: 0.0011  time: 0.2867  data: 0.0000  max mem: 10267
Train: data epoch: [38]  [40/60]  eta: 0:00:06  lr: 0.000007  loss: 0.0019  time: 0.2870  data: 0.0000  max mem: 10267
Train: data epoch: [38]  [59/60]  eta: 0:00:00  lr: 0.000007  loss: 0.0012  time: 0.2853  data: 0.0000  max mem: 10267
Train: data epoch: [38] Total time: 0:00:18 (0.3086 s / it)
2026-08-20 03:46:37,724 [INFO] Qual: EPOCH[38] -> PLCC: 0.837208, SROCC: 0.811556, KROCC: 0.597912, LOSS: 0.002454
2026-08-20 03:46:37,724 [INFO] Align: EPOCH[38] -> PLCC: 0.573644, SROCC: 0.592405, KROCC: 0.406611, LOSS: 0.004497
2026-08-20 03:46:37,725 [INFO] Start training
2026-08-20 03:46:38,050 [INFO] Start training epoch 39, 60 iters per inner epoch.
2026-08-20 03:46:55,932 [INFO] Averaged stats: lr: 0.000007  loss: 0.001332
2026-08-20 03:46:56,034 [INFO] local gates: {"epoch": 39, "outer_gate": 0.1203, "refine_gate": 0.2699}
2026-08-20 03:46:56,034 [INFO] Evaluating on val.
Train: data epoch: [39]  [ 0/60]  eta: 0:00:58  lr: 0.000007  loss: 0.0011  time: 0.9687  data: 0.0001  max mem: 10267
Train: data epoch: [39]  [20/60]  eta: 0:00:12  lr: 0.000007  loss: 0.0012  time: 0.2887  data: 0.0000  max mem: 10267
Train: data epoch: [39]  [40/60]  eta: 0:00:06  lr: 0.000007  loss: 0.0013  time: 0.2864  data: 0.0000  max mem: 10267
Train: data epoch: [39]  [59/60]  eta: 0:00:00  lr: 0.000007  loss: 0.0013  time: 0.2846  data: 0.0000  max mem: 10267
Train: data epoch: [39] Total time: 0:00:17 (0.2980 s / it)
2026-08-20 03:46:59,759 [INFO] Qual: EPOCH[39] -> PLCC: 0.835990, SROCC: 0.815887, KROCC: 0.600592, LOSS: 0.002477
2026-08-20 03:46:59,759 [INFO] Align: EPOCH[39] -> PLCC: 0.586891, SROCC: 0.598503, KROCC: 0.412839, LOSS: 0.004613
2026-08-20 03:46:59,760 [INFO] Start training
2026-08-20 03:47:00,088 [INFO] Start training epoch 40, 60 iters per inner epoch.
2026-08-20 03:47:18,509 [INFO] Averaged stats: lr: 0.000007  loss: 0.001320
2026-08-20 03:47:18,616 [INFO] local gates: {"epoch": 40, "outer_gate": 0.1204, "refine_gate": 0.2699}
2026-08-20 03:47:18,617 [INFO] Evaluating on val.
Train: data epoch: [40]  [ 0/60]  eta: 0:01:27  lr: 0.000007  loss: 0.0010  time: 1.4553  data: 0.0001  max mem: 10267
Train: data epoch: [40]  [20/60]  eta: 0:00:13  lr: 0.000007  loss: 0.0026  time: 0.2884  data: 0.0000  max mem: 10267
Train: data epoch: [40]  [40/60]  eta: 0:00:06  lr: 0.000007  loss: 0.0016  time: 0.2880  data: 0.0000  max mem: 10267
Train: data epoch: [40]  [59/60]  eta: 0:00:00  lr: 0.000007  loss: 0.0011  time: 0.2860  data: 0.0000  max mem: 10267
Train: data epoch: [40] Total time: 0:00:18 (0.3070 s / it)
2026-08-20 03:47:22,414 [INFO] Qual: EPOCH[40] -> PLCC: 0.843659, SROCC: 0.819313, KROCC: 0.604123, LOSS: 0.002448
2026-08-20 03:47:22,414 [INFO] Align: EPOCH[40] -> PLCC: 0.614816, SROCC: 0.626800, KROCC: 0.433768, LOSS: 0.004098
2026-08-20 03:47:22,427 [INFO] Saving checkpoint at epoch 40 to ../run/20260820033_E3_aigciqa2023/checkpoint_latest.pth.
2026-08-20 03:47:23,962 [INFO] Start training
2026-08-20 03:47:24,321 [INFO] Start training epoch 41, 60 iters per inner epoch.
2026-08-20 03:47:42,391 [INFO] Averaged stats: lr: 0.000007  loss: 0.001249
2026-08-20 03:47:42,508 [INFO] local gates: {"epoch": 41, "outer_gate": 0.1204, "refine_gate": 0.2699}
2026-08-20 03:47:42,509 [INFO] Evaluating on val.
Train: data epoch: [41]  [ 0/60]  eta: 0:01:10  lr: 0.000007  loss: 0.0010  time: 1.1710  data: 0.0001  max mem: 10267
Train: data epoch: [41]  [20/60]  eta: 0:00:13  lr: 0.000007  loss: 0.0011  time: 0.2857  data: 0.0000  max mem: 10267
Train: data epoch: [41]  [40/60]  eta: 0:00:06  lr: 0.000007  loss: 0.0020  time: 0.2874  data: 0.0000  max mem: 10267
Train: data epoch: [41]  [59/60]  eta: 0:00:00  lr: 0.000007  loss: 0.0010  time: 0.2860  data: 0.0000  max mem: 10267
Train: data epoch: [41] Total time: 0:00:18 (0.3012 s / it)
2026-08-20 03:47:46,407 [INFO] Qual: EPOCH[41] -> PLCC: 0.839289, SROCC: 0.820385, KROCC: 0.606924, LOSS: 0.002446
2026-08-20 03:47:46,407 [INFO] Align: EPOCH[41] -> PLCC: 0.604147, SROCC: 0.618715, KROCC: 0.430567, LOSS: 0.004231
2026-08-20 03:47:46,408 [INFO] Start training
2026-08-20 03:47:46,726 [INFO] Start training epoch 42, 60 iters per inner epoch.
2026-08-20 03:48:04,811 [INFO] Averaged stats: lr: 0.000007  loss: 0.001110
2026-08-20 03:48:04,916 [INFO] local gates: {"epoch": 42, "outer_gate": 0.1204, "refine_gate": 0.2699}
2026-08-20 03:48:04,916 [INFO] Evaluating on val.
Train: data epoch: [42]  [ 0/60]  eta: 0:01:13  lr: 0.000007  loss: 0.0010  time: 1.2278  data: 0.0001  max mem: 10267
Train: data epoch: [42]  [20/60]  eta: 0:00:13  lr: 0.000007  loss: 0.0015  time: 0.2867  data: 0.0000  max mem: 10267
Train: data epoch: [42]  [40/60]  eta: 0:00:06  lr: 0.000007  loss: 0.0012  time: 0.2857  data: 0.0000  max mem: 10267
Train: data epoch: [42]  [59/60]  eta: 0:00:00  lr: 0.000007  loss: 0.0012  time: 0.2843  data: 0.0000  max mem: 10267
Train: data epoch: [42] Total time: 0:00:18 (0.3014 s / it)
2026-08-20 03:48:08,834 [INFO] Qual: EPOCH[42] -> PLCC: 0.844382, SROCC: 0.822791, KROCC: 0.611447, LOSS: 0.002663
2026-08-20 03:48:08,834 [INFO] Align: EPOCH[42] -> PLCC: 0.588617, SROCC: 0.603333, KROCC: 0.418441, LOSS: 0.004745
2026-08-20 03:48:08,835 [INFO] Start training
2026-08-20 03:48:09,191 [INFO] Start training epoch 43, 60 iters per inner epoch.
2026-08-20 03:48:27,495 [INFO] Averaged stats: lr: 0.000006  loss: 0.001141
2026-08-20 03:48:27,605 [INFO] local gates: {"epoch": 43, "outer_gate": 0.1204, "refine_gate": 0.2699}
2026-08-20 03:48:27,606 [INFO] Evaluating on val.
Train: data epoch: [43]  [ 0/60]  eta: 0:01:22  lr: 0.000006  loss: 0.0009  time: 1.3773  data: 0.0001  max mem: 10267
Train: data epoch: [43]  [20/60]  eta: 0:00:13  lr: 0.000006  loss: 0.0008  time: 0.2875  data: 0.0000  max mem: 10267
Train: data epoch: [43]  [40/60]  eta: 0:00:06  lr: 0.000006  loss: 0.0014  time: 0.2875  data: 0.0000  max mem: 10267
Train: data epoch: [43]  [59/60]  eta: 0:00:00  lr: 0.000006  loss: 0.0012  time: 0.2854  data: 0.0000  max mem: 10267
Train: data epoch: [43] Total time: 0:00:18 (0.3051 s / it)
2026-08-20 03:48:31,620 [INFO] Qual: EPOCH[43] -> PLCC: 0.840270, SROCC: 0.818615, KROCC: 0.605898, LOSS: 0.002403
2026-08-20 03:48:31,620 [INFO] Align: EPOCH[43] -> PLCC: 0.568747, SROCC: 0.586377, KROCC: 0.402958, LOSS: 0.004480
2026-08-20 03:48:31,621 [INFO] Start training
2026-08-20 03:48:31,974 [INFO] Start training epoch 44, 60 iters per inner epoch.
2026-08-20 03:48:50,350 [INFO] Averaged stats: lr: 0.000006  loss: 0.001087
2026-08-20 03:48:50,467 [INFO] local gates: {"epoch": 44, "outer_gate": 0.1204, "refine_gate": 0.2699}
2026-08-20 03:48:50,467 [INFO] Evaluating on val.
Train: data epoch: [44]  [ 0/60]  eta: 0:01:25  lr: 0.000006  loss: 0.0007  time: 1.4228  data: 0.0001  max mem: 10267
Train: data epoch: [44]  [20/60]  eta: 0:00:13  lr: 0.000006  loss: 0.0009  time: 0.2876  data: 0.0000  max mem: 10267
Train: data epoch: [44]  [40/60]  eta: 0:00:06  lr: 0.000006  loss: 0.0011  time: 0.2875  data: 0.0000  max mem: 10267
Train: data epoch: [44]  [59/60]  eta: 0:00:00  lr: 0.000006  loss: 0.0016  time: 0.2866  data: 0.0000  max mem: 10267
Train: data epoch: [44] Total time: 0:00:18 (0.3063 s / it)
2026-08-20 03:48:54,408 [INFO] Qual: EPOCH[44] -> PLCC: 0.840792, SROCC: 0.820267, KROCC: 0.607255, LOSS: 0.002757
2026-08-20 03:48:54,408 [INFO] Align: EPOCH[44] -> PLCC: 0.601338, SROCC: 0.612473, KROCC: 0.423800, LOSS: 0.004373
2026-08-20 03:48:54,409 [INFO] Start training
2026-08-20 03:48:54,726 [INFO] Start training epoch 45, 60 iters per inner epoch.
2026-08-20 03:49:13,241 [INFO] Averaged stats: lr: 0.000006  loss: 0.001104
2026-08-20 03:49:13,369 [INFO] local gates: {"epoch": 45, "outer_gate": 0.1204, "refine_gate": 0.2699}
2026-08-20 03:49:13,370 [INFO] Evaluating on val.
Train: data epoch: [45]  [ 0/60]  eta: 0:01:31  lr: 0.000006  loss: 0.0017  time: 1.5172  data: 0.0001  max mem: 10267
Train: data epoch: [45]  [20/60]  eta: 0:00:13  lr: 0.000006  loss: 0.0008  time: 0.2883  data: 0.0000  max mem: 10267
Train: data epoch: [45]  [40/60]  eta: 0:00:06  lr: 0.000006  loss: 0.0013  time: 0.2887  data: 0.0000  max mem: 10267
Train: data epoch: [45]  [59/60]  eta: 0:00:00  lr: 0.000006  loss: 0.0012  time: 0.2871  data: 0.0000  max mem: 10267
Train: data epoch: [45] Total time: 0:00:18 (0.3086 s / it)
2026-08-20 03:49:17,296 [INFO] Qual: EPOCH[45] -> PLCC: 0.835927, SROCC: 0.818892, KROCC: 0.604854, LOSS: 0.002653
2026-08-20 03:49:17,296 [INFO] Align: EPOCH[45] -> PLCC: 0.595556, SROCC: 0.611509, KROCC: 0.423243, LOSS: 0.004286
2026-08-20 03:49:17,309 [INFO] Saving checkpoint at epoch 45 to ../run/20260820033_E3_aigciqa2023/checkpoint_latest.pth.
2026-08-20 03:49:18,840 [INFO] Start training
2026-08-20 03:49:19,168 [INFO] Start training epoch 46, 60 iters per inner epoch.
2026-08-20 03:49:37,374 [INFO] Averaged stats: lr: 0.000006  loss: 0.001040
2026-08-20 03:49:37,481 [INFO] local gates: {"epoch": 46, "outer_gate": 0.1204, "refine_gate": 0.2699}
2026-08-20 03:49:37,482 [INFO] Evaluating on val.
Train: data epoch: [46]  [ 0/60]  eta: 0:01:23  lr: 0.000006  loss: 0.0015  time: 1.3957  data: 0.0001  max mem: 10267
Train: data epoch: [46]  [20/60]  eta: 0:00:13  lr: 0.000006  loss: 0.0010  time: 0.2846  data: 0.0000  max mem: 10267
Train: data epoch: [46]  [40/60]  eta: 0:00:06  lr: 0.000006  loss: 0.0012  time: 0.2860  data: 0.0000  max mem: 10267
Train: data epoch: [46]  [59/60]  eta: 0:00:00  lr: 0.000006  loss: 0.0012  time: 0.2840  data: 0.0000  max mem: 10267
Train: data epoch: [46] Total time: 0:00:18 (0.3034 s / it)
2026-08-20 03:49:41,230 [INFO] Qual: EPOCH[46] -> PLCC: 0.836858, SROCC: 0.813917, KROCC: 0.598382, LOSS: 0.002475
2026-08-20 03:49:41,231 [INFO] Align: EPOCH[46] -> PLCC: 0.611142, SROCC: 0.620890, KROCC: 0.435108, LOSS: 0.004136
2026-08-20 03:49:41,231 [INFO] Start training
2026-08-20 03:49:41,550 [INFO] Start training epoch 47, 60 iters per inner epoch.
2026-08-20 03:49:59,855 [INFO] Averaged stats: lr: 0.000006  loss: 0.000952
2026-08-20 03:49:59,967 [INFO] local gates: {"epoch": 47, "outer_gate": 0.1204, "refine_gate": 0.2699}
2026-08-20 03:49:59,968 [INFO] Evaluating on val.
Train: data epoch: [47]  [ 0/60]  eta: 0:01:20  lr: 0.000006  loss: 0.0013  time: 1.3346  data: 0.0001  max mem: 10267
Train: data epoch: [47]  [20/60]  eta: 0:00:13  lr: 0.000006  loss: 0.0015  time: 0.2885  data: 0.0000  max mem: 10267
Train: data epoch: [47]  [40/60]  eta: 0:00:06  lr: 0.000006  loss: 0.0008  time: 0.2876  data: 0.0000  max mem: 10267
Train: data epoch: [47]  [59/60]  eta: 0:00:00  lr: 0.000006  loss: 0.0015  time: 0.2865  data: 0.0000  max mem: 10267
Train: data epoch: [47] Total time: 0:00:18 (0.3051 s / it)
2026-08-20 03:50:03,812 [INFO] Qual: EPOCH[47] -> PLCC: 0.840776, SROCC: 0.819097, KROCC: 0.606002, LOSS: 0.002558
2026-08-20 03:50:03,812 [INFO] Align: EPOCH[47] -> PLCC: 0.627058, SROCC: 0.637792, KROCC: 0.445755, LOSS: 0.004291
2026-08-20 03:50:03,813 [INFO] Start training
2026-08-20 03:50:04,167 [INFO] Start training epoch 48, 60 iters per inner epoch.
2026-08-20 03:50:22,394 [INFO] Averaged stats: lr: 0.000006  loss: 0.001065
2026-08-20 03:50:22,492 [INFO] local gates: {"epoch": 48, "outer_gate": 0.1204, "refine_gate": 0.2699}
2026-08-20 03:50:22,492 [INFO] Evaluating on val.
Train: data epoch: [48]  [ 0/60]  eta: 0:01:15  lr: 0.000006  loss: 0.0009  time: 1.2666  data: 0.0001  max mem: 10267
Train: data epoch: [48]  [20/60]  eta: 0:00:13  lr: 0.000006  loss: 0.0010  time: 0.2880  data: 0.0000  max mem: 10267
Train: data epoch: [48]  [40/60]  eta: 0:00:06  lr: 0.000006  loss: 0.0013  time: 0.2878  data: 0.0000  max mem: 10267
Train: data epoch: [48]  [59/60]  eta: 0:00:00  lr: 0.000006  loss: 0.0007  time: 0.2863  data: 0.0000  max mem: 10267
Train: data epoch: [48] Total time: 0:00:18 (0.3038 s / it)
2026-08-20 03:50:26,338 [INFO] Qual: EPOCH[48] -> PLCC: 0.834702, SROCC: 0.810456, KROCC: 0.595216, LOSS: 0.002565
2026-08-20 03:50:26,338 [INFO] Align: EPOCH[48] -> PLCC: 0.582369, SROCC: 0.594560, KROCC: 0.410647, LOSS: 0.004403
2026-08-20 03:50:26,339 [INFO] Start training
2026-08-20 03:50:26,661 [INFO] Start training epoch 49, 60 iters per inner epoch.
2026-08-20 03:50:45,163 [INFO] Averaged stats: lr: 0.000006  loss: 0.000956
2026-08-20 03:50:45,293 [INFO] local gates: {"epoch": 49, "outer_gate": 0.1204, "refine_gate": 0.2699}
2026-08-20 03:50:45,294 [INFO] Evaluating on val.
Train: data epoch: [49]  [ 0/60]  eta: 0:01:34  lr: 0.000006  loss: 0.0010  time: 1.5758  data: 0.0001  max mem: 10267
Train: data epoch: [49]  [20/60]  eta: 0:00:13  lr: 0.000006  loss: 0.0009  time: 0.2874  data: 0.0000  max mem: 10267
Train: data epoch: [49]  [40/60]  eta: 0:00:06  lr: 0.000006  loss: 0.0013  time: 0.2869  data: 0.0000  max mem: 10267
Train: data epoch: [49]  [59/60]  eta: 0:00:00  lr: 0.000006  loss: 0.0008  time: 0.2861  data: 0.0000  max mem: 10267
Train: data epoch: [49] Total time: 0:00:18 (0.3084 s / it)
2026-08-20 03:50:49,309 [INFO] Qual: EPOCH[49] -> PLCC: 0.839999, SROCC: 0.814317, KROCC: 0.598869, LOSS: 0.002446
2026-08-20 03:50:49,309 [INFO] Align: EPOCH[49] -> PLCC: 0.586363, SROCC: 0.598982, KROCC: 0.412317, LOSS: 0.004345
2026-08-20 03:50:49,310 [INFO] Start training
2026-08-20 03:50:49,665 [INFO] Start training epoch 50, 60 iters per inner epoch.
2026-08-20 03:51:08,258 [INFO] Averaged stats: lr: 0.000006  loss: 0.000930
2026-08-20 03:51:08,377 [INFO] local gates: {"epoch": 50, "outer_gate": 0.1204, "refine_gate": 0.2699}
2026-08-20 03:51:08,377 [INFO] Evaluating on val.
Train: data epoch: [50]  [ 0/60]  eta: 0:01:27  lr: 0.000005  loss: 0.0008  time: 1.4662  data: 0.0001  max mem: 10267
Train: data epoch: [50]  [20/60]  eta: 0:00:13  lr: 0.000005  loss: 0.0012  time: 0.2894  data: 0.0000  max mem: 10267
Train: data epoch: [50]  [40/60]  eta: 0:00:06  lr: 0.000005  loss: 0.0011  time: 0.2892  data: 0.0000  max mem: 10267
Train: data epoch: [50]  [59/60]  eta: 0:00:00  lr: 0.000005  loss: 0.0010  time: 0.2922  data: 0.0000  max mem: 10267
Train: data epoch: [50] Total time: 0:00:18 (0.3099 s / it)
2026-08-20 03:51:12,368 [INFO] Qual: EPOCH[50] -> PLCC: 0.835458, SROCC: 0.815659, KROCC: 0.600070, LOSS: 0.002484
2026-08-20 03:51:12,368 [INFO] Align: EPOCH[50] -> PLCC: 0.589772, SROCC: 0.610269, KROCC: 0.421173, LOSS: 0.004309
2026-08-20 03:51:12,381 [INFO] Saving checkpoint at epoch 50 to ../run/20260820033_E3_aigciqa2023/checkpoint_latest.pth.
2026-08-20 03:51:14,153 [INFO] Start training
2026-08-20 03:51:14,512 [INFO] Start training epoch 51, 60 iters per inner epoch.
2026-08-20 03:51:32,774 [INFO] Averaged stats: lr: 0.000005  loss: 0.001041
2026-08-20 03:51:32,888 [INFO] local gates: {"epoch": 51, "outer_gate": 0.1204, "refine_gate": 0.2699}
2026-08-20 03:51:32,888 [INFO] Evaluating on val.
Train: data epoch: [51]  [ 0/60]  eta: 0:01:10  lr: 0.000005  loss: 0.0007  time: 1.1731  data: 0.0001  max mem: 10267
Train: data epoch: [51]  [20/60]  eta: 0:00:13  lr: 0.000005  loss: 0.0008  time: 0.2927  data: 0.0000  max mem: 10267
Train: data epoch: [51]  [40/60]  eta: 0:00:06  lr: 0.000005  loss: 0.0009  time: 0.2893  data: 0.0000  max mem: 10267
Train: data epoch: [51]  [59/60]  eta: 0:00:00  lr: 0.000005  loss: 0.0008  time: 0.2866  data: 0.0000  max mem: 10267
Train: data epoch: [51] Total time: 0:00:18 (0.3044 s / it)
2026-08-20 03:51:36,840 [INFO] Qual: EPOCH[51] -> PLCC: 0.841042, SROCC: 0.818036, KROCC: 0.603967, LOSS: 0.002691
2026-08-20 03:51:36,840 [INFO] Align: EPOCH[51] -> PLCC: 0.603786, SROCC: 0.611635, KROCC: 0.423399, LOSS: 0.004242
2026-08-20 03:51:36,841 [INFO] Start training
2026-08-20 03:51:37,166 [INFO] Start training epoch 52, 60 iters per inner epoch.
2026-08-20 03:51:55,442 [INFO] Averaged stats: lr: 0.000005  loss: 0.000980
2026-08-20 03:51:55,551 [INFO] local gates: {"epoch": 52, "outer_gate": 0.1204, "refine_gate": 0.2699}
2026-08-20 03:51:55,551 [INFO] Evaluating on val.
Train: data epoch: [52]  [ 0/60]  eta: 0:01:22  lr: 0.000005  loss: 0.0018  time: 1.3799  data: 0.0001  max mem: 10267
Train: data epoch: [52]  [20/60]  eta: 0:00:13  lr: 0.000005  loss: 0.0005  time: 0.2875  data: 0.0000  max mem: 10267
Train: data epoch: [52]  [40/60]  eta: 0:00:06  lr: 0.000005  loss: 0.0012  time: 0.2864  data: 0.0000  max mem: 10267
Train: data epoch: [52]  [59/60]  eta: 0:00:00  lr: 0.000005  loss: 0.0008  time: 0.2849  data: 0.0000  max mem: 10267
Train: data epoch: [52] Total time: 0:00:18 (0.3046 s / it)
2026-08-20 03:51:59,483 [INFO] Qual: EPOCH[52] -> PLCC: 0.842687, SROCC: 0.823599, KROCC: 0.609638, LOSS: 0.002380
2026-08-20 03:51:59,484 [INFO] Align: EPOCH[52] -> PLCC: 0.592244, SROCC: 0.603161, KROCC: 0.416667, LOSS: 0.004417
2026-08-20 03:51:59,484 [INFO] Start training
2026-08-20 03:51:59,840 [INFO] Start training epoch 53, 60 iters per inner epoch.
2026-08-20 03:52:18,016 [INFO] Averaged stats: lr: 0.000005  loss: 0.000888
2026-08-20 03:52:18,130 [INFO] local gates: {"epoch": 53, "outer_gate": 0.1204, "refine_gate": 0.2699}
2026-08-20 03:52:18,130 [INFO] Evaluating on val.
Train: data epoch: [53]  [ 0/60]  eta: 0:00:59  lr: 0.000005  loss: 0.0009  time: 0.9971  data: 0.0001  max mem: 10267
Train: data epoch: [53]  [20/60]  eta: 0:00:13  lr: 0.000005  loss: 0.0011  time: 0.2989  data: 0.0000  max mem: 10267
Train: data epoch: [53]  [40/60]  eta: 0:00:06  lr: 0.000005  loss: 0.0008  time: 0.2877  data: 0.0000  max mem: 10267
Train: data epoch: [53]  [59/60]  eta: 0:00:00  lr: 0.000005  loss: 0.0010  time: 0.2865  data: 0.0000  max mem: 10267
Train: data epoch: [53] Total time: 0:00:18 (0.3029 s / it)
2026-08-20 03:52:21,868 [INFO] Qual: EPOCH[53] -> PLCC: 0.841051, SROCC: 0.821060, KROCC: 0.607150, LOSS: 0.002528
2026-08-20 03:52:21,868 [INFO] Align: EPOCH[53] -> PLCC: 0.594336, SROCC: 0.606193, KROCC: 0.417015, LOSS: 0.004264
2026-08-20 03:52:21,868 [INFO] Start training
2026-08-20 03:52:22,193 [INFO] Start training epoch 54, 60 iters per inner epoch.
2026-08-20 03:52:40,334 [INFO] Averaged stats: lr: 0.000005  loss: 0.000923
2026-08-20 03:52:40,469 [INFO] local gates: {"epoch": 54, "outer_gate": 0.1204, "refine_gate": 0.2699}
2026-08-20 03:52:40,469 [INFO] Evaluating on val.
Train: data epoch: [54]  [ 0/60]  eta: 0:01:08  lr: 0.000005  loss: 0.0010  time: 1.1372  data: 0.0001  max mem: 10267
Train: data epoch: [54]  [20/60]  eta: 0:00:13  lr: 0.000005  loss: 0.0011  time: 0.2882  data: 0.0000  max mem: 10267
Train: data epoch: [54]  [40/60]  eta: 0:00:06  lr: 0.000005  loss: 0.0016  time: 0.2879  data: 0.0000  max mem: 10267
Train: data epoch: [54]  [59/60]  eta: 0:00:00  lr: 0.000005  loss: 0.0008  time: 0.2882  data: 0.0000  max mem: 10267
Train: data epoch: [54] Total time: 0:00:18 (0.3023 s / it)
2026-08-20 03:52:44,576 [INFO] Qual: EPOCH[54] -> PLCC: 0.844524, SROCC: 0.824827, KROCC: 0.612996, LOSS: 0.002579
2026-08-20 03:52:44,576 [INFO] Align: EPOCH[54] -> PLCC: 0.604451, SROCC: 0.618037, KROCC: 0.427262, LOSS: 0.004639
2026-08-20 03:52:44,577 [INFO] Start training
2026-08-20 03:52:44,928 [INFO] Start training epoch 55, 60 iters per inner epoch.
2026-08-20 03:53:03,189 [INFO] Averaged stats: lr: 0.000005  loss: 0.000874
2026-08-20 03:53:03,298 [INFO] local gates: {"epoch": 55, "outer_gate": 0.1204, "refine_gate": 0.2699}
2026-08-20 03:53:03,299 [INFO] Evaluating on val.
Train: data epoch: [55]  [ 0/60]  eta: 0:01:10  lr: 0.000005  loss: 0.0009  time: 1.1709  data: 0.0001  max mem: 10267
Train: data epoch: [55]  [20/60]  eta: 0:00:13  lr: 0.000005  loss: 0.0016  time: 0.2927  data: 0.0000  max mem: 10267
Train: data epoch: [55]  [40/60]  eta: 0:00:06  lr: 0.000005  loss: 0.0008  time: 0.2895  data: 0.0000  max mem: 10267
Train: data epoch: [55]  [59/60]  eta: 0:00:00  lr: 0.000005  loss: 0.0011  time: 0.2865  data: 0.0000  max mem: 10267
Train: data epoch: [55] Total time: 0:00:18 (0.3044 s / it)
2026-08-20 03:53:07,104 [INFO] Qual: EPOCH[55] -> PLCC: 0.840386, SROCC: 0.817757, KROCC: 0.604193, LOSS: 0.002398
2026-08-20 03:53:07,104 [INFO] Align: EPOCH[55] -> PLCC: 0.596251, SROCC: 0.608294, KROCC: 0.419137, LOSS: 0.004272
2026-08-20 03:53:07,114 [INFO] Saving checkpoint at epoch 55 to ../run/20260820033_E3_aigciqa2023/checkpoint_latest.pth.
2026-08-20 03:53:09,052 [INFO] Start training
2026-08-20 03:53:09,396 [INFO] Start training epoch 56, 60 iters per inner epoch.
2026-08-20 03:53:27,751 [INFO] Averaged stats: lr: 0.000005  loss: 0.000834
2026-08-20 03:53:27,858 [INFO] local gates: {"epoch": 56, "outer_gate": 0.1204, "refine_gate": 0.2699}
2026-08-20 03:53:27,858 [INFO] Evaluating on val.
Train: data epoch: [56]  [ 0/60]  eta: 0:01:17  lr: 0.000005  loss: 0.0008  time: 1.2970  data: 0.0001  max mem: 10267
Train: data epoch: [56]  [20/60]  eta: 0:00:13  lr: 0.000005  loss: 0.0007  time: 0.2899  data: 0.0000  max mem: 10267
Train: data epoch: [56]  [40/60]  eta: 0:00:06  lr: 0.000005  loss: 0.0006  time: 0.2903  data: 0.0000  max mem: 10267
Train: data epoch: [56]  [59/60]  eta: 0:00:00  lr: 0.000005  loss: 0.0006  time: 0.2868  data: 0.0000  max mem: 10267
Train: data epoch: [56] Total time: 0:00:18 (0.3059 s / it)
2026-08-20 03:53:31,914 [INFO] Qual: EPOCH[56] -> PLCC: 0.840690, SROCC: 0.821262, KROCC: 0.608386, LOSS: 0.002410
2026-08-20 03:53:31,914 [INFO] Align: EPOCH[56] -> PLCC: 0.589501, SROCC: 0.602940, KROCC: 0.414301, LOSS: 0.004416
2026-08-20 03:53:31,915 [INFO] Start training
2026-08-20 03:53:32,261 [INFO] Start training epoch 57, 60 iters per inner epoch.
2026-08-20 03:53:50,548 [INFO] Averaged stats: lr: 0.000005  loss: 0.000962
2026-08-20 03:53:50,650 [INFO] local gates: {"epoch": 57, "outer_gate": 0.1204, "refine_gate": 0.2699}
2026-08-20 03:53:50,650 [INFO] Evaluating on val.
Train: data epoch: [57]  [ 0/60]  eta: 0:01:17  lr: 0.000005  loss: 0.0007  time: 1.2951  data: 0.0001  max mem: 10267
Train: data epoch: [57]  [20/60]  eta: 0:00:13  lr: 0.000005  loss: 0.0010  time: 0.2887  data: 0.0000  max mem: 10267
Train: data epoch: [57]  [40/60]  eta: 0:00:06  lr: 0.000005  loss: 0.0012  time: 0.2880  data: 0.0000  max mem: 10267
Train: data epoch: [57]  [59/60]  eta: 0:00:00  lr: 0.000005  loss: 0.0010  time: 0.2871  data: 0.0000  max mem: 10267
Train: data epoch: [57] Total time: 0:00:18 (0.3048 s / it)
2026-08-20 03:53:54,738 [INFO] Qual: EPOCH[57] -> PLCC: 0.840503, SROCC: 0.818449, KROCC: 0.604993, LOSS: 0.002408
2026-08-20 03:53:54,739 [INFO] Align: EPOCH[57] -> PLCC: 0.611862, SROCC: 0.623073, KROCC: 0.429784, LOSS: 0.004201
2026-08-20 03:53:54,739 [INFO] Start training
2026-08-20 03:53:55,095 [INFO] Start training epoch 58, 60 iters per inner epoch.
2026-08-20 03:54:13,616 [INFO] Averaged stats: lr: 0.000004  loss: 0.000863
2026-08-20 03:54:13,722 [INFO] local gates: {"epoch": 58, "outer_gate": 0.1204, "refine_gate": 0.2699}
2026-08-20 03:54:13,722 [INFO] Evaluating on val.
Train: data epoch: [58]  [ 0/60]  eta: 0:01:29  lr: 0.000004  loss: 0.0007  time: 1.4984  data: 0.0001  max mem: 10267
Train: data epoch: [58]  [20/60]  eta: 0:00:13  lr: 0.000004  loss: 0.0008  time: 0.2887  data: 0.0000  max mem: 10267
Train: data epoch: [58]  [40/60]  eta: 0:00:06  lr: 0.000004  loss: 0.0007  time: 0.2899  data: 0.0000  max mem: 10267
Train: data epoch: [58]  [59/60]  eta: 0:00:00  lr: 0.000004  loss: 0.0008  time: 0.2867  data: 0.0000  max mem: 10267
Train: data epoch: [58] Total time: 0:00:18 (0.3087 s / it)
2026-08-20 03:54:17,700 [INFO] Qual: EPOCH[58] -> PLCC: 0.837419, SROCC: 0.818654, KROCC: 0.605793, LOSS: 0.002535
2026-08-20 03:54:17,700 [INFO] Align: EPOCH[58] -> PLCC: 0.601963, SROCC: 0.615935, KROCC: 0.424165, LOSS: 0.004299
2026-08-20 03:54:17,701 [INFO] Start training
2026-08-20 03:54:18,052 [INFO] Start training epoch 59, 60 iters per inner epoch.
2026-08-20 03:54:36,589 [INFO] Averaged stats: lr: 0.000004  loss: 0.000815
2026-08-20 03:54:36,695 [INFO] local gates: {"epoch": 59, "outer_gate": 0.1204, "refine_gate": 0.2699}
2026-08-20 03:54:36,695 [INFO] Evaluating on val.
Train: data epoch: [59]  [ 0/60]  eta: 0:01:33  lr: 0.000004  loss: 0.0009  time: 1.5505  data: 0.0001  max mem: 10267
Train: data epoch: [59]  [20/60]  eta: 0:00:13  lr: 0.000004  loss: 0.0012  time: 0.2888  data: 0.0000  max mem: 10267
Train: data epoch: [59]  [40/60]  eta: 0:00:06  lr: 0.000004  loss: 0.0008  time: 0.2882  data: 0.0000  max mem: 10267
Train: data epoch: [59]  [59/60]  eta: 0:00:00  lr: 0.000004  loss: 0.0010  time: 0.2865  data: 0.0000  max mem: 10267
Train: data epoch: [59] Total time: 0:00:18 (0.3089 s / it)
2026-08-20 03:54:40,660 [INFO] Qual: EPOCH[59] -> PLCC: 0.835602, SROCC: 0.813600, KROCC: 0.598678, LOSS: 0.002506
2026-08-20 03:54:40,660 [INFO] Align: EPOCH[59] -> PLCC: 0.576241, SROCC: 0.594656, KROCC: 0.406106, LOSS: 0.004378
2026-08-20 03:54:40,661 [INFO] Start training
2026-08-20 03:54:41,006 [INFO] Start training epoch 60, 60 iters per inner epoch.
2026-08-20 03:54:59,134 [INFO] Averaged stats: lr: 0.000004  loss: 0.000811
2026-08-20 03:54:59,248 [INFO] local gates: {"epoch": 60, "outer_gate": 0.1204, "refine_gate": 0.2699}
2026-08-20 03:54:59,249 [INFO] Evaluating on val.
Train: data epoch: [60]  [ 0/60]  eta: 0:00:59  lr: 0.000004  loss: 0.0010  time: 0.9922  data: 0.0001  max mem: 10267
Train: data epoch: [60]  [20/60]  eta: 0:00:13  lr: 0.000004  loss: 0.0011  time: 0.2972  data: 0.0000  max mem: 10267
Train: data epoch: [60]  [40/60]  eta: 0:00:06  lr: 0.000004  loss: 0.0008  time: 0.2880  data: 0.0000  max mem: 10267
Train: data epoch: [60]  [59/60]  eta: 0:00:00  lr: 0.000004  loss: 0.0009  time: 0.2856  data: 0.0000  max mem: 10267
Train: data epoch: [60] Total time: 0:00:18 (0.3021 s / it)
2026-08-20 03:55:03,256 [INFO] Qual: EPOCH[60] -> PLCC: 0.841151, SROCC: 0.820333, KROCC: 0.608420, LOSS: 0.002604
2026-08-20 03:55:03,256 [INFO] Align: EPOCH[60] -> PLCC: 0.620207, SROCC: 0.634032, KROCC: 0.442102, LOSS: 0.004047
2026-08-20 03:55:03,273 [INFO] Saving checkpoint at epoch 60 to ../run/20260820033_E3_aigciqa2023/checkpoint_latest.pth.
2026-08-20 03:55:04,756 [INFO] Start training
2026-08-20 03:55:05,091 [INFO] Start training epoch 61, 60 iters per inner epoch.
2026-08-20 03:55:23,668 [INFO] Averaged stats: lr: 0.000004  loss: 0.000803
2026-08-20 03:55:23,764 [INFO] local gates: {"epoch": 61, "outer_gate": 0.1204, "refine_gate": 0.2699}
2026-08-20 03:55:23,764 [INFO] Evaluating on val.
Train: data epoch: [61]  [ 0/60]  eta: 0:01:38  lr: 0.000004  loss: 0.0006  time: 1.6475  data: 0.0001  max mem: 10267
Train: data epoch: [61]  [20/60]  eta: 0:00:14  lr: 0.000004  loss: 0.0009  time: 0.2876  data: 0.0000  max mem: 10267
Train: data epoch: [61]  [40/60]  eta: 0:00:06  lr: 0.000004  loss: 0.0008  time: 0.2866  data: 0.0000  max mem: 10267
Train: data epoch: [61]  [59/60]  eta: 0:00:00  lr: 0.000004  loss: 0.0006  time: 0.2863  data: 0.0000  max mem: 10267
Train: data epoch: [61] Total time: 0:00:18 (0.3096 s / it)
2026-08-20 03:55:27,829 [INFO] Qual: EPOCH[61] -> PLCC: 0.840724, SROCC: 0.817792, KROCC: 0.604523, LOSS: 0.002498
2026-08-20 03:55:27,830 [INFO] Align: EPOCH[61] -> PLCC: 0.606797, SROCC: 0.615490, KROCC: 0.424826, LOSS: 0.004173
2026-08-20 03:55:27,831 [INFO] Start training
2026-08-20 03:55:28,186 [INFO] Start training epoch 62, 60 iters per inner epoch.
2026-08-20 03:55:46,478 [INFO] Averaged stats: lr: 0.000004  loss: 0.000838
2026-08-20 03:55:46,612 [INFO] local gates: {"epoch": 62, "outer_gate": 0.1204, "refine_gate": 0.2699}
2026-08-20 03:55:46,612 [INFO] Evaluating on val.
Train: data epoch: [62]  [ 0/60]  eta: 0:01:08  lr: 0.000004  loss: 0.0011  time: 1.1437  data: 0.0001  max mem: 10267
Train: data epoch: [62]  [20/60]  eta: 0:00:13  lr: 0.000004  loss: 0.0005  time: 0.2962  data: 0.0000  max mem: 10267
Train: data epoch: [62]  [40/60]  eta: 0:00:06  lr: 0.000004  loss: 0.0008  time: 0.2887  data: 0.0000  max mem: 10267
Train: data epoch: [62]  [59/60]  eta: 0:00:00  lr: 0.000004  loss: 0.0008  time: 0.2867  data: 0.0000  max mem: 10267
Train: data epoch: [62] Total time: 0:00:18 (0.3049 s / it)
2026-08-20 03:55:50,473 [INFO] Qual: EPOCH[62] -> PLCC: 0.840409, SROCC: 0.818699, KROCC: 0.607098, LOSS: 0.002401
2026-08-20 03:55:50,473 [INFO] Align: EPOCH[62] -> PLCC: 0.597936, SROCC: 0.608480, KROCC: 0.419520, LOSS: 0.004294
2026-08-20 03:55:50,474 [INFO] Start training
2026-08-20 03:55:50,806 [INFO] Start training epoch 63, 60 iters per inner epoch.
2026-08-20 03:56:09,229 [INFO] Averaged stats: lr: 0.000004  loss: 0.000782
2026-08-20 03:56:09,353 [INFO] local gates: {"epoch": 63, "outer_gate": 0.1204, "refine_gate": 0.2699}
2026-08-20 03:56:09,353 [INFO] Evaluating on val.
Train: data epoch: [63]  [ 0/60]  eta: 0:01:26  lr: 0.000004  loss: 0.0009  time: 1.4337  data: 0.0001  max mem: 10267
Train: data epoch: [63]  [20/60]  eta: 0:00:13  lr: 0.000004  loss: 0.0010  time: 0.2886  data: 0.0000  max mem: 10267
Train: data epoch: [63]  [40/60]  eta: 0:00:06  lr: 0.000004  loss: 0.0006  time: 0.2883  data: 0.0000  max mem: 10267
Train: data epoch: [63]  [59/60]  eta: 0:00:00  lr: 0.000004  loss: 0.0008  time: 0.2867  data: 0.0000  max mem: 10267
Train: data epoch: [63] Total time: 0:00:18 (0.3070 s / it)
2026-08-20 03:56:13,328 [INFO] Qual: EPOCH[63] -> PLCC: 0.842575, SROCC: 0.822335, KROCC: 0.610038, LOSS: 0.002379
2026-08-20 03:56:13,328 [INFO] Align: EPOCH[63] -> PLCC: 0.598571, SROCC: 0.608628, KROCC: 0.419757, LOSS: 0.004207
2026-08-20 03:56:13,329 [INFO] Start training
2026-08-20 03:56:13,687 [INFO] Start training epoch 64, 60 iters per inner epoch.
2026-08-20 03:56:31,643 [INFO] Averaged stats: lr: 0.000004  loss: 0.000722
2026-08-20 03:56:31,755 [INFO] local gates: {"epoch": 64, "outer_gate": 0.1204, "refine_gate": 0.2699}
2026-08-20 03:56:31,755 [INFO] Evaluating on val.
Train: data epoch: [64]  [ 0/60]  eta: 0:01:05  lr: 0.000004  loss: 0.0006  time: 1.0841  data: 0.0001  max mem: 10267
Train: data epoch: [64]  [20/60]  eta: 0:00:13  lr: 0.000004  loss: 0.0005  time: 0.2891  data: 0.0000  max mem: 10267
Train: data epoch: [64]  [40/60]  eta: 0:00:06  lr: 0.000004  loss: 0.0011  time: 0.2876  data: 0.0000  max mem: 10267
Train: data epoch: [64]  [59/60]  eta: 0:00:00  lr: 0.000004  loss: 0.0009  time: 0.2810  data: 0.0000  max mem: 10267
Train: data epoch: [64] Total time: 0:00:17 (0.2993 s / it)
2026-08-20 03:56:35,548 [INFO] Qual: EPOCH[64] -> PLCC: 0.845405, SROCC: 0.820764, KROCC: 0.608351, LOSS: 0.002365
2026-08-20 03:56:35,549 [INFO] Align: EPOCH[64] -> PLCC: 0.601501, SROCC: 0.612727, KROCC: 0.422982, LOSS: 0.004180
2026-08-20 03:56:35,549 [INFO] Start training
2026-08-20 03:56:35,856 [INFO] Start training epoch 65, 60 iters per inner epoch.
2026-08-20 03:56:54,215 [INFO] Averaged stats: lr: 0.000003  loss: 0.000686
2026-08-20 03:56:54,341 [INFO] local gates: {"epoch": 65, "outer_gate": 0.1204, "refine_gate": 0.2699}
2026-08-20 03:56:54,341 [INFO] Evaluating on val.
Train: data epoch: [65]  [ 0/60]  eta: 0:01:31  lr: 0.000003  loss: 0.0008  time: 1.5267  data: 0.0001  max mem: 10267
Train: data epoch: [65]  [20/60]  eta: 0:00:13  lr: 0.000003  loss: 0.0007  time: 0.2846  data: 0.0000  max mem: 10267
Train: data epoch: [65]  [40/60]  eta: 0:00:06  lr: 0.000003  loss: 0.0004  time: 0.2865  data: 0.0000  max mem: 10267
Train: data epoch: [65]  [59/60]  eta: 0:00:00  lr: 0.000003  loss: 0.0008  time: 0.2846  data: 0.0000  max mem: 10267
Train: data epoch: [65] Total time: 0:00:18 (0.3060 s / it)
2026-08-20 03:56:58,212 [INFO] Qual: EPOCH[65] -> PLCC: 0.846129, SROCC: 0.821244, KROCC: 0.609255, LOSS: 0.002339
2026-08-20 03:56:58,212 [INFO] Align: EPOCH[65] -> PLCC: 0.592642, SROCC: 0.602158, KROCC: 0.415727, LOSS: 0.004284
2026-08-20 03:56:58,227 [INFO] Saving checkpoint at epoch 65 to ../run/20260820033_E3_aigciqa2023/checkpoint_latest.pth.
2026-08-20 03:57:00,207 [INFO] Start training
2026-08-20 03:57:00,574 [INFO] Start training epoch 66, 60 iters per inner epoch.
2026-08-20 03:57:18,693 [INFO] Averaged stats: lr: 0.000003  loss: 0.000792
2026-08-20 03:57:18,790 [INFO] local gates: {"epoch": 66, "outer_gate": 0.1204, "refine_gate": 0.2699}
2026-08-20 03:57:18,791 [INFO] Evaluating on val.
Train: data epoch: [66]  [ 0/60]  eta: 0:01:11  lr: 0.000003  loss: 0.0006  time: 1.1980  data: 0.0001  max mem: 10267
Train: data epoch: [66]  [20/60]  eta: 0:00:13  lr: 0.000003  loss: 0.0008  time: 0.2845  data: 0.0000  max mem: 10267
Train: data epoch: [66]  [40/60]  eta: 0:00:06  lr: 0.000003  loss: 0.0006  time: 0.2905  data: 0.0000  max mem: 10267
Train: data epoch: [66]  [59/60]  eta: 0:00:00  lr: 0.000003  loss: 0.0007  time: 0.2852  data: 0.0000  max mem: 10267
Train: data epoch: [66] Total time: 0:00:18 (0.3020 s / it)
2026-08-20 03:57:22,809 [INFO] Qual: EPOCH[66] -> PLCC: 0.836329, SROCC: 0.813392, KROCC: 0.600505, LOSS: 0.002473
2026-08-20 03:57:22,809 [INFO] Align: EPOCH[66] -> PLCC: 0.603218, SROCC: 0.616600, KROCC: 0.425678, LOSS: 0.004142
2026-08-20 03:57:22,810 [INFO] Start training
2026-08-20 03:57:23,128 [INFO] Start training epoch 67, 60 iters per inner epoch.
2026-08-20 03:57:41,376 [INFO] Averaged stats: lr: 0.000003  loss: 0.000745
2026-08-20 03:57:41,472 [INFO] local gates: {"epoch": 67, "outer_gate": 0.1204, "refine_gate": 0.2699}
2026-08-20 03:57:41,473 [INFO] Evaluating on val.
Train: data epoch: [67]  [ 0/60]  eta: 0:01:19  lr: 0.000003  loss: 0.0007  time: 1.3224  data: 0.0001  max mem: 10267
Train: data epoch: [67]  [20/60]  eta: 0:00:13  lr: 0.000003  loss: 0.0010  time: 0.2877  data: 0.0000  max mem: 10267
Train: data epoch: [67]  [40/60]  eta: 0:00:06  lr: 0.000003  loss: 0.0007  time: 0.2862  data: 0.0000  max mem: 10267
Train: data epoch: [67]  [59/60]  eta: 0:00:00  lr: 0.000003  loss: 0.0008  time: 0.2865  data: 0.0000  max mem: 10267
Train: data epoch: [67] Total time: 0:00:18 (0.3041 s / it)
2026-08-20 03:57:45,323 [INFO] Qual: EPOCH[67] -> PLCC: 0.834146, SROCC: 0.813141, KROCC: 0.599948, LOSS: 0.002786
2026-08-20 03:57:45,323 [INFO] Align: EPOCH[67] -> PLCC: 0.588633, SROCC: 0.603347, KROCC: 0.415884, LOSS: 0.004413
2026-08-20 03:57:45,324 [INFO] Start training
2026-08-20 03:57:45,671 [INFO] Start training epoch 68, 60 iters per inner epoch.
2026-08-20 03:58:03,928 [INFO] Averaged stats: lr: 0.000003  loss: 0.000715
2026-08-20 03:58:04,036 [INFO] local gates: {"epoch": 68, "outer_gate": 0.1204, "refine_gate": 0.2699}
2026-08-20 03:58:04,036 [INFO] Evaluating on val.
Train: data epoch: [68]  [ 0/60]  eta: 0:01:16  lr: 0.000003  loss: 0.0008  time: 1.2730  data: 0.0001  max mem: 10267
Train: data epoch: [68]  [20/60]  eta: 0:00:13  lr: 0.000003  loss: 0.0008  time: 0.2900  data: 0.0000  max mem: 10267
Train: data epoch: [68]  [40/60]  eta: 0:00:06  lr: 0.000003  loss: 0.0010  time: 0.2870  data: 0.0000  max mem: 10267
Train: data epoch: [68]  [59/60]  eta: 0:00:00  lr: 0.000003  loss: 0.0007  time: 0.2864  data: 0.0000  max mem: 10267
Train: data epoch: [68] Total time: 0:00:18 (0.3043 s / it)
2026-08-20 03:58:07,988 [INFO] Qual: EPOCH[68] -> PLCC: 0.839532, SROCC: 0.817307, KROCC: 0.604315, LOSS: 0.002413
2026-08-20 03:58:07,988 [INFO] Align: EPOCH[68] -> PLCC: 0.595625, SROCC: 0.611134, KROCC: 0.423469, LOSS: 0.004424
2026-08-20 03:58:07,989 [INFO] Start training
2026-08-20 03:58:08,341 [INFO] Start training epoch 69, 60 iters per inner epoch.
2026-08-20 03:58:26,483 [INFO] Averaged stats: lr: 0.000003  loss: 0.000708
2026-08-20 03:58:26,598 [INFO] local gates: {"epoch": 69, "outer_gate": 0.1204, "refine_gate": 0.2699}
2026-08-20 03:58:26,599 [INFO] Evaluating on val.
Train: data epoch: [69]  [ 0/60]  eta: 0:01:11  lr: 0.000003  loss: 0.0008  time: 1.1924  data: 0.0001  max mem: 10267
Train: data epoch: [69]  [20/60]  eta: 0:00:13  lr: 0.000003  loss: 0.0005  time: 0.2877  data: 0.0000  max mem: 10267
Train: data epoch: [69]  [40/60]  eta: 0:00:06  lr: 0.000003  loss: 0.0005  time: 0.2872  data: 0.0000  max mem: 10267
Train: data epoch: [69]  [59/60]  eta: 0:00:00  lr: 0.000003  loss: 0.0006  time: 0.2867  data: 0.0000  max mem: 10267
Train: data epoch: [69] Total time: 0:00:18 (0.3024 s / it)
2026-08-20 03:58:30,532 [INFO] Qual: EPOCH[69] -> PLCC: 0.842318, SROCC: 0.822225, KROCC: 0.609464, LOSS: 0.002436
2026-08-20 03:58:30,532 [INFO] Align: EPOCH[69] -> PLCC: 0.603411, SROCC: 0.616357, KROCC: 0.426914, LOSS: 0.004550
2026-08-20 03:58:30,532 [INFO] Start training
2026-08-20 03:58:30,866 [INFO] Start training epoch 70, 60 iters per inner epoch.
2026-08-20 03:58:49,329 [INFO] Averaged stats: lr: 0.000003  loss: 0.000694
2026-08-20 03:58:49,449 [INFO] local gates: {"epoch": 70, "outer_gate": 0.1205, "refine_gate": 0.2699}
2026-08-20 03:58:49,449 [INFO] Evaluating on val.
Train: data epoch: [70]  [ 0/60]  eta: 0:01:15  lr: 0.000003  loss: 0.0004  time: 1.2606  data: 0.0001  max mem: 10267
Train: data epoch: [70]  [20/60]  eta: 0:00:13  lr: 0.000003  loss: 0.0011  time: 0.2909  data: 0.0000  max mem: 10267
Train: data epoch: [70]  [40/60]  eta: 0:00:06  lr: 0.000003  loss: 0.0005  time: 0.2948  data: 0.0000  max mem: 10267
Train: data epoch: [70]  [59/60]  eta: 0:00:00  lr: 0.000003  loss: 0.0006  time: 0.2888  data: 0.0000  max mem: 10267
Train: data epoch: [70] Total time: 0:00:18 (0.3077 s / it)
2026-08-20 03:58:53,376 [INFO] Qual: EPOCH[70] -> PLCC: 0.841615, SROCC: 0.817768, KROCC: 0.606263, LOSS: 0.002389
2026-08-20 03:58:53,376 [INFO] Align: EPOCH[70] -> PLCC: 0.597910, SROCC: 0.613148, KROCC: 0.424582, LOSS: 0.004301
2026-08-20 03:58:53,389 [INFO] Saving checkpoint at epoch 70 to ../run/20260820033_E3_aigciqa2023/checkpoint_latest.pth.
2026-08-20 03:58:55,468 [INFO] Start training
2026-08-20 03:58:55,839 [INFO] Start training epoch 71, 60 iters per inner epoch.
2026-08-20 03:59:13,931 [INFO] Averaged stats: lr: 0.000003  loss: 0.000699
2026-08-20 03:59:14,046 [INFO] local gates: {"epoch": 71, "outer_gate": 0.1205, "refine_gate": 0.2699}
2026-08-20 03:59:14,047 [INFO] Evaluating on val.
Train: data epoch: [71]  [ 0/60]  eta: 0:01:14  lr: 0.000003  loss: 0.0008  time: 1.2453  data: 0.0001  max mem: 10267
Train: data epoch: [71]  [20/60]  eta: 0:00:13  lr: 0.000003  loss: 0.0006  time: 0.2886  data: 0.0000  max mem: 10267
Train: data epoch: [71]  [40/60]  eta: 0:00:06  lr: 0.000003  loss: 0.0006  time: 0.2870  data: 0.0000  max mem: 10267
Train: data epoch: [71]  [59/60]  eta: 0:00:00  lr: 0.000003  loss: 0.0008  time: 0.2808  data: 0.0000  max mem: 10267
Train: data epoch: [71] Total time: 0:00:18 (0.3015 s / it)
2026-08-20 03:59:18,029 [INFO] Qual: EPOCH[71] -> PLCC: 0.841093, SROCC: 0.820601, KROCC: 0.608299, LOSS: 0.002384
2026-08-20 03:59:18,029 [INFO] Align: EPOCH[71] -> PLCC: 0.620309, SROCC: 0.631450, KROCC: 0.435891, LOSS: 0.004048
2026-08-20 03:59:18,030 [INFO] Start training
2026-08-20 03:59:18,347 [INFO] Start training epoch 72, 60 iters per inner epoch.
2026-08-20 03:59:36,499 [INFO] Averaged stats: lr: 0.000003  loss: 0.000711
2026-08-20 03:59:36,613 [INFO] local gates: {"epoch": 72, "outer_gate": 0.1205, "refine_gate": 0.2699}
2026-08-20 03:59:36,614 [INFO] Evaluating on val.
Train: data epoch: [72]  [ 0/60]  eta: 0:01:12  lr: 0.000003  loss: 0.0007  time: 1.2124  data: 0.0001  max mem: 10267
Train: data epoch: [72]  [20/60]  eta: 0:00:13  lr: 0.000003  loss: 0.0007  time: 0.2880  data: 0.0000  max mem: 10267
Train: data epoch: [72]  [40/60]  eta: 0:00:06  lr: 0.000003  loss: 0.0010  time: 0.2871  data: 0.0000  max mem: 10267
Train: data epoch: [72]  [59/60]  eta: 0:00:00  lr: 0.000003  loss: 0.0007  time: 0.2864  data: 0.0000  max mem: 10267
Train: data epoch: [72] Total time: 0:00:18 (0.3025 s / it)
2026-08-20 03:59:40,580 [INFO] Qual: EPOCH[72] -> PLCC: 0.841092, SROCC: 0.819953, KROCC: 0.606976, LOSS: 0.002390
2026-08-20 03:59:40,580 [INFO] Align: EPOCH[72] -> PLCC: 0.616883, SROCC: 0.631313, KROCC: 0.438535, LOSS: 0.004210
2026-08-20 03:59:40,581 [INFO] Start training
2026-08-20 03:59:40,940 [INFO] Start training epoch 73, 60 iters per inner epoch.
2026-08-20 03:59:58,975 [INFO] Averaged stats: lr: 0.000003  loss: 0.000678
2026-08-20 03:59:59,067 [INFO] local gates: {"epoch": 73, "outer_gate": 0.1205, "refine_gate": 0.2699}
2026-08-20 03:59:59,067 [INFO] Evaluating on val.
Train: data epoch: [73]  [ 0/60]  eta: 0:01:09  lr: 0.000003  loss: 0.0006  time: 1.1523  data: 0.0001  max mem: 10267
Train: data epoch: [73]  [20/60]  eta: 0:00:13  lr: 0.000003  loss: 0.0006  time: 0.2863  data: 0.0000  max mem: 10267
Train: data epoch: [73]  [40/60]  eta: 0:00:06  lr: 0.000003  loss: 0.0007  time: 0.2865  data: 0.0000  max mem: 10267
Train: data epoch: [73]  [59/60]  eta: 0:00:00  lr: 0.000003  loss: 0.0006  time: 0.2855  data: 0.0000  max mem: 10267
Train: data epoch: [73] Total time: 0:00:18 (0.3006 s / it)
2026-08-20 04:00:03,116 [INFO] Qual: EPOCH[73] -> PLCC: 0.838873, SROCC: 0.817701, KROCC: 0.605167, LOSS: 0.002742
2026-08-20 04:00:03,116 [INFO] Align: EPOCH[73] -> PLCC: 0.598919, SROCC: 0.610236, KROCC: 0.422686, LOSS: 0.004358
2026-08-20 04:00:03,117 [INFO] Start training
2026-08-20 04:00:03,444 [INFO] Start training epoch 74, 60 iters per inner epoch.
2026-08-20 04:00:21,784 [INFO] Averaged stats: lr: 0.000002  loss: 0.000685
2026-08-20 04:00:21,893 [INFO] local gates: {"epoch": 74, "outer_gate": 0.1205, "refine_gate": 0.2699}
2026-08-20 04:00:21,893 [INFO] Evaluating on val.
Train: data epoch: [74]  [ 0/60]  eta: 0:01:27  lr: 0.000002  loss: 0.0006  time: 1.4567  data: 0.0001  max mem: 10267
Train: data epoch: [74]  [20/60]  eta: 0:00:13  lr: 0.000002  loss: 0.0006  time: 0.2872  data: 0.0000  max mem: 10267
Train: data epoch: [74]  [40/60]  eta: 0:00:06  lr: 0.000002  loss: 0.0007  time: 0.2856  data: 0.0000  max mem: 10267
Train: data epoch: [74]  [59/60]  eta: 0:00:00  lr: 0.000002  loss: 0.0006  time: 0.2855  data: 0.0000  max mem: 10267
Train: data epoch: [74] Total time: 0:00:18 (0.3057 s / it)
2026-08-20 04:00:26,000 [INFO] Qual: EPOCH[74] -> PLCC: 0.841158, SROCC: 0.819221, KROCC: 0.606037, LOSS: 0.002514
2026-08-20 04:00:26,001 [INFO] Align: EPOCH[74] -> PLCC: 0.620621, SROCC: 0.628612, KROCC: 0.435769, LOSS: 0.004042
2026-08-20 04:00:26,001 [INFO] Start training
2026-08-20 04:00:26,357 [INFO] Start training epoch 75, 60 iters per inner epoch.
2026-08-20 04:00:44,767 [INFO] Averaged stats: lr: 0.000002  loss: 0.000632
2026-08-20 04:00:44,865 [INFO] local gates: {"epoch": 75, "outer_gate": 0.1205, "refine_gate": 0.2699}
2026-08-20 04:00:44,865 [INFO] Evaluating on val.
Train: data epoch: [75]  [ 0/60]  eta: 0:01:28  lr: 0.000002  loss: 0.0006  time: 1.4706  data: 0.0001  max mem: 10267
Train: data epoch: [75]  [20/60]  eta: 0:00:13  lr: 0.000002  loss: 0.0011  time: 0.2883  data: 0.0000  max mem: 10267
Train: data epoch: [75]  [40/60]  eta: 0:00:06  lr: 0.000002  loss: 0.0005  time: 0.2863  data: 0.0000  max mem: 10267
Train: data epoch: [75]  [59/60]  eta: 0:00:00  lr: 0.000002  loss: 0.0006  time: 0.2865  data: 0.0000  max mem: 10267
Train: data epoch: [75] Total time: 0:00:18 (0.3068 s / it)
2026-08-20 04:00:48,748 [INFO] Qual: EPOCH[75] -> PLCC: 0.842816, SROCC: 0.820244, KROCC: 0.607916, LOSS: 0.002363
2026-08-20 04:00:48,748 [INFO] Align: EPOCH[75] -> PLCC: 0.616531, SROCC: 0.627418, KROCC: 0.434186, LOSS: 0.004058
2026-08-20 04:00:48,759 [INFO] Saving checkpoint at epoch 75 to ../run/20260820033_E3_aigciqa2023/checkpoint_latest.pth.
2026-08-20 04:00:50,748 [INFO] Start training
2026-08-20 04:00:51,126 [INFO] Start training epoch 76, 60 iters per inner epoch.
2026-08-20 04:01:09,266 [INFO] Averaged stats: lr: 0.000002  loss: 0.000628
2026-08-20 04:01:09,367 [INFO] local gates: {"epoch": 76, "outer_gate": 0.1205, "refine_gate": 0.2699}
2026-08-20 04:01:09,368 [INFO] Evaluating on val.
Train: data epoch: [76]  [ 0/60]  eta: 0:01:07  lr: 0.000002  loss: 0.0010  time: 1.1329  data: 0.0001  max mem: 10267
Train: data epoch: [76]  [20/60]  eta: 0:00:13  lr: 0.000002  loss: 0.0007  time: 0.2895  data: 0.0000  max mem: 10267
Train: data epoch: [76]  [40/60]  eta: 0:00:06  lr: 0.000002  loss: 0.0004  time: 0.2886  data: 0.0000  max mem: 10267
Train: data epoch: [76]  [59/60]  eta: 0:00:00  lr: 0.000002  loss: 0.0004  time: 0.2864  data: 0.0000  max mem: 10267
Train: data epoch: [76] Total time: 0:00:18 (0.3023 s / it)
2026-08-20 04:01:13,320 [INFO] Qual: EPOCH[76] -> PLCC: 0.845410, SROCC: 0.820011, KROCC: 0.607411, LOSS: 0.002332
2026-08-20 04:01:13,320 [INFO] Align: EPOCH[76] -> PLCC: 0.614071, SROCC: 0.625330, KROCC: 0.434047, LOSS: 0.004084
2026-08-20 04:01:13,321 [INFO] Start training
2026-08-20 04:01:13,674 [INFO] Start training epoch 77, 60 iters per inner epoch.
2026-08-20 04:01:31,918 [INFO] Averaged stats: lr: 0.000002  loss: 0.000609
2026-08-20 04:01:32,035 [INFO] local gates: {"epoch": 77, "outer_gate": 0.1205, "refine_gate": 0.2699}
2026-08-20 04:01:32,036 [INFO] Evaluating on val.
Train: data epoch: [77]  [ 0/60]  eta: 0:01:14  lr: 0.000002  loss: 0.0007  time: 1.2423  data: 0.0001  max mem: 10267
Train: data epoch: [77]  [20/60]  eta: 0:00:13  lr: 0.000002  loss: 0.0008  time: 0.2906  data: 0.0000  max mem: 10267
Train: data epoch: [77]  [40/60]  eta: 0:00:06  lr: 0.000002  loss: 0.0005  time: 0.2878  data: 0.0000  max mem: 10267
Train: data epoch: [77]  [59/60]  eta: 0:00:00  lr: 0.000002  loss: 0.0006  time: 0.2858  data: 0.0000  max mem: 10267
Train: data epoch: [77] Total time: 0:00:18 (0.3041 s / it)
2026-08-20 04:01:35,987 [INFO] Qual: EPOCH[77] -> PLCC: 0.843302, SROCC: 0.821116, KROCC: 0.609499, LOSS: 0.002355
2026-08-20 04:01:35,987 [INFO] Align: EPOCH[77] -> PLCC: 0.617459, SROCC: 0.632035, KROCC: 0.439318, LOSS: 0.004092
2026-08-20 04:01:35,988 [INFO] Start training
2026-08-20 04:01:36,312 [INFO] Start training epoch 78, 60 iters per inner epoch.
2026-08-20 04:01:54,485 [INFO] Averaged stats: lr: 0.000002  loss: 0.000589
2026-08-20 04:01:54,623 [INFO] local gates: {"epoch": 78, "outer_gate": 0.1205, "refine_gate": 0.2699}
2026-08-20 04:01:54,623 [INFO] Evaluating on val.
Train: data epoch: [78]  [ 0/60]  eta: 0:01:06  lr: 0.000002  loss: 0.0007  time: 1.1070  data: 0.0001  max mem: 10267
Train: data epoch: [78]  [20/60]  eta: 0:00:13  lr: 0.000002  loss: 0.0004  time: 0.2897  data: 0.0000  max mem: 10267
Train: data epoch: [78]  [40/60]  eta: 0:00:06  lr: 0.000002  loss: 0.0006  time: 0.2890  data: 0.0000  max mem: 10267
Train: data epoch: [78]  [59/60]  eta: 0:00:00  lr: 0.000002  loss: 0.0007  time: 0.2887  data: 0.0000  max mem: 10267
Train: data epoch: [78] Total time: 0:00:18 (0.3029 s / it)
2026-08-20 04:01:58,589 [INFO] Qual: EPOCH[78] -> PLCC: 0.843799, SROCC: 0.823563, KROCC: 0.610717, LOSS: 0.002363
2026-08-20 04:01:58,589 [INFO] Align: EPOCH[78] -> PLCC: 0.617451, SROCC: 0.630000, KROCC: 0.436273, LOSS: 0.004061
2026-08-20 04:01:58,590 [INFO] Start training
2026-08-20 04:01:58,948 [INFO] Start training epoch 79, 60 iters per inner epoch.
2026-08-20 04:02:17,421 [INFO] Averaged stats: lr: 0.000002  loss: 0.000616
2026-08-20 04:02:17,531 [INFO] local gates: {"epoch": 79, "outer_gate": 0.1205, "refine_gate": 0.2699}
2026-08-20 04:02:17,531 [INFO] Evaluating on val.
Train: data epoch: [79]  [ 0/60]  eta: 0:01:23  lr: 0.000002  loss: 0.0006  time: 1.3942  data: 0.0001  max mem: 10267
Train: data epoch: [79]  [20/60]  eta: 0:00:13  lr: 0.000002  loss: 0.0004  time: 0.2892  data: 0.0000  max mem: 10267
Train: data epoch: [79]  [40/60]  eta: 0:00:06  lr: 0.000002  loss: 0.0006  time: 0.2918  data: 0.0000  max mem: 10267
Train: data epoch: [79]  [59/60]  eta: 0:00:00  lr: 0.000002  loss: 0.0011  time: 0.2871  data: 0.0000  max mem: 10267
Train: data epoch: [79] Total time: 0:00:18 (0.3079 s / it)
2026-08-20 04:02:21,513 [INFO] Qual: EPOCH[79] -> PLCC: 0.846956, SROCC: 0.825014, KROCC: 0.613152, LOSS: 0.002373
2026-08-20 04:02:21,514 [INFO] Align: EPOCH[79] -> PLCC: 0.623716, SROCC: 0.633934, KROCC: 0.439475, LOSS: 0.004291
2026-08-20 04:02:21,526 [INFO] Saving checkpoint at epoch 79 to ../run/20260820033_E3_aigciqa2023/checkpoint_best.pth.
2026-08-20 04:02:23,257 [INFO] Start training
2026-08-20 04:02:23,619 [INFO] Start training epoch 80, 60 iters per inner epoch.
2026-08-20 04:02:42,407 [INFO] Averaged stats: lr: 0.000002  loss: 0.000579
2026-08-20 04:02:42,523 [INFO] local gates: {"epoch": 80, "outer_gate": 0.1205, "refine_gate": 0.2699}
2026-08-20 04:02:42,523 [INFO] Evaluating on val.
Train: data epoch: [80]  [ 0/60]  eta: 0:01:31  lr: 0.000002  loss: 0.0006  time: 1.5312  data: 0.0001  max mem: 10267
Train: data epoch: [80]  [20/60]  eta: 0:00:14  lr: 0.000002  loss: 0.0006  time: 0.2968  data: 0.0000  max mem: 10267
Train: data epoch: [80]  [40/60]  eta: 0:00:06  lr: 0.000002  loss: 0.0005  time: 0.2931  data: 0.0000  max mem: 10267
Train: data epoch: [80]  [59/60]  eta: 0:00:00  lr: 0.000002  loss: 0.0005  time: 0.2872  data: 0.0000  max mem: 10267
Train: data epoch: [80] Total time: 0:00:18 (0.3131 s / it)
2026-08-20 04:02:46,614 [INFO] Qual: EPOCH[80] -> PLCC: 0.844011, SROCC: 0.822940, KROCC: 0.609534, LOSS: 0.002345
2026-08-20 04:02:46,614 [INFO] Align: EPOCH[80] -> PLCC: 0.629988, SROCC: 0.637723, KROCC: 0.442502, LOSS: 0.003977
2026-08-20 04:02:46,628 [INFO] Saving checkpoint at epoch 80 to ../run/20260820033_E3_aigciqa2023/checkpoint_latest.pth.
2026-08-20 04:02:48,311 [INFO] Start training
2026-08-20 04:02:48,668 [INFO] Start training epoch 81, 60 iters per inner epoch.
2026-08-20 04:03:06,916 [INFO] Averaged stats: lr: 0.000002  loss: 0.000616
2026-08-20 04:03:07,028 [INFO] local gates: {"epoch": 81, "outer_gate": 0.1205, "refine_gate": 0.2699}
2026-08-20 04:03:07,028 [INFO] Evaluating on val.
Train: data epoch: [81]  [ 0/60]  eta: 0:01:28  lr: 0.000002  loss: 0.0006  time: 1.4804  data: 0.0001  max mem: 10267
Train: data epoch: [81]  [20/60]  eta: 0:00:13  lr: 0.000002  loss: 0.0005  time: 0.2888  data: 0.0000  max mem: 10267
Train: data epoch: [81]  [40/60]  eta: 0:00:06  lr: 0.000002  loss: 0.0006  time: 0.2817  data: 0.0000  max mem: 10267
Train: data epoch: [81]  [59/60]  eta: 0:00:00  lr: 0.000002  loss: 0.0004  time: 0.2818  data: 0.0000  max mem: 10267
Train: data epoch: [81] Total time: 0:00:18 (0.3041 s / it)
2026-08-20 04:03:11,082 [INFO] Qual: EPOCH[81] -> PLCC: 0.845814, SROCC: 0.823658, KROCC: 0.611134, LOSS: 0.002352
2026-08-20 04:03:11,082 [INFO] Align: EPOCH[81] -> PLCC: 0.624722, SROCC: 0.636105, KROCC: 0.442067, LOSS: 0.003980
2026-08-20 04:03:11,083 [INFO] Start training
2026-08-20 04:03:11,446 [INFO] Start training epoch 82, 60 iters per inner epoch.
2026-08-20 04:03:29,712 [INFO] Averaged stats: lr: 0.000002  loss: 0.000600
2026-08-20 04:03:29,831 [INFO] local gates: {"epoch": 82, "outer_gate": 0.1205, "refine_gate": 0.2699}
2026-08-20 04:03:29,832 [INFO] Evaluating on val.
Train: data epoch: [82]  [ 0/60]  eta: 0:01:07  lr: 0.000002  loss: 0.0003  time: 1.1297  data: 0.0001  max mem: 10267
Train: data epoch: [82]  [20/60]  eta: 0:00:13  lr: 0.000002  loss: 0.0007  time: 0.2985  data: 0.0000  max mem: 10267
Train: data epoch: [82]  [40/60]  eta: 0:00:06  lr: 0.000002  loss: 0.0007  time: 0.2864  data: 0.0000  max mem: 10267
Train: data epoch: [82]  [59/60]  eta: 0:00:00  lr: 0.000002  loss: 0.0005  time: 0.2860  data: 0.0000  max mem: 10267
Train: data epoch: [82] Total time: 0:00:18 (0.3044 s / it)
2026-08-20 04:03:33,611 [INFO] Qual: EPOCH[82] -> PLCC: 0.843945, SROCC: 0.823689, KROCC: 0.611569, LOSS: 0.002348
2026-08-20 04:03:33,611 [INFO] Align: EPOCH[82] -> PLCC: 0.626578, SROCC: 0.636680, KROCC: 0.441945, LOSS: 0.004051
2026-08-20 04:03:33,612 [INFO] Start training
2026-08-20 04:03:33,971 [INFO] Start training epoch 83, 60 iters per inner epoch.
2026-08-20 04:03:52,305 [INFO] Averaged stats: lr: 0.000002  loss: 0.000600
2026-08-20 04:03:52,401 [INFO] local gates: {"epoch": 83, "outer_gate": 0.1205, "refine_gate": 0.2699}
2026-08-20 04:03:52,401 [INFO] Evaluating on val.
Train: data epoch: [83]  [ 0/60]  eta: 0:01:23  lr: 0.000002  loss: 0.0007  time: 1.3903  data: 0.0001  max mem: 10267
Train: data epoch: [83]  [20/60]  eta: 0:00:13  lr: 0.000002  loss: 0.0004  time: 0.2875  data: 0.0000  max mem: 10267
Train: data epoch: [83]  [40/60]  eta: 0:00:06  lr: 0.000002  loss: 0.0005  time: 0.2874  data: 0.0000  max mem: 10267
Train: data epoch: [83]  [59/60]  eta: 0:00:00  lr: 0.000002  loss: 0.0008  time: 0.2863  data: 0.0000  max mem: 10267
Train: data epoch: [83] Total time: 0:00:18 (0.3056 s / it)
2026-08-20 04:03:56,261 [INFO] Qual: EPOCH[83] -> PLCC: 0.841982, SROCC: 0.821817, KROCC: 0.608733, LOSS: 0.002430
2026-08-20 04:03:56,261 [INFO] Align: EPOCH[83] -> PLCC: 0.625330, SROCC: 0.634450, KROCC: 0.440414, LOSS: 0.004003
2026-08-20 04:03:56,262 [INFO] Start training
2026-08-20 04:03:56,584 [INFO] Start training epoch 84, 60 iters per inner epoch.
2026-08-20 04:04:14,996 [INFO] Averaged stats: lr: 0.000002  loss: 0.000609
2026-08-20 04:04:15,101 [INFO] local gates: {"epoch": 84, "outer_gate": 0.1205, "refine_gate": 0.2699}
2026-08-20 04:04:15,101 [INFO] Evaluating on val.
Train: data epoch: [84]  [ 0/60]  eta: 0:01:34  lr: 0.000002  loss: 0.0005  time: 1.5799  data: 0.0001  max mem: 10267
Train: data epoch: [84]  [20/60]  eta: 0:00:13  lr: 0.000002  loss: 0.0004  time: 0.2870  data: 0.0000  max mem: 10267
Train: data epoch: [84]  [40/60]  eta: 0:00:06  lr: 0.000002  loss: 0.0006  time: 0.2847  data: 0.0000  max mem: 10267
Train: data epoch: [84]  [59/60]  eta: 0:00:00  lr: 0.000002  loss: 0.0004  time: 0.2839  data: 0.0000  max mem: 10267
Train: data epoch: [84] Total time: 0:00:18 (0.3069 s / it)
2026-08-20 04:04:18,931 [INFO] Qual: EPOCH[84] -> PLCC: 0.841435, SROCC: 0.820214, KROCC: 0.605828, LOSS: 0.002385
2026-08-20 04:04:18,931 [INFO] Align: EPOCH[84] -> PLCC: 0.617356, SROCC: 0.628733, KROCC: 0.434638, LOSS: 0.004065
2026-08-20 04:04:18,932 [INFO] Start training
2026-08-20 04:04:19,265 [INFO] Start training epoch 85, 60 iters per inner epoch.
2026-08-20 04:04:37,393 [INFO] Averaged stats: lr: 0.000001  loss: 0.000616
2026-08-20 04:04:37,502 [INFO] local gates: {"epoch": 85, "outer_gate": 0.1205, "refine_gate": 0.2699}
2026-08-20 04:04:37,502 [INFO] Evaluating on val.
Train: data epoch: [85]  [ 0/60]  eta: 0:01:10  lr: 0.000001  loss: 0.0006  time: 1.1802  data: 0.0001  max mem: 10267
Train: data epoch: [85]  [20/60]  eta: 0:00:13  lr: 0.000001  loss: 0.0007  time: 0.2878  data: 0.0000  max mem: 10267
Train: data epoch: [85]  [40/60]  eta: 0:00:06  lr: 0.000001  loss: 0.0011  time: 0.2876  data: 0.0000  max mem: 10267
Train: data epoch: [85]  [59/60]  eta: 0:00:00  lr: 0.000001  loss: 0.0005  time: 0.2866  data: 0.0000  max mem: 10267
Train: data epoch: [85] Total time: 0:00:18 (0.3021 s / it)
2026-08-20 04:04:41,231 [INFO] Qual: EPOCH[85] -> PLCC: 0.841079, SROCC: 0.819088, KROCC: 0.605115, LOSS: 0.002387
2026-08-20 04:04:41,231 [INFO] Align: EPOCH[85] -> PLCC: 0.611704, SROCC: 0.623278, KROCC: 0.432376, LOSS: 0.004082
2026-08-20 04:04:41,241 [INFO] Saving checkpoint at epoch 85 to ../run/20260820033_E3_aigciqa2023/checkpoint_latest.pth.
2026-08-20 04:04:42,401 [INFO] Start training
2026-08-20 04:04:42,715 [INFO] Start training epoch 86, 60 iters per inner epoch.
2026-08-20 04:05:00,639 [INFO] Averaged stats: lr: 0.000001  loss: 0.000554
2026-08-20 04:05:00,749 [INFO] local gates: {"epoch": 86, "outer_gate": 0.1205, "refine_gate": 0.2699}
2026-08-20 04:05:00,749 [INFO] Evaluating on val.
Train: data epoch: [86]  [ 0/60]  eta: 0:00:59  lr: 0.000001  loss: 0.0004  time: 0.9921  data: 0.0001  max mem: 10267
Train: data epoch: [86]  [20/60]  eta: 0:00:12  lr: 0.000001  loss: 0.0008  time: 0.2872  data: 0.0000  max mem: 10267
Train: data epoch: [86]  [40/60]  eta: 0:00:06  lr: 0.000001  loss: 0.0005  time: 0.2871  data: 0.0000  max mem: 10267
Train: data epoch: [86]  [59/60]  eta: 0:00:00  lr: 0.000001  loss: 0.0007  time: 0.2864  data: 0.0000  max mem: 10267
Train: data epoch: [86] Total time: 0:00:17 (0.2987 s / it)
2026-08-20 04:05:05,016 [INFO] Qual: EPOCH[86] -> PLCC: 0.839894, SROCC: 0.817533, KROCC: 0.604001, LOSS: 0.002412
2026-08-20 04:05:05,016 [INFO] Align: EPOCH[86] -> PLCC: 0.624499, SROCC: 0.634939, KROCC: 0.441754, LOSS: 0.004112
2026-08-20 04:05:05,016 [INFO] Start training
2026-08-20 04:05:05,367 [INFO] Start training epoch 87, 60 iters per inner epoch.
2026-08-20 04:05:23,936 [INFO] Averaged stats: lr: 0.000001  loss: 0.000554
2026-08-20 04:05:24,049 [INFO] local gates: {"epoch": 87, "outer_gate": 0.1205, "refine_gate": 0.2699}
2026-08-20 04:05:24,049 [INFO] Evaluating on val.
Train: data epoch: [87]  [ 0/60]  eta: 0:01:09  lr: 0.000001  loss: 0.0005  time: 1.1525  data: 0.0001  max mem: 10267
Train: data epoch: [87]  [20/60]  eta: 0:00:13  lr: 0.000001  loss: 0.0005  time: 0.3066  data: 0.0000  max mem: 10267
Train: data epoch: [87]  [40/60]  eta: 0:00:06  lr: 0.000001  loss: 0.0005  time: 0.2905  data: 0.0000  max mem: 10267
Train: data epoch: [87]  [59/60]  eta: 0:00:00  lr: 0.000001  loss: 0.0005  time: 0.2879  data: 0.0000  max mem: 10267
Train: data epoch: [87] Total time: 0:00:18 (0.3095 s / it)
2026-08-20 04:05:28,038 [INFO] Qual: EPOCH[87] -> PLCC: 0.843922, SROCC: 0.822043, KROCC: 0.609221, LOSS: 0.002348
2026-08-20 04:05:28,038 [INFO] Align: EPOCH[87] -> PLCC: 0.619964, SROCC: 0.630515, KROCC: 0.437874, LOSS: 0.004017
2026-08-20 04:05:28,038 [INFO] Start training
2026-08-20 04:05:28,391 [INFO] Start training epoch 88, 60 iters per inner epoch.
2026-08-20 04:05:46,826 [INFO] Averaged stats: lr: 0.000001  loss: 0.000543
2026-08-20 04:05:46,931 [INFO] local gates: {"epoch": 88, "outer_gate": 0.1205, "refine_gate": 0.2699}
2026-08-20 04:05:46,932 [INFO] Evaluating on val.
Train: data epoch: [88]  [ 0/60]  eta: 0:01:28  lr: 0.000001  loss: 0.0004  time: 1.4805  data: 0.0001  max mem: 10267
Train: data epoch: [88]  [20/60]  eta: 0:00:13  lr: 0.000001  loss: 0.0006  time: 0.2866  data: 0.0000  max mem: 10267
Train: data epoch: [88]  [40/60]  eta: 0:00:06  lr: 0.000001  loss: 0.0008  time: 0.2881  data: 0.0000  max mem: 10267
Train: data epoch: [88]  [59/60]  eta: 0:00:00  lr: 0.000001  loss: 0.0009  time: 0.2872  data: 0.0000  max mem: 10267
Train: data epoch: [88] Total time: 0:00:18 (0.3072 s / it)
2026-08-20 04:05:50,949 [INFO] Qual: EPOCH[88] -> PLCC: 0.841973, SROCC: 0.818944, KROCC: 0.604593, LOSS: 0.002383
2026-08-20 04:05:50,949 [INFO] Align: EPOCH[88] -> PLCC: 0.618222, SROCC: 0.629171, KROCC: 0.436152, LOSS: 0.004042
2026-08-20 04:05:50,950 [INFO] Start training
2026-08-20 04:05:51,308 [INFO] Start training epoch 89, 60 iters per inner epoch.
2026-08-20 04:06:09,821 [INFO] Averaged stats: lr: 0.000001  loss: 0.000599
2026-08-20 04:06:09,942 [INFO] local gates: {"epoch": 89, "outer_gate": 0.1205, "refine_gate": 0.2699}
2026-08-20 04:06:09,942 [INFO] Evaluating on val.
Train: data epoch: [89]  [ 0/60]  eta: 0:01:33  lr: 0.000001  loss: 0.0005  time: 1.5608  data: 0.0001  max mem: 10267
Train: data epoch: [89]  [20/60]  eta: 0:00:13  lr: 0.000001  loss: 0.0005  time: 0.2886  data: 0.0000  max mem: 10267
Train: data epoch: [89]  [40/60]  eta: 0:00:06  lr: 0.000001  loss: 0.0006  time: 0.2874  data: 0.0000  max mem: 10267
Train: data epoch: [89]  [59/60]  eta: 0:00:00  lr: 0.000001  loss: 0.0004  time: 0.2857  data: 0.0000  max mem: 10267
Train: data epoch: [89] Total time: 0:00:18 (0.3085 s / it)
2026-08-20 04:06:13,670 [INFO] Qual: EPOCH[89] -> PLCC: 0.841349, SROCC: 0.820810, KROCC: 0.608055, LOSS: 0.002384
2026-08-20 04:06:13,670 [INFO] Align: EPOCH[89] -> PLCC: 0.624298, SROCC: 0.636098, KROCC: 0.442519, LOSS: 0.004165
2026-08-20 04:06:13,670 [INFO] Start training
2026-08-20 04:06:13,989 [INFO] Start training epoch 90, 60 iters per inner epoch.
2026-08-20 04:06:32,218 [INFO] Averaged stats: lr: 0.000001  loss: 0.000563
2026-08-20 04:06:32,327 [INFO] local gates: {"epoch": 90, "outer_gate": 0.1205, "refine_gate": 0.2699}
2026-08-20 04:06:32,328 [INFO] Evaluating on val.
Train: data epoch: [90]  [ 0/60]  eta: 0:01:19  lr: 0.000001  loss: 0.0005  time: 1.3313  data: 0.0001  max mem: 10267
Train: data epoch: [90]  [20/60]  eta: 0:00:13  lr: 0.000001  loss: 0.0006  time: 0.2877  data: 0.0000  max mem: 10267
Train: data epoch: [90]  [40/60]  eta: 0:00:06  lr: 0.000001  loss: 0.0004  time: 0.2866  data: 0.0000  max mem: 10267
Train: data epoch: [90]  [59/60]  eta: 0:00:00  lr: 0.000001  loss: 0.0007  time: 0.2846  data: 0.0000  max mem: 10267
Train: data epoch: [90] Total time: 0:00:18 (0.3038 s / it)
2026-08-20 04:06:36,170 [INFO] Qual: EPOCH[90] -> PLCC: 0.841295, SROCC: 0.820282, KROCC: 0.607707, LOSS: 0.002444
2026-08-20 04:06:36,170 [INFO] Align: EPOCH[90] -> PLCC: 0.621821, SROCC: 0.635388, KROCC: 0.441701, LOSS: 0.004001
2026-08-20 04:06:36,180 [INFO] Saving checkpoint at epoch 90 to ../run/20260820033_E3_aigciqa2023/checkpoint_latest.pth.
2026-08-20 04:06:37,704 [INFO] Start training
2026-08-20 04:06:38,058 [INFO] Start training epoch 91, 60 iters per inner epoch.
2026-08-20 04:06:56,394 [INFO] Averaged stats: lr: 0.000001  loss: 0.000562
2026-08-20 04:06:56,486 [INFO] local gates: {"epoch": 91, "outer_gate": 0.1205, "refine_gate": 0.2699}
2026-08-20 04:06:56,486 [INFO] Evaluating on val.
Train: data epoch: [91]  [ 0/60]  eta: 0:01:15  lr: 0.000001  loss: 0.0005  time: 1.2564  data: 0.0001  max mem: 10267
Train: data epoch: [91]  [20/60]  eta: 0:00:13  lr: 0.000001  loss: 0.0005  time: 0.2878  data: 0.0000  max mem: 10267
Train: data epoch: [91]  [40/60]  eta: 0:00:06  lr: 0.000001  loss: 0.0005  time: 0.2915  data: 0.0000  max mem: 10267
Train: data epoch: [91]  [59/60]  eta: 0:00:00  lr: 0.000001  loss: 0.0006  time: 0.2890  data: 0.0000  max mem: 10267
Train: data epoch: [91] Total time: 0:00:18 (0.3056 s / it)
2026-08-20 04:07:00,634 [INFO] Qual: EPOCH[91] -> PLCC: 0.844412, SROCC: 0.823518, KROCC: 0.610404, LOSS: 0.002367
2026-08-20 04:07:00,634 [INFO] Align: EPOCH[91] -> PLCC: 0.625635, SROCC: 0.638470, KROCC: 0.445042, LOSS: 0.004019
2026-08-20 04:07:00,635 [INFO] Start training
2026-08-20 04:07:00,981 [INFO] Start training epoch 92, 60 iters per inner epoch.
2026-08-20 04:07:19,124 [INFO] Averaged stats: lr: 0.000001  loss: 0.000550
2026-08-20 04:07:19,249 [INFO] local gates: {"epoch": 92, "outer_gate": 0.1205, "refine_gate": 0.2699}
2026-08-20 04:07:19,249 [INFO] Evaluating on val.
Train: data epoch: [92]  [ 0/60]  eta: 0:01:10  lr: 0.000001  loss: 0.0004  time: 1.1701  data: 0.0001  max mem: 10267
Train: data epoch: [92]  [20/60]  eta: 0:00:13  lr: 0.000001  loss: 0.0005  time: 0.2896  data: 0.0000  max mem: 10267
Train: data epoch: [92]  [40/60]  eta: 0:00:06  lr: 0.000001  loss: 0.0007  time: 0.2879  data: 0.0000  max mem: 10267
Train: data epoch: [92]  [59/60]  eta: 0:00:00  lr: 0.000001  loss: 0.0007  time: 0.2852  data: 0.0000  max mem: 10267
Train: data epoch: [92] Total time: 0:00:18 (0.3024 s / it)
2026-08-20 04:07:22,979 [INFO] Qual: EPOCH[92] -> PLCC: 0.840398, SROCC: 0.818960, KROCC: 0.605115, LOSS: 0.002398
2026-08-20 04:07:22,980 [INFO] Align: EPOCH[92] -> PLCC: 0.611894, SROCC: 0.624771, KROCC: 0.433177, LOSS: 0.004094
2026-08-20 04:07:22,981 [INFO] Start training
2026-08-20 04:07:23,336 [INFO] Start training epoch 93, 60 iters per inner epoch.
2026-08-20 04:07:41,622 [INFO] Averaged stats: lr: 0.000001  loss: 0.000541
2026-08-20 04:07:41,740 [INFO] local gates: {"epoch": 93, "outer_gate": 0.1205, "refine_gate": 0.2699}
2026-08-20 04:07:41,740 [INFO] Evaluating on val.
Train: data epoch: [93]  [ 0/60]  eta: 0:01:25  lr: 0.000001  loss: 0.0005  time: 1.4206  data: 0.0001  max mem: 10267
Train: data epoch: [93]  [20/60]  eta: 0:00:13  lr: 0.000001  loss: 0.0004  time: 0.2855  data: 0.0000  max mem: 10267
Train: data epoch: [93]  [40/60]  eta: 0:00:06  lr: 0.000001  loss: 0.0005  time: 0.2861  data: 0.0000  max mem: 10267
Train: data epoch: [93]  [59/60]  eta: 0:00:00  lr: 0.000001  loss: 0.0007  time: 0.2858  data: 0.0000  max mem: 10267
Train: data epoch: [93] Total time: 0:00:18 (0.3048 s / it)
2026-08-20 04:07:45,646 [INFO] Qual: EPOCH[93] -> PLCC: 0.843145, SROCC: 0.821186, KROCC: 0.607968, LOSS: 0.002368
2026-08-20 04:07:45,646 [INFO] Align: EPOCH[93] -> PLCC: 0.610133, SROCC: 0.624141, KROCC: 0.433403, LOSS: 0.004185
2026-08-20 04:07:45,647 [INFO] Start training
2026-08-20 04:07:46,001 [INFO] Start training epoch 94, 60 iters per inner epoch.
2026-08-20 04:08:04,190 [INFO] Averaged stats: lr: 0.000001  loss: 0.000570
2026-08-20 04:08:04,289 [INFO] local gates: {"epoch": 94, "outer_gate": 0.1205, "refine_gate": 0.2699}
2026-08-20 04:08:04,290 [INFO] Evaluating on val.
Train: data epoch: [94]  [ 0/60]  eta: 0:01:14  lr: 0.000001  loss: 0.0003  time: 1.2408  data: 0.0001  max mem: 10267
Train: data epoch: [94]  [20/60]  eta: 0:00:13  lr: 0.000001  loss: 0.0005  time: 0.2881  data: 0.0000  max mem: 10267
Train: data epoch: [94]  [40/60]  eta: 0:00:06  lr: 0.000001  loss: 0.0006  time: 0.2870  data: 0.0000  max mem: 10267
Train: data epoch: [94]  [59/60]  eta: 0:00:00  lr: 0.000001  loss: 0.0004  time: 0.2865  data: 0.0000  max mem: 10267
Train: data epoch: [94] Total time: 0:00:18 (0.3032 s / it)
2026-08-20 04:08:08,437 [INFO] Qual: EPOCH[94] -> PLCC: 0.841343, SROCC: 0.820461, KROCC: 0.606524, LOSS: 0.002425
2026-08-20 04:08:08,437 [INFO] Align: EPOCH[94] -> PLCC: 0.616306, SROCC: 0.630639, KROCC: 0.437961, LOSS: 0.004136
2026-08-20 04:08:08,438 [INFO] Start training
2026-08-20 04:08:08,797 [INFO] Start training epoch 95, 60 iters per inner epoch.
2026-08-20 04:08:27,206 [INFO] Averaged stats: lr: 0.000001  loss: 0.000549
2026-08-20 04:08:27,316 [INFO] local gates: {"epoch": 95, "outer_gate": 0.1205, "refine_gate": 0.27}
2026-08-20 04:08:27,317 [INFO] Evaluating on val.
Train: data epoch: [95]  [ 0/60]  eta: 0:01:27  lr: 0.000001  loss: 0.0005  time: 1.4586  data: 0.0001  max mem: 10267
Train: data epoch: [95]  [20/60]  eta: 0:00:13  lr: 0.000001  loss: 0.0005  time: 0.2881  data: 0.0000  max mem: 10267
Train: data epoch: [95]  [40/60]  eta: 0:00:06  lr: 0.000001  loss: 0.0006  time: 0.2871  data: 0.0000  max mem: 10267
Train: data epoch: [95]  [59/60]  eta: 0:00:00  lr: 0.000001  loss: 0.0006  time: 0.2865  data: 0.0000  max mem: 10267
Train: data epoch: [95] Total time: 0:00:18 (0.3068 s / it)
2026-08-20 04:08:31,383 [INFO] Qual: EPOCH[95] -> PLCC: 0.841019, SROCC: 0.819446, KROCC: 0.604610, LOSS: 0.002486
2026-08-20 04:08:31,383 [INFO] Align: EPOCH[95] -> PLCC: 0.617211, SROCC: 0.631199, KROCC: 0.438883, LOSS: 0.004178
2026-08-20 04:08:31,396 [INFO] Saving checkpoint at epoch 95 to ../run/20260820033_E3_aigciqa2023/checkpoint_latest.pth.
2026-08-20 04:08:33,270 [INFO] Start training
2026-08-20 04:08:33,632 [INFO] Start training epoch 96, 60 iters per inner epoch.
2026-08-20 04:08:51,856 [INFO] Averaged stats: lr: 0.000001  loss: 0.000567
2026-08-20 04:08:51,977 [INFO] local gates: {"epoch": 96, "outer_gate": 0.1205, "refine_gate": 0.27}
2026-08-20 04:08:51,977 [INFO] Evaluating on val.
Train: data epoch: [96]  [ 0/60]  eta: 0:01:22  lr: 0.000001  loss: 0.0009  time: 1.3733  data: 0.0001  max mem: 10267
Train: data epoch: [96]  [20/60]  eta: 0:00:13  lr: 0.000001  loss: 0.0005  time: 0.2870  data: 0.0000  max mem: 10267
Train: data epoch: [96]  [40/60]  eta: 0:00:06  lr: 0.000001  loss: 0.0006  time: 0.2853  data: 0.0000  max mem: 10267
Train: data epoch: [96]  [59/60]  eta: 0:00:00  lr: 0.000001  loss: 0.0010  time: 0.2843  data: 0.0000  max mem: 10267
Train: data epoch: [96] Total time: 0:00:18 (0.3037 s / it)
2026-08-20 04:08:55,912 [INFO] Qual: EPOCH[96] -> PLCC: 0.838978, SROCC: 0.816680, KROCC: 0.602279, LOSS: 0.002425
2026-08-20 04:08:55,912 [INFO] Align: EPOCH[96] -> PLCC: 0.618640, SROCC: 0.632977, KROCC: 0.440553, LOSS: 0.004020
2026-08-20 04:08:55,913 [INFO] Start training
2026-08-20 04:08:56,277 [INFO] Start training epoch 97, 60 iters per inner epoch.
2026-08-20 04:09:14,443 [INFO] Averaged stats: lr: 0.000001  loss: 0.000538
2026-08-20 04:09:14,551 [INFO] local gates: {"epoch": 97, "outer_gate": 0.1205, "refine_gate": 0.2699}
2026-08-20 04:09:14,551 [INFO] Evaluating on val.
Train: data epoch: [97]  [ 0/60]  eta: 0:01:07  lr: 0.000001  loss: 0.0004  time: 1.1282  data: 0.0001  max mem: 10267
Train: data epoch: [97]  [20/60]  eta: 0:00:13  lr: 0.000001  loss: 0.0005  time: 0.2913  data: 0.0000  max mem: 10267
Train: data epoch: [97]  [40/60]  eta: 0:00:06  lr: 0.000001  loss: 0.0004  time: 0.2886  data: 0.0000  max mem: 10267
Train: data epoch: [97]  [59/60]  eta: 0:00:00  lr: 0.000001  loss: 0.0004  time: 0.2861  data: 0.0000  max mem: 10267
Train: data epoch: [97] Total time: 0:00:18 (0.3027 s / it)
2026-08-20 04:09:18,480 [INFO] Qual: EPOCH[97] -> PLCC: 0.841606, SROCC: 0.820898, KROCC: 0.607203, LOSS: 0.002379
2026-08-20 04:09:18,480 [INFO] Align: EPOCH[97] -> PLCC: 0.623067, SROCC: 0.635353, KROCC: 0.442310, LOSS: 0.004001
2026-08-20 04:09:18,481 [INFO] Start training
2026-08-20 04:09:18,842 [INFO] Start training epoch 98, 60 iters per inner epoch.
2026-08-20 04:09:36,975 [INFO] Averaged stats: lr: 0.000001  loss: 0.000534
2026-08-20 04:09:37,079 [INFO] local gates: {"epoch": 98, "outer_gate": 0.1205, "refine_gate": 0.27}
2026-08-20 04:09:37,080 [INFO] Evaluating on val.
Train: data epoch: [98]  [ 0/60]  eta: 0:01:15  lr: 0.000001  loss: 0.0004  time: 1.2533  data: 0.0001  max mem: 10267
Train: data epoch: [98]  [20/60]  eta: 0:00:13  lr: 0.000001  loss: 0.0006  time: 0.2871  data: 0.0000  max mem: 10267
Train: data epoch: [98]  [40/60]  eta: 0:00:06  lr: 0.000001  loss: 0.0005  time: 0.2861  data: 0.0000  max mem: 10267
Train: data epoch: [98]  [59/60]  eta: 0:00:00  lr: 0.000001  loss: 0.0010  time: 0.2849  data: 0.0000  max mem: 10267
Train: data epoch: [98] Total time: 0:00:18 (0.3022 s / it)
2026-08-20 04:09:41,054 [INFO] Qual: EPOCH[98] -> PLCC: 0.842203, SROCC: 0.820643, KROCC: 0.606576, LOSS: 0.002397
2026-08-20 04:09:41,054 [INFO] Align: EPOCH[98] -> PLCC: 0.624884, SROCC: 0.636043, KROCC: 0.442415, LOSS: 0.004077
2026-08-20 04:09:41,055 [INFO] Start training
2026-08-20 04:09:41,376 [INFO] Start training epoch 99, 60 iters per inner epoch.
2026-08-20 04:09:59,573 [INFO] Averaged stats: lr: 0.000001  loss: 0.000527
2026-08-20 04:09:59,680 [INFO] local gates: {"epoch": 99, "outer_gate": 0.1205, "refine_gate": 0.27}
2026-08-20 04:09:59,681 [INFO] Evaluating on val.
Train: data epoch: [99]  [ 0/60]  eta: 0:01:13  lr: 0.000001  loss: 0.0005  time: 1.2239  data: 0.0001  max mem: 10267
Train: data epoch: [99]  [20/60]  eta: 0:00:13  lr: 0.000001  loss: 0.0005  time: 0.2879  data: 0.0000  max mem: 10267
Train: data epoch: [99]  [40/60]  eta: 0:00:06  lr: 0.000001  loss: 0.0005  time: 0.2884  data: 0.0000  max mem: 10267
Train: data epoch: [99]  [59/60]  eta: 0:00:00  lr: 0.000001  loss: 0.0006  time: 0.2864  data: 0.0000  max mem: 10267
Train: data epoch: [99] Total time: 0:00:18 (0.3033 s / it)
2026-08-20 04:10:03,597 [INFO] Qual: EPOCH[99] -> PLCC: 0.842784, SROCC: 0.820579, KROCC: 0.606681, LOSS: 0.002452
2026-08-20 04:10:03,598 [INFO] Align: EPOCH[99] -> PLCC: 0.626555, SROCC: 0.637680, KROCC: 0.444276, LOSS: 0.004034
2026-08-20 04:10:03,611 [INFO] Saving checkpoint at epoch 99 to ../run/20260820033_E3_aigciqa2023/checkpoint_latest.pth.
[{'agg_metrics': np.float64(3.982247352701472), 'qual_agg': np.float64(2.285122744560522), 'qual_PLCC': np.float64(0.8469560207466168), 'qual_SROCC': np.float64(0.8250143229788323), 'qual_KROCC': np.float64(0.613152400835073), 'align_agg': np.float64(1.6971246081409501), 'align_PLCC': np.float64(0.6237156162037745), 'align_SROCC': np.float64(0.6339343920763544), 'align_KROCC': np.float64(0.4394745998608211)}]
{'agg_metrics': np.float64(3.982247352701472), 'qual_agg': np.float64(2.285122744560522), 'qual_PLCC': np.float64(0.8469560207466168), 'qual_SROCC': np.float64(0.8250143229788323), 'qual_KROCC': np.float64(0.613152400835073), 'align_agg': np.float64(1.6971246081409501), 'align_PLCC': np.float64(0.6237156162037745), 'align_SROCC': np.float64(0.6339343920763544), 'align_KROCC': np.float64(0.4394745998608211)}
